cd /Users/ddanila/fun/msdos/out/ru-repro-43uqhx89/j4/src/MESSAGES && /Users/ddanila/fun/msdos/out/ru-repro-43uqhx89/j4/bin/buildidx USA-MS.MSG
cd /Users/ddanila/fun/msdos/out/ru-repro-43uqhx89/j4/src/MAPPER && /Users/ddanila/fun/msdos/out/ru-repro-43uqhx89/j4/bin/jwasm-masm "-Mx -t -I. -ID:\\TOOLS\\INC" "CHDIR.ASM,CHDIR.OBJ;"
cd /Users/ddanila/fun/msdos/out/ru-repro-43uqhx89/j4/src/MAPPER && /Users/ddanila/fun/msdos/out/ru-repro-43uqhx89/j4/bin/jwasm-masm "-Mx -t -I. -ID:\\TOOLS\\INC" "GETVER.ASM,GETVER.OBJ;"
cd /Users/ddanila/fun/msdos/out/ru-repro-43uqhx89/j4/src/MAPPER && /Users/ddanila/fun/msdos/out/ru-repro-43uqhx89/j4/bin/jwasm-masm "-Mx -t -I. -ID:\\TOOLS\\INC" "F_FIRST.ASM,F_FIRST.OBJ;"
cd /Users/ddanila/fun/msdos/out/ru-repro-43uqhx89/j4/src/MAPPER && /Users/ddanila/fun/msdos/out/ru-repro-43uqhx89/j4/bin/jwasm-masm "-Mx -t -I. -ID:\\TOOLS\\INC" "SET_TOD.ASM,SET_TOD.OBJ;"
macros.inc
macros.inc
macros.inc
F_FIRST.ASM(157) : Warning A4073: Size not specified, assuming: WORD
F_FIRST.ASM(170) : Warning A4073: Size not specified, assuming: WORD
F_FIRST.ASM(186) : Warning A4073: Size not specified, assuming: WORD
find.inc
macros.inc
cd /Users/ddanila/fun/msdos/out/ru-repro-43uqhx89/j4/src/MAPPER && /Users/ddanila/fun/msdos/out/ru-repro-43uqhx89/j4/bin/jwasm-masm "-Mx -t -I. -ID:\\TOOLS\\INC" "WRITE.ASM,WRITE.OBJ;"
cd /Users/ddanila/fun/msdos/out/ru-repro-43uqhx89/j4/src/MAPPER && /Users/ddanila/fun/msdos/out/ru-repro-43uqhx89/j4/bin/jwasm-masm "-Mx -t -I. -ID:\\TOOLS\\INC" "BEEP.ASM,BEEP.OBJ;"
cd /Users/ddanila/fun/msdos/out/ru-repro-43uqhx89/j4/src/MAPPER && /Users/ddanila/fun/msdos/out/ru-repro-43uqhx89/j4/bin/jwasm-masm "-Mx -t -I. -ID:\\TOOLS\\INC" "MKDIR.ASM,MKDIR.OBJ;"
cd /Users/ddanila/fun/msdos/out/ru-repro-43uqhx89/j4/src/MAPPER && /Users/ddanila/fun/msdos/out/ru-repro-43uqhx89/j4/bin/jwasm-masm "-Mx -t -I. -ID:\\TOOLS\\INC" "EXIT.ASM,EXIT.OBJ;"
macros.inc
macros.inc
cd /Users/ddanila/fun/msdos/out/ru-repro-43uqhx89/j4/src/MAPPER && /Users/ddanila/fun/msdos/out/ru-repro-43uqhx89/j4/bin/jwasm-masm "-Mx -t -I. -ID:\\TOOLS\\INC" "DELETE.ASM,DELETE.OBJ;"
macros.inc
macros.inc
cd /Users/ddanila/fun/msdos/out/ru-repro-43uqhx89/j4/src/MAPPER && /Users/ddanila/fun/msdos/out/ru-repro-43uqhx89/j4/bin/jwasm-masm "-Mx -t -I. -ID:\\TOOLS\\INC" "GETCNTRY.ASM,GETCNTRY.OBJ;"
cd /Users/ddanila/fun/msdos/out/ru-repro-43uqhx89/j4/src/MAPPER && /Users/ddanila/fun/msdos/out/ru-repro-43uqhx89/j4/bin/jwasm-masm "-Mx -t -I. -ID:\\TOOLS\\INC" "F_CLOSE.ASM,F_CLOSE.OBJ;"
cd /Users/ddanila/fun/msdos/out/ru-repro-43uqhx89/j4/src/MAPPER && /Users/ddanila/fun/msdos/out/ru-repro-43uqhx89/j4/bin/jwasm-masm "-Mx -t -I. -ID:\\TOOLS\\INC" "OPEN.ASM,OPEN.OBJ;"
F_CLOSE.ASM(86) : Warning A4073: Size not specified, assuming: WORD
macros.inc
macros.inc
find.inc
macros.inc
macros.inc
cd /Users/ddanila/fun/msdos/out/ru-repro-43uqhx89/j4/src/MAPPER && /Users/ddanila/fun/msdos/out/ru-repro-43uqhx89/j4/bin/jwasm-masm "-Mx -t -I. -ID:\\TOOLS\\INC" "READ.ASM,READ.OBJ;"
cd /Users/ddanila/fun/msdos/out/ru-repro-43uqhx89/j4/src/MAPPER && /Users/ddanila/fun/msdos/out/ru-repro-43uqhx89/j4/bin/jwasm-masm "-Mx -t -I. -ID:\\TOOLS\\INC" "RMDIR.ASM,RMDIR.OBJ;"
cd /Users/ddanila/fun/msdos/out/ru-repro-43uqhx89/j4/src/MAPPER && /Users/ddanila/fun/msdos/out/ru-repro-43uqhx89/j4/bin/jwasm-masm "-Mx -t -I. -ID:\\TOOLS\\INC" "QCURDIR.ASM,QCURDIR.OBJ;"
cd /Users/ddanila/fun/msdos/out/ru-repro-43uqhx89/j4/src/MAPPER && /Users/ddanila/fun/msdos/out/ru-repro-43uqhx89/j4/bin/jwasm-masm "-Mx -t -I. -ID:\\TOOLS\\INC" "QCURDSK.ASM,QCURDSK.OBJ;"
macros.inc
macros.inc
macros.inc
cd /Users/ddanila/fun/msdos/out/ru-repro-43uqhx89/j4/src/MAPPER && /Users/ddanila/fun/msdos/out/ru-repro-43uqhx89/j4/bin/jwasm-masm "-Mx -t -I. -ID:\\TOOLS\\INC" "QVERIFY.ASM,QVERIFY.OBJ;"
macros.inc
cd /Users/ddanila/fun/msdos/out/ru-repro-43uqhx89/j4/src/MAPPER && /Users/ddanila/fun/msdos/out/ru-repro-43uqhx89/j4/bin/jwasm-masm "-Mx -t -I. -ID:\\TOOLS\\INC" "QFILEMOD.ASM,QFILEMOD.OBJ;"
cd /Users/ddanila/fun/msdos/out/ru-repro-43uqhx89/j4/src/MAPPER && /Users/ddanila/fun/msdos/out/ru-repro-43uqhx89/j4/bin/jwasm-masm "-Mx -t -I. -ID:\\TOOLS\\INC" "SVERIFY.ASM,SVERIFY.OBJ;"
cd /Users/ddanila/fun/msdos/out/ru-repro-43uqhx89/j4/src/MAPPER && /Users/ddanila/fun/msdos/out/ru-repro-43uqhx89/j4/bin/jwasm-masm "-Mx -t -I. -ID:\\TOOLS\\INC" "SFILEMOD.ASM,SFILEMOD.OBJ;"
macros.inc
macros.inc
macros.inc
cd /Users/ddanila/fun/msdos/out/ru-repro-43uqhx89/j4/src/MAPPER && /Users/ddanila/fun/msdos/out/ru-repro-43uqhx89/j4/bin/jwasm-masm "-Mx -t -I. -ID:\\TOOLS\\INC" "LSEEK.ASM,LSEEK.OBJ;"
cd /Users/ddanila/fun/msdos/out/ru-repro-43uqhx89/j4/src/MAPPER && /Users/ddanila/fun/msdos/out/ru-repro-43uqhx89/j4/bin/jwasm-masm "-Mx -t -I. -ID:\\TOOLS\\INC" "SFILEINF.ASM,SFILEINF.OBJ;"
cd /Users/ddanila/fun/msdos/out/ru-repro-43uqhx89/j4/src/MAPPER && /Users/ddanila/fun/msdos/out/ru-repro-43uqhx89/j4/bin/jwasm-masm "-Mx -t -I. -ID:\\TOOLS\\INC" "CLOSE.ASM,CLOSE.OBJ;"
macros.inc
cd /Users/ddanila/fun/msdos/out/ru-repro-43uqhx89/j4/src/MAPPER && /Users/ddanila/fun/msdos/out/ru-repro-43uqhx89/j4/bin/jwasm-masm "-Mx -t -I. -ID:\\TOOLS\\INC" "ALLOCSEG.ASM,ALLOCSEG.OBJ;"
macros.inc
macros.inc
macros.inc
cd /Users/ddanila/fun/msdos/out/ru-repro-43uqhx89/j4/src/MAPPER && /Users/ddanila/fun/msdos/out/ru-repro-43uqhx89/j4/bin/jwasm-masm "-Mx -t -I. -ID:\\TOOLS\\INC" "FREESEG.ASM,FREESEG.OBJ;"
cd /Users/ddanila/fun/msdos/out/ru-repro-43uqhx89/j4/src/MAPPER && /Users/ddanila/fun/msdos/out/ru-repro-43uqhx89/j4/bin/jwasm-masm "-Mx -t -I. -ID:\\TOOLS\\INC" "SEL_DISK.ASM,SEL_DISK.OBJ;"
cd /Users/ddanila/fun/msdos/out/ru-repro-43uqhx89/j4/src/MAPPER && /Users/ddanila/fun/msdos/out/ru-repro-43uqhx89/j4/bin/jwasm-masm "-Mx -t -I. -ID:\\TOOLS\\INC" "QFSINFO.ASM,QFSINFO.OBJ;"
macros.inc
cd /Users/ddanila/fun/msdos/out/ru-repro-43uqhx89/j4/src/MAPPER && /Users/ddanila/fun/msdos/out/ru-repro-43uqhx89/j4/bin/jwasm-masm "-Mx -t -I. -ID:\\TOOLS\\INC" "F_NEXT.ASM,F_NEXT.OBJ;"
macros.inc
macros.inc
cd /Users/ddanila/fun/msdos/out/ru-repro-43uqhx89/j4/src/MAPPER && /Users/ddanila/fun/msdos/out/ru-repro-43uqhx89/j4/bin/jwasm-masm "-Mx -t -I. -ID:\\TOOLS\\INC" "GETMSG.ASM,GETMSG.OBJ;"
cd /Users/ddanila/fun/msdos/out/ru-repro-43uqhx89/j4/src/MAPPER && /Users/ddanila/fun/msdos/out/ru-repro-43uqhx89/j4/bin/jwasm-masm "-Mx -t -I. -ID:\\TOOLS\\INC" "GET_TOD.ASM,GET_TOD.OBJ;"
F_NEXT.ASM(108) : Warning A4073: Size not specified, assuming: WORD
find.inc
macros.inc
macros.inc
cd /Users/ddanila/fun/msdos/out/ru-repro-43uqhx89/j4/src/MAPPER && /Users/ddanila/fun/msdos/out/ru-repro-43uqhx89/j4/bin/jwasm-masm "-Mx -t -I. -ID:\\TOOLS\\INC" "CHARIN.ASM,CHARIN.OBJ;"
cd /Users/ddanila/fun/msdos/out/ru-repro-43uqhx89/j4/src/MAPPER && /Users/ddanila/fun/msdos/out/ru-repro-43uqhx89/j4/bin/jwasm-masm "-Mx -t -I. -ID:\\TOOLS\\INC" "FLUSHBUF.ASM,FLUSHBUF.OBJ;"
macros.inc
cd /Users/ddanila/fun/msdos/out/ru-repro-43uqhx89/j4/src/MAPPER && /Users/ddanila/fun/msdos/out/ru-repro-43uqhx89/j4/bin/jwasm-masm "-Mx -t -I. -ID:\\TOOLS\\INC" "DEVCONFG.ASM,DEVCONFG.OBJ;"
macros.inc
cd /Users/ddanila/fun/msdos/out/ru-repro-43uqhx89/j4/src/MAPPER && /Users/ddanila/fun/msdos/out/ru-repro-43uqhx89/j4/bin/jwasm-masm "-Mx -t -I. -ID:\\TOOLS\\INC" "REALLSEG.ASM,REALLSEG.OBJ;"
macros.inc
cd /Users/ddanila/fun/msdos/out/ru-repro-43uqhx89/j4/src/MAPPER && /Users/ddanila/fun/msdos/out/ru-repro-43uqhx89/j4/bin/jwasm-masm "-Mx -t -I. -ID:\\TOOLS\\INC" "PUTMSG.ASM,PUTMSG.OBJ;"
macros.inc
cd /Users/ddanila/fun/msdos/out/ru-repro-43uqhx89/j4/src/MAPPER && /Users/ddanila/fun/msdos/out/ru-repro-43uqhx89/j4/bin/jwasm-masm "-Mx -t -I. -ID:\\TOOLS\\INC" "EXECPGM.ASM,EXECPGM.OBJ;"
macros.inc
cd /Users/ddanila/fun/msdos/out/ru-repro-43uqhx89/j4/src/MAPPER && /Users/ddanila/fun/msdos/out/ru-repro-43uqhx89/j4/bin/jwasm-masm "-Mx -t -I. -ID:\\TOOLS\\INC" "QHANDTYP.ASM,QHANDTYP.OBJ;"
macros.inc
cd /Users/ddanila/fun/msdos/out/ru-repro-43uqhx89/j4/src/MAPPER && /Users/ddanila/fun/msdos/out/ru-repro-43uqhx89/j4/bin/jwasm-masm "-Mx -t -I. -ID:\\TOOLS\\INC" "CWAIT.ASM,CWAIT.OBJ;"
macros.inc
cd /Users/ddanila/fun/msdos/out/ru-repro-43uqhx89/j4/src/MAPPER && /Users/ddanila/fun/msdos/out/ru-repro-43uqhx89/j4/bin/jwasm-masm "-Mx -t -I. -ID:\\TOOLS\\INC" "KBDGSTAT.ASM,KBDGSTAT.OBJ;"
macros.inc
cd /Users/ddanila/fun/msdos/out/ru-repro-43uqhx89/j4/src/MAPPER && /Users/ddanila/fun/msdos/out/ru-repro-43uqhx89/j4/bin/jwasm-masm "-Mx -t -I. -ID:\\TOOLS\\INC" "KBDSSTAT.ASM,KBDSSTAT.OBJ;"
macros.inc
macros.inc
cd /Users/ddanila/fun/msdos/out/ru-repro-43uqhx89/j4/src/MAPPER && /Users/ddanila/fun/msdos/out/ru-repro-43uqhx89/j4/bin/jwasm-masm "-Mx -t -I. -ID:\\TOOLS\\INC" "CASEMAP.ASM,CASEMAP.OBJ;"
cd /Users/ddanila/fun/msdos/out/ru-repro-43uqhx89/j4/src/MAPPER && /Users/ddanila/fun/msdos/out/ru-repro-43uqhx89/j4/bin/jwasm-masm "-Mx -t -I. -ID:\\TOOLS\\INC" "DBCS.ASM,DBCS.OBJ;"
macros.inc
macros.inc
cd /Users/ddanila/fun/msdos/out/ru-repro-43uqhx89/j4/src/MAPPER && /Users/ddanila/fun/msdos/out/ru-repro-43uqhx89/j4/bin/jwasm-masm "-Mx -t -I. -ID:\\TOOLS\\INC" "IOCTL.ASM,IOCTL.OBJ;"
cd /Users/ddanila/fun/msdos/out/ru-repro-43uqhx89/j4/src/MAPPER && /Users/ddanila/fun/msdos/out/ru-repro-43uqhx89/j4/bin/jwasm-masm "-Mx -t -I. -ID:\\TOOLS\\INC" "SIGHAND.ASM,SIGHAND.OBJ;"
macros.inc
macros.inc
cd /Users/ddanila/fun/msdos/out/ru-repro-43uqhx89/j4/src/MAPPER && /Users/ddanila/fun/msdos/out/ru-repro-43uqhx89/j4/bin/jwasm-masm "-Mx -t -I. -ID:\\TOOLS\\INC" "ERROR.ASM,ERROR.OBJ;"
cd /Users/ddanila/fun/msdos/out/ru-repro-43uqhx89/j4/src/MAPPER && /Users/ddanila/fun/msdos/out/ru-repro-43uqhx89/j4/bin/jwasm-masm "-Mx -t -I. -ID:\\TOOLS\\INC" "SETINT24.ASM,SETINT24.OBJ;"
macros.inc
macros.inc
cd /Users/ddanila/fun/msdos/out/ru-repro-43uqhx89/j4/src/MAPPER && /Users/ddanila/fun/msdos/out/ru-repro-43uqhx89/j4/bin/jwasm-masm "-Mx -t -I. -ID:\\TOOLS\\INC" "QFILEINF.ASM,QFILEINF.OBJ;"
cd /Users/ddanila/fun/msdos/out/ru-repro-43uqhx89/j4/src/MAPPER && /Users/ddanila/fun/msdos/out/ru-repro-43uqhx89/j4/bin/jwasm-masm "-Mx -t -I. -ID:\\TOOLS\\INC" "SCURPOS.ASM,SCURPOS.OBJ;"
macros.inc
macros.inc
cd /Users/ddanila/fun/msdos/out/ru-repro-43uqhx89/j4/src/MAPPER && /Users/ddanila/fun/msdos/out/ru-repro-43uqhx89/j4/bin/jwasm-masm "-Mx -t -I. -ID:\\TOOLS\\INC" "SCROLLUP.ASM,SCROLLUP.OBJ;"
cd /Users/ddanila/fun/msdos/out/ru-repro-43uqhx89/j4/src/MAPPER && /Users/ddanila/fun/msdos/out/ru-repro-43uqhx89/j4/bin/jwasm-masm "-Mx -t -I. -ID:\\TOOLS\\INC" "WCHSTRA.ASM,WCHSTRA.OBJ;"
macros.inc
macros.inc
cd /Users/ddanila/fun/msdos/out/ru-repro-43uqhx89/j4/src/MAPPER && /Users/ddanila/fun/msdos/out/ru-repro-43uqhx89/j4/bin/jwasm-masm "-Mx -t -I. -ID:\\TOOLS\\INC" "SCNTRY.ASM,SCNTRY.OBJ;"
cd /Users/ddanila/fun/msdos/out/ru-repro-43uqhx89/j4/src/MAPPER && /Users/ddanila/fun/msdos/out/ru-repro-43uqhx89/j4/bin/jwasm-masm "-Mx -t -I. -ID:\\TOOLS\\INC" "SETFSINF.ASM,SETFSINF.OBJ;"
macros.inc
macros.inc
cd /Users/ddanila/fun/msdos/out/ru-repro-43uqhx89/j4/src/MAPPER && /Users/ddanila/fun/msdos/out/ru-repro-43uqhx89/j4/bin/jwasm-masm "-Mx -t -I. -ID:\\TOOLS\\INC" "GMACHMOD.ASM,GMACHMOD.OBJ;"
macros.inc
macros.inc
cd /Users/ddanila/fun/msdos/out/ru-repro-43uqhx89/j4/src/BOOT && /Users/ddanila/fun/msdos/out/ru-repro-43uqhx89/j4/bin/nosrvbld BOOT.SKL "..\MESSAGES\USA-MS.MSG"
cd /Users/ddanila/fun/msdos/out/ru-repro-43uqhx89/j4/src/INC && /Users/ddanila/fun/msdos/out/ru-repro-43uqhx89/j4/bin/jwasm-masm "-Mx -t -I. -ID:\\TOOLS\\INC -I..\\DOS" "NIBDOS.ASM,NIBDOS.OBJ;"
cd /Users/ddanila/fun/msdos/out/ru-repro-43uqhx89/j4/src/INC && /Users/ddanila/fun/msdos/out/ru-repro-43uqhx89/j4/bin/jwasm-masm "-Mx -t -I. -ID:\\TOOLS\\INC -I..\\DOS" "CONST2.ASM,CONST2.OBJ;"
macros.inc
cd /Users/ddanila/fun/msdos/out/ru-repro-43uqhx89/j4/src/INC && /Users/ddanila/fun/msdos/out/ru-repro-43uqhx89/j4/bin/jwasm-masm "-Mx -t -I. -ID:\\TOOLS\\INC -I..\\DOS" "MSDATA.ASM,MSDATA.OBJ;"
dosmac.INC(422) : Warning A4149: Too many arguments in macro call: AsmVar: ,$temp
 dosmac.INC(422): Included by
  DOSSYM.INC(11): Included by
   CONST2.ASM(6): Main line code
dosmac.INC(422) : Warning A4149: Too many arguments in macro call: AsmVar: ,$temp
 dosmac.INC(422): Included by
  DOSSYM.INC(11): Included by
   mshead.asm(11): Included by
    ../DOS/msconst.asm(1): Included by
     NIBDOS.ASM(5): Main line code
... for DOS Version 6.22 ...
DOSSYM in Pass 2
BPB.INC...
... CLONE version build switch on ...
DEVSYM.INC...
... CLONE version build switch on ...
... for DOS Version 6.22 ...
DOSSYM in Pass 2
BPB.INC...
... CLONE version build switch on ...
DEVSYM.INC...
... CLONE version build switch on ...
WARNING!!! Debug fields are being included!!!
cd /Users/ddanila/fun/msdos/out/ru-repro-43uqhx89/j4/src/DOS && /Users/ddanila/fun/msdos/out/ru-repro-43uqhx89/j4/bin/nosrvbld MSDOS.SKL "..\MESSAGES\USA-MS.MSG"
cd /Users/ddanila/fun/msdos/out/ru-repro-43uqhx89/j4/src/INC && /Users/ddanila/fun/msdos/out/ru-repro-43uqhx89/j4/bin/jwasm-masm "-Mx -t -I. -ID:\\TOOLS\\INC -I..\\DOS" "MSTABLE.ASM,MSTABLE.OBJ;"
DOSMAC.INC(422) : Warning A4149: Too many arguments in macro call: AsmVar: ,$temp
 DOSMAC.INC(422): Included by
  MSDATA.ASM(10): Main line code
... CLONE version build switch on ...
DEVSYM.INC...
... CLONE version build switch on ...
XXX... pass 1
XXX... pass 2
cd /Users/ddanila/fun/msdos/out/ru-repro-43uqhx89/j4/src/INC && /Users/ddanila/fun/msdos/out/ru-repro-43uqhx89/j4/bin/wcc "-AS -Od -Zp -I. -I..\\H -c -FoOWERRTST.OBJ ERRTST.C"
dosmac.INC(422) : Warning A4149: Too many arguments in macro call: AsmVar: ,$temp
 dosmac.INC(422): Included by
  dossym.inc(11): Included by
   ../DOS/ms_table.asm(6): Included by
    MSTABLE.ASM(14): Main line code
... CLONE version build switch on ...
... for DOS Version 6.22 ...
DOSSYM in Pass 2
BPB.INC...
... CLONE version build switch on ...
cd /Users/ddanila/fun/msdos/out/ru-repro-43uqhx89/j4/src/INC && /Users/ddanila/fun/msdos/out/ru-repro-43uqhx89/j4/bin/wcc "-AS -Od -Zp -I. -I..\\H -c -FoOWSYSVAR.OBJ SYSVAR.C"
cd /Users/ddanila/fun/msdos/out/ru-repro-43uqhx89/j4/src/INC && /Users/ddanila/fun/msdos/out/ru-repro-43uqhx89/j4/bin/wcc "-AS -Od -Zp -I. -I..\\H -c -FoOWCDS.OBJ CDS.C"
cd /Users/ddanila/fun/msdos/out/ru-repro-43uqhx89/j4/src/INC && /Users/ddanila/fun/msdos/out/ru-repro-43uqhx89/j4/bin/wcc "-AS -Od -Zp -I. -I..\\H -c -FoOWDPB.OBJ DPB.C"
SYSVAR.C(28): Warning! W107: Missing return value for function 'GetVars'
SYSVAR.C(54): Warning! W107: Missing return value for function 'PutVars'
/var/folders/s1/jvvnpwf50tjbhq2t_dzzxssm0000gn/T/wcc-includes-xyong77b/1/jointype.h(5): Warning! W140: Definition of macro 'NULL' not identical to previous definition
/var/folders/s1/jvvnpwf50tjbhq2t_dzzxssm0000gn/T/wcc-includes-xyong77b/1/jointype.h(5): Note! N2002: 'NULL' defined in: /Users/ddanila/fun/msdos/out/ru-repro-43uqhx89/j4/watcom/h/stdio.h(140)
ERRTST.C(39): Warning! W131: No prototype found for function 'curdir'
ERRTST.C(45): Warning! W131: No prototype found for function 'strpre'
ERRTST.C(49): Warning! W131: No prototype found for function 'testkanj'
cd /Users/ddanila/fun/msdos/out/ru-repro-43uqhx89/j4/src/BIOS && /Users/ddanila/fun/msdos/out/ru-repro-43uqhx89/j4/bin/nosrvbld MSBIO.SKL "..\MESSAGES\USA-MS.MSG"
cd /Users/ddanila/fun/msdos/out/ru-repro-43uqhx89/j4/src/BIOS && /Users/ddanila/fun/msdos/out/ru-repro-43uqhx89/j4/bin/jwasm-masm "-Mx -t -I. -ID:\\TOOLS\\INC -I..\\INC" "MSBIO1.ASM,MSBIO1.OBJ;"
cd /Users/ddanila/fun/msdos/out/ru-repro-43uqhx89/j4/src/BIOS && /Users/ddanila/fun/msdos/out/ru-repro-43uqhx89/j4/bin/jwasm-masm "-Mx -t -I. -ID:\\TOOLS\\INC -I..\\INC" "MSCON.ASM,MSCON.OBJ;"
cd /Users/ddanila/fun/msdos/out/ru-repro-43uqhx89/j4/src/BIOS && /Users/ddanila/fun/msdos/out/ru-repro-43uqhx89/j4/bin/jwasm-masm "-Mx -t -I. -ID:\\TOOLS\\INC -I..\\INC" "MSAUX.ASM,MSAUX.OBJ;"
MSCON.ASM(149) : Warning A4073: Size not specified, assuming: WORD
MSCON.ASM(156) : Warning A4149: Too many arguments in macro call: Message: FTESTCON,<"SYSTEM WAIT STAGE",CR,LF>
MSCON.ASM(161) : Warning A4149: Too many arguments in macro call: Message: FTESTCON,<"OUT OF WAIT. AX IS ">
MSCON.ASM(162) : Warning A4149: Too many arguments in macro call: MNUM: FTESTCON,AX
MSCON.ASM(163) : Warning A4149: Too many arguments in macro call: Message: FTESTCON,<CR,LF>
...MSCON.ASM
MSEQU.INC...
MSBDS.INC...
cd /Users/ddanila/fun/msdos/out/ru-repro-43uqhx89/j4/src/BIOS && /Users/ddanila/fun/msdos/out/ru-repro-43uqhx89/j4/bin/jwasm-masm "-Mx -t -I. -ID:\\TOOLS\\INC -I..\\INC" "MSLPT.ASM,MSLPT.OBJ;"
cd /Users/ddanila/fun/msdos/out/ru-repro-43uqhx89/j4/src/BIOS && /Users/ddanila/fun/msdos/out/ru-repro-43uqhx89/j4/bin/jwasm-masm "-Mx -t -I. -ID:\\TOOLS\\INC -I..\\INC" "MSCLOCK.ASM,MSCLOCK.OBJ;"
...MSBIO1.ASM
DEVSYM.INC...
cd /Users/ddanila/fun/msdos/out/ru-repro-43uqhx89/j4/src/BIOS && /Users/ddanila/fun/msdos/out/ru-repro-43uqhx89/j4/bin/jwasm-masm "-Mx -t -I. -ID:\\TOOLS\\INC -I..\\INC" "MSDISK.ASM,MSDISK.OBJ;"
cd /Users/ddanila/fun/msdos/out/ru-repro-43uqhx89/j4/src/BIOS && /Users/ddanila/fun/msdos/out/ru-repro-43uqhx89/j4/bin/jwasm-masm "-Mx -t -I. -ID:\\TOOLS\\INC -I..\\INC" "MSHARD.ASM,MSHARD.OBJ;"
...MSLPT.ASM
MSEQU.INC...
MSBDS.INC...
DEVSYM.INC...
IOCTL.INC...
BPB.INC...
cd /Users/ddanila/fun/msdos/out/ru-repro-43uqhx89/j4/src/BIOS && /Users/ddanila/fun/msdos/out/ru-repro-43uqhx89/j4/bin/jwasm-masm "-Mx -t -I. -ID:\\TOOLS\\INC -I..\\INC" "MSINIT.ASM,MSINIT.OBJ;"
cd /Users/ddanila/fun/msdos/out/ru-repro-43uqhx89/j4/src/DOS && /Users/ddanila/fun/msdos/out/ru-repro-43uqhx89/j4/bin/jwasm-masm "-Mx -t -I. -ID:\\TOOLS\\INC -I..\\INC" "MSDISP.ASM,MSDISP.OBJ;"
MSMEDIA.INC(6) : Warning A4149: Too many arguments in macro call: Message: FTESTDISK,<"DISK MEDIA CHECK ">
 MSMEDIA.INC(6): Included by
  MSDISK.ASM(280): Main line code
MSMEDIA.INC(7) : Warning A4149: Too many arguments in macro call: MNUM: FTESTDISK,AX
 MSMEDIA.INC(7): Included by
  MSDISK.ASM(280): Main line code
MSMEDIA.INC(8) : Warning A4149: Too many arguments in macro call: Message: FTESTDISK,<CR,LF>
 MSMEDIA.INC(8): Included by
  MSDISK.ASM(280): Main line code
MSMEDIA.INC(91) : Warning A4149: Too many arguments in macro call: Message: FTESTCOM,<"ERR$EXITJ: ">
 MSMEDIA.INC(91): Included by
  MSDISK.ASM(280): Main line code
MSMEDIA.INC(92) : Warning A4149: Too many arguments in macro call: MNUM: FTESTCOM,AX
 MSMEDIA.INC(92): Included by
  MSDISK.ASM(280): Main line code
MSMEDIA.INC(93) : Warning A4149: Too many arguments in macro call: Message: FTESTCOM,<" == ">
 MSMEDIA.INC(93): Included by
  MSDISK.ASM(280): Main line code
MSMEDIA.INC(95) : Warning A4149: Too many arguments in macro call: MNUM: FTESTCOM,AX
 MSMEDIA.INC(95): Included by
  MSDISK.ASM(280): Main line code
MSMEDIA.INC(96) : Warning A4149: Too many arguments in macro call: Message: FTESTCOM,<CR,LF>
 MSMEDIA.INC(96): Included by
  MSDISK.ASM(280): Main line code
MSMEDIA.INC(170) : Warning A4149: Too many arguments in macro call: Message: FTESTDISK,<"DISK BUILD BPB ">
 MSMEDIA.INC(170): Included by
  MSDISK.ASM(280): Main line code
MSMEDIA.INC(171) : Warning A4149: Too many arguments in macro call: MNUM: FTESTDISK,AX
 MSMEDIA.INC(171): Included by
  MSDISK.ASM(280): Main line code
MSMEDIA.INC(172) : Warning A4149: Too many arguments in macro call: Message: FTESTDISK,<CR,LF>
 MSMEDIA.INC(172): Included by
  MSDISK.ASM(280): Main line code
MSMEDIA.INC(197) : Warning A4149: Too many arguments in macro call: Message: FTESTDISK,<"SET VOLUME ID">
 MSMEDIA.INC(197): Included by
  MSDISK.ASM(280): Main line code
MSMEDIA.INC(198) : Warning A4149: Too many arguments in macro call: MNUM: FTESTDISK,DI
 MSMEDIA.INC(198): Included by
  MSDISK.ASM(280): Main line code
MSMEDIA.INC(199) : Warning A4149: Too many arguments in macro call: Message: FTESTDISK,<"  ">
 MSMEDIA.INC(199): Included by
  MSDISK.ASM(280): Main line code
MSMEDIA.INC(200) : Warning A4149: Too many arguments in macro call: MNUM: FTESTDISK,DS
 MSMEDIA.INC(200): Included by
  MSDISK.ASM(280): Main line code
MSMEDIA.INC(201) : Warning A4149: Too many arguments in macro call: Message: FTESTDISK,<CR,LF>
 MSMEDIA.INC(201): Included by
  MSDISK.ASM(280): Main line code
MSMEDIA.INC(291) : Warning A4149: Too many arguments in macro call: Message: FTESTDISK,<"BUILDING BPB FROM SCRATCH",CR,LF>
 MSMEDIA.INC(291): Included by
  MSDISK.ASM(280): Main line code
MSMEDIA.INC(508) : Warning A4149: Too many arguments in macro call: Message: FTESTDISK,<"ERROR IN READBOOT",CR,LF>
 MSMEDIA.INC(508): Included by
  MSDISK.ASM(280): Main line code
MSMEDIA.INC(622) : Warning A4149: Too many arguments in macro call: Message: FTESTDISK,<"ERROR IN FAT READ",CR,LF>
 MSMEDIA.INC(622): Included by
  MSDISK.ASM(280): Main line code
MSDSKHIG.INC(100) : Warning A4149: Too many arguments in macro call: Message: FTESTDISK,<"DISK REMOVABLE ">
 MSDSKHIG.INC(100): Included by
  MSDISK.ASM(300): Main line code
MSDSKHIG.INC(101) : Warning A4149: Too many arguments in macro call: MNUM: FTESTDISK,AX
 MSDSKHIG.INC(101): Included by
  MSDISK.ASM(300): Main line code
MSDSKHIG.INC(102) : Warning A4149: Too many arguments in macro call: Message: FTESTDISK,<CR,LF>
 MSDSKHIG.INC(102): Included by
  MSDISK.ASM(300): Main line code
MSDSKHIG.INC(122) : Warning A4149: Too many arguments in macro call: Message: FTESTDISK,<"SETDRIVE",CR,LF>
 MSDSKHIG.INC(122): Included by
  MSDISK.ASM(300): Main line code
MSDSKHIG.INC(162) : Warning A4149: Too many arguments in macro call: Message: FTESTDISK,<"DISK WRITE WITH VERIFY ">
 MSDSKHIG.INC(162): Included by
  MSDISK.ASM(300): Main line code
MSDSKHIG.INC(163) : Warning A4149: Too many arguments in macro call: MNUM: FTESTDISK,AX
 MSDSKHIG.INC(163): Included by
  MSDISK.ASM(300): Main line code
MSDSKHIG.INC(164) : Warning A4149: Too many arguments in macro call: Message: FTESTDISK,<" ">
 MSDSKHIG.INC(164): Included by
  MSDISK.ASM(300): Main line code
MSDSKHIG.INC(165) : Warning A4149: Too many arguments in macro call: MNUM: FTESTDISK,DX
 MSDSKHIG.INC(165): Included by
  MSDISK.ASM(300): Main line code
MSDSKHIG.INC(166) : Warning A4149: Too many arguments in macro call: Message: FTESTDISK,<" FOR ">
 MSDSKHIG.INC(166): Included by
  MSDISK.ASM(300): Main line code
MSDSKHIG.INC(167) : Warning A4149: Too many arguments in macro call: MNUM: FTESTDISK,CX
 MSDSKHIG.INC(167): Included by
  MSDISK.ASM(300): Main line code
MSDSKHIG.INC(168) : Warning A4149: Too many arguments in macro call: Message: FTESTDISK,<CR,LF>
 MSDSKHIG.INC(168): Included by
  MSDISK.ASM(300): Main line code
MSDSKHIG.INC(174) : Warning A4149: Too many arguments in macro call: Message: FTESTDISK,<"DISK WRITE ">
 MSDSKHIG.INC(174): Included by
  MSDISK.ASM(300): Main line code
MSDSKHIG.INC(175) : Warning A4149: Too many arguments in macro call: MNUM: FTESTDISK,AX
 MSDSKHIG.INC(175): Included by
  MSDISK.ASM(300): Main line code
MSDSKHIG.INC(176) : Warning A4149: Too many arguments in macro call: Message: FTESTDISK,<" ">
 MSDSKHIG.INC(176): Included by
  MSDISK.ASM(300): Main line code
MSDSKHIG.INC(177) : Warning A4149: Too many arguments in macro call: MNUM: FTESTDISK,DX
 MSDSKHIG.INC(177): Included by
  MSDISK.ASM(300): Main line code
MSDSKHIG.INC(178) : Warning A4149: Too many arguments in macro call: Message: FTESTDISK,<" FOR ">
 MSDSKHIG.INC(178): Included by
  MSDISK.ASM(300): Main line code
MSDSKHIG.INC(179) : Warning A4149: Too many arguments in macro call: MNUM: FTESTDISK,CX
 MSDSKHIG.INC(179): Included by
  MSDISK.ASM(300): Main line code
MSDSKHIG.INC(180) : Warning A4149: Too many arguments in macro call: Message: FTESTDISK,<CR,LF>
 MSDSKHIG.INC(180): Included by
  MSDISK.ASM(300): Main line code
MSDSKHIG.INC(194) : Warning A4149: Too many arguments in macro call: Message: FTESTDISK,<"DISK READ ">
 MSDSKHIG.INC(194): Included by
  MSDISK.ASM(300): Main line code
MSDSKHIG.INC(195) : Warning A4149: Too many arguments in macro call: MNUM: FTESTDISK,AX
 MSDSKHIG.INC(195): Included by
  MSDISK.ASM(300): Main line code
MSDSKHIG.INC(196) : Warning A4149: Too many arguments in macro call: Message: FTESTDISK,<" ">
 MSDSKHIG.INC(196): Included by
  MSDISK.ASM(300): Main line code
MSDSKHIG.INC(197) : Warning A4149: Too many arguments in macro call: MNUM: FTESTDISK,DX
 MSDSKHIG.INC(197): Included by
  MSDISK.ASM(300): Main line code
MSDSKHIG.INC(198) : Warning A4149: Too many arguments in macro call: Message: FTESTDISK,<" FOR ">
 MSDSKHIG.INC(198): Included by
  MSDISK.ASM(300): Main line code
MSDSKHIG.INC(199) : Warning A4149: Too many arguments in macro call: MNUM: FTESTDISK,CX
 MSDSKHIG.INC(199): Included by
  MSDISK.ASM(300): Main line code
MSDSKHIG.INC(200) : Warning A4149: Too many arguments in macro call: Message: FTESTDISK,<CR,LF>
 MSDSKHIG.INC(200): Included by
  MSDISK.ASM(300): Main line code
MSDSKHIG.INC(844) : Warning A4149: Too many arguments in macro call: Message: FTESTINIT,<"<">
 MSDSKHIG.INC(844): Included by
  MSDISK.ASM(300): Main line code
MSDSKHIG.INC(845) : Warning A4149: Too many arguments in macro call: MNUM: FTESTINIT,AX
 MSDSKHIG.INC(845): Included by
  MSDISK.ASM(300): Main line code
MSDSKHIG.INC(846) : Warning A4149: Too many arguments in macro call: Message: FTESTINIT,<",">
 MSDSKHIG.INC(846): Included by
  MSDISK.ASM(300): Main line code
MSDSKHIG.INC(847) : Warning A4149: Too many arguments in macro call: MNUM: FTESTINIT,ES
 MSDSKHIG.INC(847): Included by
  MSDISK.ASM(300): Main line code
MSDSKHIG.INC(848) : Warning A4149: Too many arguments in macro call: Message: FTESTINIT,<":">
 MSDSKHIG.INC(848): Included by
  MSDISK.ASM(300): Main line code
MSDSKHIG.INC(849) : Warning A4149: Too many arguments in macro call: MNUM: FTESTINIT
 MSDSKHIG.INC(849): Included by
  MSDISK.ASM(300): Main line code
MSDSKHIG.INC(850) : Warning A4149: Too many arguments in macro call: Message: FTESTINIT,<",">
 MSDSKHIG.INC(850): Included by
  MSDISK.ASM(300): Main line code
MSDSKHIG.INC(851) : Warning A4149: Too many arguments in macro call: MNUM: FTESTINIT,CX
 MSDSKHIG.INC(851): Included by
  MSDISK.ASM(300): Main line code
MSDSKHIG.INC(852) : Warning A4149: Too many arguments in macro call: Message: FTESTINIT,<",">
 MSDSKHIG.INC(852): Included by
  MSDISK.ASM(300): Main line code
MSDSKHIG.INC(853) : Warning A4149: Too many arguments in macro call: MNUM: FTESTINIT,DX
 MSDSKHIG.INC(853): Included by
  MSDISK.ASM(300): Main line code
MSDSKHIG.INC(854) : Warning A4149: Too many arguments in macro call: Message: FTESTINIT,<">">
 MSDSKHIG.INC(854): Included by
  MSDISK.ASM(300): Main line code
MSDSKHIG.INC(1278) : Warning A4149: Too many arguments in macro call: Message: ftestDisk,<"!!!DMA DoBlock!!!">
 MSDSKHIG.INC(1278): Included by
  MSDISK.ASM(300): Main line code
MSDSKHIG.INC(1306) : Warning A4149: Too many arguments in macro call: Message: ftestDisk,<"%%DMA DoBlock Loop%%">
 MSDSKHIG.INC(1306): Included by
  MSDISK.ASM(300): Main line code
MSIOCTL.INC(75) : Warning A4149: Too many arguments in macro call: Message: FTESTDISK,<"GENERIC IOCTL",CR,LF>
 MSIOCTL.INC(75): Included by
  MSDSKHIG.INC(1424): Included by
   MSDISK.ASM(300): Main line code
MSDSKHIG.INC(1446) : Warning A4149: Too many arguments in macro call: Message: ftestDisk,<"Entering Check_Wrap...",cr,lf>
 MSDSKHIG.INC(1446): Included by
  MSDISK.ASM(300): Main line code
...MSDISK.ASM
MSEQU.INC...
MSBDS.INC...
DEVSYM.INC...
BIOSTRUC.INC...
MSIOCTL.SIL...
IOCTL.INC...
BPB.INC...
cd /Users/ddanila/fun/msdos/out/ru-repro-43uqhx89/j4/src/DOS && /Users/ddanila/fun/msdos/out/ru-repro-43uqhx89/j4/bin/jwasm-masm "-Mx -t -I. -ID:\\TOOLS\\INC -I..\\INC" "MSCODE.ASM,MSCODE.OBJ;"
cd /Users/ddanila/fun/msdos/out/ru-repro-43uqhx89/j4/src/DOS && /Users/ddanila/fun/msdos/out/ru-repro-43uqhx89/j4/bin/jwasm-masm "-Mx -t -I. -ID:\\TOOLS\\INC -I..\\INC" "TIME.ASM,TIME.OBJ;"
READCLOC.INC(122) : Warning A4149: Too many arguments in macro call: Message: ftestinit,<"Read Time   ">
 READCLOC.INC(122): Included by
  MSINIT.ASM(73): Main line code
READCLOC.INC(123) : Warning A4149: Too many arguments in macro call: MNUM: ftestinit,cx
 READCLOC.INC(123): Included by
  MSINIT.ASM(73): Main line code
READCLOC.INC(124) : Warning A4149: Too many arguments in macro call: Message: ftestinit,<"  ">
 READCLOC.INC(124): Included by
  MSINIT.ASM(73): Main line code
READCLOC.INC(125) : Warning A4149: Too many arguments in macro call: MNUM: ftestinit,dx
 READCLOC.INC(125): Included by
  MSINIT.ASM(73): Main line code
READCLOC.INC(126) : Warning A4149: Too many arguments in macro call: Message: ftestinit,<cr,lf>
 READCLOC.INC(126): Included by
  MSINIT.ASM(73): Main line code
READCLOC.INC(129) : Warning A4149: Too many arguments in macro call: Message: ftestinit,<"Conv Time   ">
 READCLOC.INC(129): Included by
  MSINIT.ASM(73): Main line code
READCLOC.INC(130) : Warning A4149: Too many arguments in macro call: MNUM: ftestinit,cx
 READCLOC.INC(130): Included by
  MSINIT.ASM(73): Main line code
READCLOC.INC(131) : Warning A4149: Too many arguments in macro call: Message: ftestinit,<"  ">
 READCLOC.INC(131): Included by
  MSINIT.ASM(73): Main line code
READCLOC.INC(132) : Warning A4149: Too many arguments in macro call: MNUM: ftestinit,dx
 READCLOC.INC(132): Included by
  MSINIT.ASM(73): Main line code
READCLOC.INC(133) : Warning A4149: Too many arguments in macro call: Message: ftestinit,<cr,lf>
 READCLOC.INC(133): Included by
  MSINIT.ASM(73): Main line code
MSINIT.ASM(304) : Warning A4149: Too many arguments in macro call: Message: FTESTINIT,<"IBMBIO",CR,LF>
MSINIT.ASM(442) : Warning A4149: Too many arguments in macro call: Message: FTESTINIT,<"INIT",CR,LF>
MSINIT.ASM(491) : Warning A4149: Too many arguments in macro call: Message: FTESTINIT,<"COM DEVICES",CR,LF>
MSINIT.ASM(504) : Warning A4149: Too many arguments in macro call: Message: FTESTINIT,<"LPT DEVICES",CR,LF>
MSINIT.ASM(538) : Warning A4149: Too many arguments in macro call: Message: FTESTINIT,<"INTERRUPT VECTORS",CR,LF>
MSINIT.ASM(558) : Warning A4149: Too many arguments in macro call: Message: FTESTINIT,<"DISK PARAMETER TABLE",CR,LF>
MSINIT.ASM(585) : Warning A4073: Size not specified, assuming: WORD
MSINIT.ASM(734) : Warning A4149: Too many arguments in macro call: Message: FTESTINIT,<"DISK DEVICES",CR,LF>
MSINIT.ASM(749) : Warning A4149: Too many arguments in macro call: Message: FTESTINIT,<"BEFORE INT 13",CR,LF>
MSINIT.ASM(758) : Warning A4149: Too many arguments in macro call: Message: FTESTINIT,<"SETTING UP BDSS",CR,LF>
MSINIT.ASM(869) : Warning A4149: Too many arguments in macro call: Message: FTESTINIT,<"96TPI DEVICES",CR,LF>
MSINIT.ASM(971) : Warning A4149: Too many arguments in macro call: Message: FTESTINIT,<"SINGLE DRIVE SYSTEM",CR,LF>
MSINIT.ASM(989) : Warning A4149: Too many arguments in macro call: MNUM: FTESTINIT+FTESTHARD,AX
MSINIT.ASM(990) : Warning A4149: Too many arguments in macro call: Message: FTESTINIT+FTESTHARD,<" HARD DISK(S) TO INITIALIZE",CR,LF>
MSINIT.ASM(991) : Warning A4149: Too many arguments in macro call: Message: FTESTINIT+FTESTHARD,<"HARD DISK 1",CR,LF>
MSINIT.ASM(1019) : Warning A4149: Too many arguments in macro call: Message: FTESTINIT+FTESTHARD,<"HARD DISK 2",CR,LF>
MSINIT.ASM(1288) : Warning A4149: Too many arguments in macro call: Message: FTESTINIT,<"FINAL DOS LOCATION IS ">
../INC/dosmac.INC(422) : MSINIT.ASM(1289) : Warning A4149: Too many arguments in macro call: MNUM: FTESTINIT,FINAL_DOS_LOCATION
Warning A4149: Too many arguments in macro call: AsmVar: ,$temp
MSINIT.ASM(1290) : Warning A4149: Too many arguments in macro call: Message: FTESTINIT,<CR,LF>
 ../INC/dosmac.INC(422): Included by
  ../INC/DOSSYM.INC(11): Included by
   disp.asm(7): Included by
    MSDISP.ASM(14): Main line code
MSINIT.ASM(1301) : Warning A4149: Too many arguments in macro call: Message: FTESTINIT,<"LOAD FAT",CR,LF>
MSINIT.ASM(1314) : Warning A4149: Too many arguments in macro call: Message: FTESTINIT,<"FATID READ ">
MSINIT.ASM(1315) : Warning A4149: Too many arguments in macro call: MNUM: FTESTINIT,AX
MSINIT.ASM(1316) : Warning A4149: Too many arguments in macro call: Message: FTESTINIT,<CR,LF>
MSINIT.ASM(1345) : Warning A4149: Too many arguments in macro call: Message: FTESTINIT,<"LOAD DOS",CR,LF>
MSINIT.ASM(1377) : Warning A4149: Too many arguments in macro call: Message: FTESTINIT,<CR,LF,"SMALL FAT EOF CHECK",CR,LF>
MSINIT.ASM(1381) : Warning A4149: Too many arguments in macro call: Message: FTESTINIT,<CR,LF,"BIG FAT EOF CHECK",CR,LF>
MSINIT.ASM(1388) : Warning A4149: Too many arguments in macro call: Message: FTESTINIT,<"SYSINIT",CR,LF>
MSINIT.ASM(1390) : Warning A4149: Too many arguments in macro call: Message: FTESTINIT,<"ON TO SYSINIT...",CR,LF>
MSINIT.ASM(1442) : Warning A4149: Too many arguments in macro call: Message: FTESTHARD,<"SIGNATURE AA55 NOT FOUND",CR,LF>
MSINIT.ASM(1444) : Warning A4149: Too many arguments in macro call: Message: FTESTHARD,<"ERROR IN GETBOOT",CR,LF>
MSINIT.ASM(1545) : Warning A4149: Too many arguments in macro call: Message: FTESTHARD,<"PARTITION INVALID",CR,LF>
MSINIT.ASM(1674) : Warning A4149: Too many arguments in macro call: Message: FTESTHARD,<"VERSION 2.0 MEDIA",CR,LF>
MSINIT.ASM(1692) : Warning A4149: Too many arguments in macro call: Message: ftestHard,<"VERSION 3.1 OR ABOVE MEDIA",CR,LF>
MSINIT.ASM(1761) : Warning A4149: Too many arguments in macro call: MNUM: FTESTHARD,CX
MSINIT.ASM(1762) : Warning A4149: Too many arguments in macro call: Message: FTESTHARD,<" SECPERCLUS",CR,LF>
MSINIT.ASM(1794) : Warning A4149: Too many arguments in macro call: Message: FTESTHARD,<"UNKNOWN HARD MEDIA. ASSUMING 3.0.",CR,LF>
MSINIT.ASM(1826) : Warning A4149: Too many arguments in macro call: MNUM: FTESTHARD,AX
MSINIT.ASM(1827) : Warning A4149: Too many arguments in macro call: Message: FTESTHARD,<" SECTORS ">
MSINIT.ASM(1828) : Warning A4149: Too many arguments in macro call: MNUM: FTESTHARD,DX
MSINIT.ASM(1829) : Warning A4149: Too many arguments in macro call: Message: FTESTHARD,<" DIRECTORY ENTRIES ">
MSINIT.ASM(1830) : Warning A4149: Too many arguments in macro call: MNUM: FTESTHARD,CX
MSINIT.ASM(1831) : Warning A4149: Too many arguments in macro call: Message: FTESTHARD,<" SECPERCLUS|CLUSSHIFT">
MSINIT.ASM(1843) : Warning A4149: Too many arguments in macro call: Message: FTESTHARD,<" SMALL FAT",CR,LF>
MSINIT.ASM(1865) : Warning A4149: Too many arguments in macro call: Message: FTESTHARD,<" BIG FAT",CR,LF>
MSINIT.ASM(1977) : Warning A4149: Too many arguments in macro call: Message: FTESTINIT,<"SETTING DRIVE PARAMETERS",CR,LF>
MSINIT.ASM(2019) : Warning A4149: Too many arguments in macro call: Message: FTESTINIT,<"CCYLN ">
MSINIT.ASM(2020) : Warning A4149: Too many arguments in macro call: MNUM: FTESTINIT,AX
MSINIT.ASM(2021) : Warning A4149: Too many arguments in macro call: Message: FTESTINIT,<CR,LF>
MSINIT.ASM(2124) : Warning A4149: Too many arguments in macro call: MNUM: FTESTINIT
MSINIT.ASM(2125) : Warning A4149: Too many arguments in macro call: Message: FTESTINIT,<" => ">
MSINIT.ASM(2174) : Warning A4149: Too many arguments in macro call: MNUM: FTESTINIT
MSINIT.ASM(2175) : Warning A4149: Too many arguments in macro call: Message: FTESTINIT,<"    ">
MSINIT.ASM(2364) : Warning A4149: Too many arguments in macro call: Message: fTestHard,<"Start of DoMini...",cr,lf>
MSINIT.ASM(2447) : Warning A4149: Too many arguments in macro call: Message: ftestHard,<"Found my partition...",cr,lf>
MSINIT.ASM(2599) : Warning A4149: Too many arguments in macro call: Message: FTESTINIT,<"CLOCK DEVICE",CR,LF>
...MSINIT.ASM
MSEQU.INC...
MSBDS.INC...
BIOSTRUC.INC...
... CLONE version build switch on ...
... for DOS Version 6.22 ...
DOSSYM in Pass 2
BPB.INC...
... CLONE version build switch on ...
$SET_CTRL_C_TRAPPING... pass 1
$SET_CTRL_C_TRAPPING... pass 2
$SET_CURRENT_PDB... pass 1
$SET_CURRENT_PDB... pass 2
$GET_CURRENT_PDB... pass 1
$GET_CURRENT_PDB... pass 2
$Set_Printer_Flag... pass 1
$Set_Printer_Flag... pass 2
SYSTEM_CALL... pass 1
SYSTEM_CALL... pass 2
restore_world... pass 1
restore_world... pass 2
save_world... pass 1
save_world... pass 2
SAVE_USER_MAP... pass 1
SAVE_USER_MAP... pass 2
RESTORE_USER_MAP... pass 1
RESTORE_USER_MAP... pass 2
get_user_stack... pass 1
get_user_stack... pass 2
cd /Users/ddanila/fun/msdos/out/ru-repro-43uqhx89/j4/src/DOS && /Users/ddanila/fun/msdos/out/ru-repro-43uqhx89/j4/bin/jwasm-masm "-Mx -t -I. -ID:\\TOOLS\\INC -I..\\INC" "GETSET.ASM,GETSET.OBJ;"
cd /Users/ddanila/fun/msdos/out/ru-repro-43uqhx89/j4/src/DOS && /Users/ddanila/fun/msdos/out/ru-repro-43uqhx89/j4/bin/jwasm-masm "-Mx -t -I. -ID:\\TOOLS\\INC -I..\\INC" "PARSE.ASM,PARSE.OBJ;"
../INC/dosmac.INC(422) : Warning A4149: Too many arguments in macro call: AsmVar: ,$temp
 ../INC/dosmac.INC(422): Included by
  ../INC/dossym.inc(11): Included by
   ms_code.asm(7): Included by
    MSCODE.ASM(14): Main line code
../INC/dosmac.INC(422) : Warning A4149: Too many arguments in macro call: AsmVar: ,$temp
 ../INC/dosmac.INC(422): Included by
  ../INC/DOSSYM.INC(11): Included by
   TIME.ASM(27): Main line code
... CLONE version build switch on ...
... for DOS Version 6.22 ...
DOSSYM in Pass 2
BPB.INC...
... CLONE version build switch on ...
DEVSYM.INC...
SNULDEV... pass 1
SNULDEV... pass 2
AbsSetup... pass 1
AbsSetup... pass 2
ABSDRD... pass 1
ABSDRD... pass 2
ABSDWRT... pass 1
ABSDWRT... pass 2
GETBP... pass 1
GETBP... pass 2
SYS_RETURN... pass 1
SYS_RETURN... pass 2
CAL_LK... pass 1
CAL_LK... pass 2
ETAB_LK... pass 1
ETAB_LK... pass 2
SetBad... pass 1
SetBad... pass 2
BadCall... pass 1
BadCall... pass 2
OKCall... pass 1
OKCall... pass 2
INT2F_etcetera... pass 1
INT2F_etcetera... pass 2
RW32_CONVERT... pass 1
RW32_CONVERT... pass 2
Fastxxx_Purge... pass 1
Fastxxx_Purge... pass 2
cd /Users/ddanila/fun/msdos/out/ru-repro-43uqhx89/j4/src/DOS && /Users/ddanila/fun/msdos/out/ru-repro-43uqhx89/j4/bin/jwasm-masm "-Mx -t -I. -ID:\\TOOLS\\INC -I..\\INC" "MISC.ASM,MISC.OBJ;"
... for DOS Version 6.22 ...
DOSSYM in Pass 2
BPB.INC...
... CLONE version build switch on ...
DEVSYM.INC...
$GET_DATE... pass 1
$GET_DATE... pass 2
$SET_DATE... pass 1
$SET_DATE... pass 2
$GET_TIME... pass 1
$GET_TIME... pass 2
$SET_TIME... pass 1
$SET_TIME... pass 2
DATE16... pass 1
DATE16... pass 2
READTIME... pass 1
READTIME... pass 2
DSLIDE... pass 1
DSLIDE... pass 2
SETYEAR... pass 1
SETYEAR... pass 2
DODATE... pass 1
DODATE... pass 2
DSUM... pass 1
DSUM... pass 2
cd /Users/ddanila/fun/msdos/out/ru-repro-43uqhx89/j4/src/DOS && /Users/ddanila/fun/msdos/out/ru-repro-43uqhx89/j4/bin/jwasm-masm "-Mx -t -I. -ID:\\TOOLS\\INC -I..\\INC" "MISC2.ASM,MISC2.OBJ;"
../INC/dosmac.INC(422) : Warning A4149: Too many arguments in macro call: AsmVar: ,$temp
 ../INC/dosmac.INC(422): Included by
  ../INC/dossym.inc(11): Included by
   GETSET.ASM(37): Main line code
../INC/dosmac.INC(422) : Warning A4149: Too many arguments in macro call: AsmVar: ,$temp
 ../INC/dosmac.INC(422): Included by
  ../INC/DOSSYM.INC(11): Included by
   PARSE.ASM(18): Main line code
... for DOS Version 6.22 ...
DOSSYM in Pass 2
BPB.INC...
... CLONE version build switch on ...
DEVSYM.INC...
$GET_VERSION... pass 1
$GET_VERSION... pass 2
$GET_VERIFY_ON_WRITE... pass 1
$GET_VERIFY_ON_WRITE... pass 2
$SET_VERIFY_ON_WRITE... pass 1
$SET_VERIFY_ON_WRITE... pass 2
$INTERNATIONAL... pass 1
$INTERNATIONAL... pass 2
$GetExtCntry... pass 1
$GetExtCntry... pass 2
$GetSetCdPg... pass 1
$GetSetCdPg... pass 2
$GET_DRIVE_FREESPACE... pass 1
$GET_DRIVE_FREESPACE... pass 2
$GET_DMA... pass 1
$GET_DMA... pass 2
$SET_DMA... pass 1
$SET_DMA... pass 2
$GET_DEFAULT_DRIVE... pass 1
$GET_DEFAULT_DRIVE... pass 2
$SET_DEFAULT_DRIVE... pass 1
$SET_DEFAULT_DRIVE... pass 2
$GET_INTERRUPT_VECTOR... pass 1
$GET_INTERRUPT_VECTOR... pass 2
$SET_INTERRUPT_VECTOR... pass 1
$SET_INTERRUPT_VECTOR... pass 2
RECSET... pass 1
RECSET... pass 2
$CHAR_OPER... pass 1
$CHAR_OPER... pass 2
$GetExtendedError... pass 1
$GetExtendedError... pass 2
Get_Global_CdPg... pass 1
Get_Global_CdPg... pass 2
$ECS_call... pass 1
$ECS_call... pass 2
cd /Users/ddanila/fun/msdos/out/ru-repro-43uqhx89/j4/src/DOS && /Users/ddanila/fun/msdos/out/ru-repro-43uqhx89/j4/bin/jwasm-masm "-Mx -t -I. -ID:\\TOOLS\\INC -I..\\INC" "CRIT.ASM,CRIT.OBJ;"
... for DOS Version 6.22 ...
DOSSYM in Pass 2
BPB.INC...
... CLONE version build switch on ...
DEVSYM.INC...
$PARSE_FILE_DESCRIPTOR... pass 1
$PARSE_FILE_DESCRIPTOR... pass 2
cd /Users/ddanila/fun/msdos/out/ru-repro-43uqhx89/j4/src/DOS && /Users/ddanila/fun/msdos/out/ru-repro-43uqhx89/j4/bin/jwasm-masm "-Mx -t -I. -ID:\\TOOLS\\INC -I..\\INC" "CPMIO.ASM,CPMIO.OBJ;"
../INC/dosmac.INC(422) : Warning A4149: Too many arguments in macro call: AsmVar: ,$temp
 ../INC/dosmac.INC(422): Included by
  ../INC/DOSSYM.INC(11): Included by
   MISC.ASM(15): Main line code
../INC/dosmac.INC(422) : Warning A4149: Too many arguments in macro call: AsmVar: ,$temp
 ../INC/dosmac.INC(422): Included by
  ../INC/dossym.inc(11): Included by
   MISC2.ASM(34): Main line code
... for DOS Version 6.22 ...
DOSSYM in Pass 2
BPB.INC...
... CLONE version build switch on ...
DEVSYM.INC...
$SLEAZEFUNC... pass 1
$SLEAZEFUNC... pass 2
$GET_INDOS_FLAG... pass 1
$GET_INDOS_FLAG... pass 2
$GET_IN_VARS... pass 1
$GET_IN_VARS... pass 2
$GET_DEFAULT_DPB... pass 1
$GET_DEFAULT_DPB... pass 2
$DISK_RESET... pass 1
$DISK_RESET... pass 2
$SETDPB... pass 1
$SETDPB... pass 2
$Dup_PDB... pass 1
$Dup_PDB... pass 2
$CREATE_PROCESS_DATA_BLOCK... pass 1
$CREATE_PROCESS_DATA_BLOCK... pass 2
FETCHI_CHECK... pass 1
FETCHI_CHECK... pass 2
$GSetMediaID... pass 1
$GSetMediaID... pass 2
cd /Users/ddanila/fun/msdos/out/ru-repro-43uqhx89/j4/src/DOS && /Users/ddanila/fun/msdos/out/ru-repro-43uqhx89/j4/bin/jwasm-masm "-Mx -t -I. -ID:\\TOOLS\\INC -I..\\INC" "CPMIO2.ASM,CPMIO2.OBJ;"
... for DOS Version 6.22 ...
DOSSYM in Pass 2
BPB.INC...
... CLONE version build switch on ...
StrCmp... pass 1
StrCmp... pass 2
StrCpy... pass 1
StrCpy... pass 2
FStrCpy... pass 1
FStrCpy... pass 2
uCase... pass 1
uCase... pass 2
StrLen... pass 1
StrLen... pass 2
DStrLen... pass 1
DStrLen... pass 2
XCHGP... pass 1
XCHGP... pass 2
Idle... pass 1
Idle... pass 2
TableDispatch... pass 1
TableDispatch... pass 2
TestNet... pass 1
TestNet... pass 2
IsSFTNet... pass 1
IsSFTNet... pass 2
FastInit... pass 1
FastInit... pass 2
FastRet... pass 1
FastRet... pass 2
NLS_OPEN... pass 1
NLS_OPEN... pass 2
NLS_LSEEK... pass 1
NLS_LSEEK... pass 2
Fake_User_Stack... pass 1
Fake_User_Stack... pass 2
GetDevList... pass 1
GetDevList... pass 2
NLS_IOCTL... pass 1
NLS_IOCTL... pass 2
NLS_GETEXT... pass 1
NLS_GETEXT... pass 2
MSG_RETRIEVAL... pass 1
MSG_RETRIEVAL... pass 2
Fake_version... pass 1
Fake_version... pass 2
cd /Users/ddanila/fun/msdos/out/ru-repro-43uqhx89/j4/src/DOS && /Users/ddanila/fun/msdos/out/ru-repro-43uqhx89/j4/bin/jwasm-masm "-Mx -t -I. -ID:\\TOOLS\\INC -I..\\INC" "FCBIO.ASM,FCBIO.OBJ;"
../INC/dosmac.INC(422) : Warning A4149: Too many arguments in macro call: AsmVar: ,$temp
 ../INC/dosmac.INC(422): Included by
  ../INC/DOSSYM.INC(11): Included by
   CRIT.ASM(18): Main line code
CRIT.ASM(45) : Warning A4149: Too many arguments in macro call: fmt: TypSect,LevReq,<"PDB $x entering $x">,<CurrentPDB,sect>
CRIT.ASM(59) : Warning A4149: Too many arguments in macro call: fmt: TypSect,LevReq,<"PDB $x entering $x">,<CurrentPDB,sect>
CRIT.ASM(69) : Warning A4149: Too many arguments in macro call: fmt: TypSect,LevReq,<"PDB $x entering $x">,<CurrentPDB,sect>
... for DOS Version 6.22 ...
DOSSYM in Pass 2
BPB.INC...
... CLONE version build switch on ...
EcritDisk... pass 1
EcritDisk... pass 2
LcritDisk... pass 1
LcritDisk... pass 2
EcritDevice... pass 1
EcritDevice... pass 2
LcritDevice... pass 1
LcritDevice... pass 2
cd /Users/ddanila/fun/msdos/out/ru-repro-43uqhx89/j4/src/DOS && /Users/ddanila/fun/msdos/out/ru-repro-43uqhx89/j4/bin/jwasm-masm "-Mx -t -I. -ID:\\TOOLS\\INC -I..\\INC" "FCBIO2.ASM,FCBIO2.OBJ;"
../INC/dosmac.INC(422) : Warning A4149: Too many arguments in macro call: AsmVar: ,$temp
 ../INC/dosmac.INC(422): Included by
  ../INC/DOSSYM.INC(11): Included by
   CPMIO.ASM(29): Main line code
... for DOS Version 6.22 ...
DOSSYM in Pass 2
BPB.INC...
... CLONE version build switch on ...
DEVSYM.INC...
$STD_CON_INPUT_NO_ECHO... pass 1
$STD_CON_INPUT_NO_ECHO... pass 2
$STD_CON_STRING_OUTPUT... pass 1
$STD_CON_STRING_OUTPUT... pass 2
$STD_CON_STRING_INPUT... pass 1
$STD_CON_STRING_INPUT... pass 2
$RAW_CON_IO... pass 1
$RAW_CON_IO... pass 2
Save_Restore_Packet... pass 1
Save_Restore_Packet... pass 2
cd /Users/ddanila/fun/msdos/out/ru-repro-43uqhx89/j4/src/DOS && /Users/ddanila/fun/msdos/out/ru-repro-43uqhx89/j4/bin/jwasm-masm "-Mx -t -I. -ID:\\TOOLS\\INC -I..\\INC" "SEARCH.ASM,SEARCH.OBJ;"
../INC/dosmac.INC(422) : Warning A4149: Too many arguments in macro call: AsmVar: ,$temp
 ../INC/dosmac.INC(422): Included by
  ../INC/DOSSYM.INC(11): Included by
   CPMIO2.ASM(29): Main line code
../INC/dosmac.INC(422) : Warning A4149: Too many arguments in macro call: AsmVar: ,$temp
 ../INC/dosmac.INC(422): Included by
  ../INC/DOSSYM.INC(11): Included by
   FCBIO.ASM(35): Main line code
... for DOS Version 6.22 ...
DOSSYM in Pass 2
BPB.INC...
... CLONE version build switch on ...
DEVSYM.INC...
$STD_CON_INPUT... pass 1
$STD_CON_INPUT... pass 2
$STD_CON_OUTPUT... pass 1
$STD_CON_OUTPUT... pass 2
$STD_AUX_INPUT... pass 1
$STD_AUX_INPUT... pass 2
$STD_AUX_OUTPUT... pass 1
$STD_AUX_OUTPUT... pass 2
$STD_PRINTER_OUTPUT... pass 1
$STD_PRINTER_OUTPUT... pass 2
$STD_CON_INPUT_STATUS... pass 1
$STD_CON_INPUT_STATUS... pass 2
$STD_CON_INPUT_FLUSH... pass 1
$STD_CON_INPUT_FLUSH... pass 2
cd /Users/ddanila/fun/msdos/out/ru-repro-43uqhx89/j4/src/DOS && /Users/ddanila/fun/msdos/out/ru-repro-43uqhx89/j4/bin/jwasm-masm "-Mx -t -I. -ID:\\TOOLS\\INC -I..\\INC" "PATH.ASM,PATH.OBJ;"
FCBIO.ASM(406) : Warning A4149: Too many arguments in macro call: Assert: ISSFT,<ES,DI>,"SaveFCBInfo"
FCBIO.ASM(538) : Warning A4149: Too many arguments in macro call: Assert: ISSFT,<ES,DI>,"ResetLRU"
FCBIO.ASM(572) : Warning A4149: Too many arguments in macro call: Assert: ISSFT,<ES,DI>,"SetOpenAge"
FCBIO.ASM(786) : Warning A4149: Too many arguments in macro call: Assert: ISSFT,<ES,DI>,"LRUFCB return"
FCBIO.ASM(1135) : Warning A4149: Too many arguments in macro call: fmt: typFCB,LevCheck,<"FCB $x:$x does not match SFT $x:$x\n">,<DS,SI,ES,DI>
... for DOS Version 6.22 ...
DOSSYM in Pass 2
BPB.INC...
... CLONE version build switch on ...
DEVSYM.INC...
$Get_FCB_Position... pass 1
$Get_FCB_Position... pass 2
$FCB_Delete... pass 1
$FCB_Delete... pass 2
$Get_FCB_File_Length... pass 1
$Get_FCB_File_Length... pass 2
$FCB_Close... pass 1
$FCB_Close... pass 2
$FCB_Rename... pass 1
$FCB_Rename... pass 2
SaveFCBInfo... pass 1
SaveFCBInfo... pass 2
ResetLRU... pass 1
ResetLRU... pass 2
SetOpenAge... pass 1
SetOpenAge... pass 2
LRUFCB... pass 1
LRUFCB... pass 2
FCBRegen... pass 1
FCBRegen... pass 2
BlastSFT... pass 1
BlastSFT... pass 2
CheckFCB... pass 1
CheckFCB... pass 2
SFTFromFCB... pass 1
SFTFromFCB... pass 2
FCBHardErr... pass 1
FCBHardErr... pass 2
../INC/dosmac.INC(422) : Warning A4149: Too many arguments in macro call: AsmVar: ,$temp
 ../INC/dosmac.INC(422): Included by
  ../INC/DOSSYM.INC(11): Included by
   FCBIO2.ASM(35): Main line code
cd /Users/ddanila/fun/msdos/out/ru-repro-43uqhx89/j4/src/DOS && /Users/ddanila/fun/msdos/out/ru-repro-43uqhx89/j4/bin/jwasm-masm "-Mx -t -I. -ID:\\TOOLS\\INC -I..\\INC" "IOCTL.ASM,IOCTL.OBJ;"
FCBIO2.ASM(286) : Warning A4149: Too many arguments in macro call: Assert: ISSFT,<ES,DI>,"ContinueOP"
FCBIO2.ASM(346) : Warning A4149: Too many arguments in macro call: Assert: ISSFT,<ES,DI>,"FCBIO/SaveFCBInfo"
FCBIO2.ASM(479) : Warning A4149: Too many arguments in macro call: Assert: ISSFT,<ES,DI>,"DeadFCB"
FCBIO2.ASM(508) : Warning A4149: Too many arguments in macro call: Assert: ISSFT,<ES,DI>,"FCBOK"
FCBIO2.ASM(510) : Warning A4149: Too many arguments in macro call: Assert: ISSFT,<ES,DI>,"FCBOK/SetOpenAge"
FCBIO2.ASM(582) : Warning A4149: Too many arguments in macro call: Assert: ISSFT,<ES,DI>,"Open blasting"
... for DOS Version 6.22 ...
DOSSYM in Pass 2
BPB.INC...
... CLONE version build switch on ...
DEVSYM.INC...
... CLONE version build switch on ...
GetRR... pass 1
GetRR... pass 2
GetExtent... pass 1
GetExtent... pass 2
SetExtent... pass 1
SetExtent... pass 2
GetExtended... pass 1
GetExtended... pass 2
GetRecSize... pass 1
GetRecSize... pass 2
FCBIO... pass 1
FCBIO... pass 2
WARNING!!! Make sure sf_position+2 is OpenAGE
$FCB_Open... pass 1
$FCB_Open... pass 2
$FCB_Create... pass 1
$FCB_Create... pass 2
$FCB_Random_Write_Block... pass 1
$FCB_Random_Write_Block... pass 2
$FCB_Random_Read_Block... pass 1
$FCB_Random_Read_Block... pass 2
$FCB_Seq_Read... pass 1
$FCB_Seq_Read... pass 2
$FCB_Seq_Write... pass 1
$FCB_Seq_Write... pass 2
$FCB_Random_Read... pass 1
$FCB_Random_Read... pass 2
$FCB_Random_Write... pass 1
$FCB_Random_Write... pass 2
cd /Users/ddanila/fun/msdos/out/ru-repro-43uqhx89/j4/src/DOS && /Users/ddanila/fun/msdos/out/ru-repro-43uqhx89/j4/bin/jwasm-masm "-Mx -t -I. -ID:\\TOOLS\\INC -I..\\INC" "DELETE.ASM,DELETE.OBJ;"
../INC/dosmac.INC(422) : Warning A4149: Too many arguments in macro call: AsmVar: ,$temp
 ../INC/dosmac.INC(422): Included by
  ../INC/DOSSYM.INC(11): Included by
   SEARCH.ASM(28): Main line code
... for DOS Version 6.22 ...
DOSSYM in Pass 2
BPB.INC...
... CLONE version build switch on ...
DEVSYM.INC...
$DIR_SEARCH_FIRST... pass 1
$DIR_SEARCH_FIRST... pass 2
***** Possible stack size error in $DIR_SEARCH_FIRST *****
$DIR_SEARCH_NEXT... pass 1
$DIR_SEARCH_NEXT... pass 2
$FIND_FIRST... pass 1
$FIND_FIRST... pass 2
$FIND_NEXT... pass 1
$FIND_NEXT... pass 2
PackName... pass 1
PackName... pass 2
GET_FAST_SEARCH... pass 1
GET_FAST_SEARCH... pass 2
cd /Users/ddanila/fun/msdos/out/ru-repro-43uqhx89/j4/src/DOS && /Users/ddanila/fun/msdos/out/ru-repro-43uqhx89/j4/bin/jwasm-masm "-Mx -t -I. -ID:\\TOOLS\\INC -I..\\INC" "RENAME.ASM,RENAME.OBJ;"
../INC/dosmac.INC(422) : Warning A4149: Too many arguments in macro call: AsmVar: ,$temp
 ../INC/dosmac.INC(422): Included by
  ../INC/DOSSYM.INC(11): Included by
   PATH.ASM(28): Main line code
../INC/dosmac.INC(422) : Warning A4149: Too many arguments in macro call: AsmVar: ,$temp
 ../INC/dosmac.INC(422): Included by
  ../INC/DOSSYM.INC(11): Included by
   IOCTL.ASM(21): Main line code
... for DOS Version 6.22 ...
DOSSYM in Pass 2
BPB.INC...
... CLONE version build switch on ...
DEVSYM.INC...
$CURRENT_DIR... pass 1
$CURRENT_DIR... pass 2
$RMDIR... pass 1
$RMDIR... pass 2
$CHDIR... pass 1
$CHDIR... pass 2
$MKDIR... pass 1
$MKDIR... pass 2
Check_PathLen... pass 1
Check_PathLen... pass 2
cd /Users/ddanila/fun/msdos/out/ru-repro-43uqhx89/j4/src/DOS && /Users/ddanila/fun/msdos/out/ru-repro-43uqhx89/j4/bin/jwasm-masm "-Mx -t -I. -ID:\\TOOLS\\INC -I..\\INC" "FINFO.ASM,FINFO.OBJ;"
... for DOS Version 6.22 ...
DOSSYM in Pass 2
BPB.INC...
... CLONE version build switch on ...
DEVSYM.INC...
IOCTL.INC...
$IOCTL... pass 1
$IOCTL... pass 2
TEST_IFS_REMOTE... pass 1
TEST_IFS_REMOTE... pass 2
../INC/dosmac.INC(422) : Warning A4149: Too many arguments in macro call: AsmVar: ,$temp
 ../INC/dosmac.INC(422): Included by
  ../INC/DOSSYM.INC(11): Included by
   DELETE.ASM(26): Main line code
cd /Users/ddanila/fun/msdos/out/ru-repro-43uqhx89/j4/src/DOS && /Users/ddanila/fun/msdos/out/ru-repro-43uqhx89/j4/bin/jwasm-masm "-Mx -t -I. -ID:\\TOOLS\\INC -I..\\INC" "DUP.ASM,DUP.OBJ;"
DELETE.ASM(236) : Warning A4149: Too many arguments in macro call: Assert: ISBUF,<DS,DI>,"Del_Share_OK"
... for DOS Version 6.22 ...
DOSSYM in Pass 2
BPB.INC...
... CLONE version build switch on ...
DEVSYM.INC...
DOS_DELETE... pass 1
DOS_DELETE... pass 2
REN_DEL_Check... pass 1
REN_DEL_Check... pass 2
FastOpen_Delete... pass 1
FastOpen_Delete... pass 2
FastOpen_Update... pass 1
FastOpen_Update... pass 2
FastSeek_Open... pass 1
FastSeek_Open... pass 2
FSeek_dispatch... pass 1
FSeek_dispatch... pass 2
FastSeek_Close... pass 1
FastSeek_Close... pass 2
FastSeek_Delete... pass 1
FastSeek_Delete... pass 2
Delete_FSeek... pass 1
Delete_FSeek... pass 2
FastSeek_Lookup... pass 1
FastSeek_Lookup... pass 2
FastSeek_Insert... pass 1
FastSeek_Insert... pass 2
FastSeek_Truncate... pass 1
FastSeek_Truncate... pass 2
FS_doit... pass 1
FS_doit... pass 2
IFS_SEARCH_FIRST... pass 1
IFS_SEARCH_FIRST... pass 2
IFS_REN_DEL_CHECK... pass 1
IFS_REN_DEL_CHECK... pass 2
../INC/dosmac.INC(422) : Warning A4149: Too many arguments in macro call: AsmVar: ,$temp
 ../INC/dosmac.INC(422): Included by
  ../INC/DOSSYM.INC(11): Included by
   RENAME.ASM(14): Main line code
cd /Users/ddanila/fun/msdos/out/ru-repro-43uqhx89/j4/src/DOS && /Users/ddanila/fun/msdos/out/ru-repro-43uqhx89/j4/bin/jwasm-masm "-Mx -t -I. -ID:\\TOOLS\\INC -I..\\INC" "CREATE.ASM,CREATE.OBJ;"
RENAME.ASM(285) : Warning A4149: Too many arguments in macro call: Assert: ISBUF,<ES,DI>,"Got_Dest"
RENAME.ASM(321) : Warning A4149: Too many arguments in macro call: Assert: ISBUF,<ES,DI>,"Dirty_it"
... for DOS Version 6.22 ...
DOSSYM in Pass 2
BPB.INC...
... CLONE version build switch on ...
DEVSYM.INC...
DOS_RENAME... pass 1
DOS_RENAME... pass 2
NEW_RENAME... pass 1
NEW_RENAME... pass 2
cd /Users/ddanila/fun/msdos/out/ru-repro-43uqhx89/j4/src/DOS && /Users/ddanila/fun/msdos/out/ru-repro-43uqhx89/j4/bin/jwasm-masm "-Mx -t -I. -ID:\\TOOLS\\INC -I..\\INC" "OPEN.ASM,OPEN.OBJ;"
../INC/dosmac.INC(422) : Warning A4149: Too many arguments in macro call: AsmVar: ,$temp
 ../INC/dosmac.INC(422): Included by
  ../INC/DOSSYM.INC(11): Included by
   FINFO.ASM(16): Main line code
... for DOS Version 6.22 ...
DOSSYM in Pass 2
BPB.INC...
... CLONE version build switch on ...
DEVSYM.INC...
GET_FILE_INFO... pass 1
GET_FILE_INFO... pass 2
SET_FILE_ATTRIBUTE... pass 1
SET_FILE_ATTRIBUTE... pass 2
GET_FAST_PATH... pass 1
GET_FAST_PATH... pass 2
cd /Users/ddanila/fun/msdos/out/ru-repro-43uqhx89/j4/src/DOS && /Users/ddanila/fun/msdos/out/ru-repro-43uqhx89/j4/bin/jwasm-masm "-Mx -t -I. -ID:\\TOOLS\\INC -I..\\INC" "DINFO.ASM,DINFO.OBJ;"
../INC/dosmac.INC(422) : Warning A4149: Too many arguments in macro call: AsmVar: ,$temp
 ../INC/dosmac.INC(422): Included by
  ../INC/DOSSYM.INC(11): Included by
   DUP.ASM(15): Main line code
DUP.ASM(45) : Warning A4149: Too many arguments in macro call: Assert: ISSFT,<ES,DI>,"DOSDup"
DUP.ASM(50) : Warning A4149: Too many arguments in macro call: Assert: ISSFT,<ES,DI>,"DOSDup/DoInc"
... for DOS Version 6.22 ...
DOSSYM in Pass 2
BPB.INC...
... CLONE version build switch on ...
DEVSYM.INC...
DOS_DUP... pass 1
DOS_DUP... pass 2
../INC/dosmac.INC(422) : Warning A4149: Too many arguments in macro call: AsmVar: ,$temp
 ../INC/dosmac.INC(422): Included by
  ../INC/DOSSYM.INC(11): Included by
   CREATE.ASM(18): Main line code
cd /Users/ddanila/fun/msdos/out/ru-repro-43uqhx89/j4/src/DOS && /Users/ddanila/fun/msdos/out/ru-repro-43uqhx89/j4/bin/jwasm-masm "-Mx -t -I. -ID:\\TOOLS\\INC -I..\\INC" "ISEARCH.ASM,ISEARCH.OBJ;"
... for DOS Version 6.22 ...
DOSSYM in Pass 2
BPB.INC...
... CLONE version build switch on ...
DEVSYM.INC...
... CLONE version build switch on ...
DOS_Create... pass 1
DOS_Create... pass 2
DOS_Create_New... pass 1
DOS_Create_New... pass 2
Set_Media_ID... pass 1
Set_Media_ID... pass 2
Set_EXT_mode... pass 1
Set_EXT_mode... pass 2
../INC/dosmac.INC(422) : Warning A4149: Too many arguments in macro call: AsmVar: ,$temp
 ../INC/dosmac.INC(422): Included by
  ../INC/dossym.inc(11): Included by
   OPEN.ASM(19): Main line code
cd /Users/ddanila/fun/msdos/out/ru-repro-43uqhx89/j4/src/DOS && /Users/ddanila/fun/msdos/out/ru-repro-43uqhx89/j4/bin/jwasm-masm "-Mx -t -I. -ID:\\TOOLS\\INC -I..\\INC" "ABORT.ASM,ABORT.OBJ;"
... for DOS Version 6.22 ...
DOSSYM in Pass 2
BPB.INC...
... CLONE version build switch on ...
DEVSYM.INC...
DOS_Open... pass 1
DOS_Open... pass 2
***** Possible stack size error in DOS_Open *****
SHARE_ERROR... pass 1
SHARE_ERROR... pass 2
DO_SHARE_CHECK... pass 1
DO_SHARE_CHECK... pass 2
OWN_SHARE... pass 1
OWN_SHARE... pass 2
OWN_SHARE2... pass 1
OWN_SHARE2... pass 2
SET_THISDPB... pass 1
SET_THISDPB... pass 2
IFS_SHARE_CHECK... pass 1
IFS_SHARE_CHECK... pass 2
Check_Access_AX... pass 1
Check_Access_AX... pass 2
Code_Page_Mismatched_Error... pass 1
Code_Page_Mismatched_Error... pass 2
cd /Users/ddanila/fun/msdos/out/ru-repro-43uqhx89/j4/src/DOS && /Users/ddanila/fun/msdos/out/ru-repro-43uqhx89/j4/bin/jwasm-masm "-Mx -t -I. -ID:\\TOOLS\\INC -I..\\INC" "CLOSE.ASM,CLOSE.OBJ;"
../INC/dosmac.INC(422) : Warning A4149: Too many arguments in macro call: AsmVar: ,$temp
 ../INC/dosmac.INC(422): Included by
  ../INC/DOSSYM.INC(11): Included by
   DINFO.ASM(15): Main line code
DINFO.ASM(88) : Warning A4149: Too many arguments in macro call: fmt: TypInt,LevLog,<"Internal error: MaxClus <= FreeClus\n">
... for DOS Version 6.22 ...
DOSSYM in Pass 2
BPB.INC...
... CLONE version build switch on ...
DEVSYM.INC...
DISK_INFO... pass 1
DISK_INFO... pass 2
../INC/dosmac.INC(422) : Warning A4149: Too many arguments in macro call: AsmVar: ,$temp
 ../INC/dosmac.INC(422): Included by
  ../INC/DOSSYM.INC(11): Included by
   ISEARCH.ASM(16): Main line code
cd /Users/ddanila/fun/msdos/out/ru-repro-43uqhx89/j4/src/DOS && /Users/ddanila/fun/msdos/out/ru-repro-43uqhx89/j4/bin/jwasm-masm "-Mx -t -I. -ID:\\TOOLS\\INC -I..\\INC" "DIRCALL.ASM,DIRCALL.OBJ;"
... for DOS Version 6.22 ...
DOSSYM in Pass 2
BPB.INC...
... CLONE version build switch on ...
DEVSYM.INC...
DOS_SEARCH_FIRST... pass 1
DOS_SEARCH_FIRST... pass 2
DOS_SEARCH_NEXT... pass 1
DOS_SEARCH_NEXT... pass 2
CHECK_QUESTION... pass 1
CHECK_QUESTION... pass 2
cd /Users/ddanila/fun/msdos/out/ru-repro-43uqhx89/j4/src/DOS && /Users/ddanila/fun/msdos/out/ru-repro-43uqhx89/j4/bin/jwasm-masm "-Mx -t -I. -ID:\\TOOLS\\INC -I..\\INC" "DISK.ASM,DISK.OBJ;"
../INC/dosmac.INC(422) : Warning A4149: Too many arguments in macro call: AsmVar: ,$temp
 ../INC/dosmac.INC(422): Included by
  ../INC/DOSSYM.INC(11): Included by
   ABORT.ASM(16): Main line code
... for DOS Version 6.22 ...
DOSSYM in Pass 2
BPB.INC...
... CLONE version build switch on ...
DEVSYM.INC...
DOS_ABORT... pass 1
DOS_ABORT... pass 2
cd /Users/ddanila/fun/msdos/out/ru-repro-43uqhx89/j4/src/DOS && /Users/ddanila/fun/msdos/out/ru-repro-43uqhx89/j4/bin/jwasm-masm "-Mx -t -I. -ID:\\TOOLS\\INC -I..\\INC" "DISK2.ASM,DISK2.OBJ;"
../INC/dosmac.INC(422) : Warning A4149: Too many arguments in macro call: AsmVar: ,$temp
 ../INC/dosmac.INC(422): Included by
  ../INC/DOSSYM.INC(11): Included by
   CLOSE.ASM(17): Main line code
CLOSE.ASM(59) : Warning A4149: Too many arguments in macro call: Assert: ISSFT,<ES,DI>,<"DOS_CLOSE">
CLOSE.ASM(60) : Warning A4149: Too many arguments in macro call: fmt: TypAccess,LevBUSY,<"$p: CLOSE SFT: $x:$x\n">,<ES,DI>
CLOSE.ASM(227) : Warning A4149: Too many arguments in macro call: fmt: TypAccess,LevBUSY,<"$p: DOSFreeSFT: $x:$x from $x\n">,<ES,DI,AX>
CLOSE.ASM(230) : Warning A4149: Too many arguments in macro call: Assert: ISSFT,<ES,DI>,"DOS_FREE_SFT"
CLOSE.ASM(377) : Warning A4149: Too many arguments in macro call: Assert: ISSFT,<ES,DI>,"SetSFTTimes"
... for DOS Version 6.22 ...
DOSSYM in Pass 2
BPB.INC...
... CLONE version build switch on ...
DEVSYM.INC...
DOS_CLOSE... pass 1
DOS_CLOSE... pass 2
FREE_SFT... pass 1
FREE_SFT... pass 2
DirFromSFT... pass 1
DirFromSFT... pass 2
***** Possible stack size error in DirFromSFT *****
DOS_COMMIT... pass 1
DOS_COMMIT... pass 2
SetSFTTimes... pass 1
SetSFTTimes... pass 2
cd /Users/ddanila/fun/msdos/out/ru-repro-43uqhx89/j4/src/DOS && /Users/ddanila/fun/msdos/out/ru-repro-43uqhx89/j4/bin/jwasm-masm "-Mx -t -I. -ID:\\TOOLS\\INC -I..\\INC" "DISK3.ASM,DISK3.OBJ;"
../INC/dosmac.INC(422) : Warning A4149: Too many arguments in macro call: AsmVar: ,$temp
 ../INC/dosmac.INC(422): Included by
  ../INC/DOSSYM.INC(11): Included by
   DIRCALL.ASM(17): Main line code
... for DOS Version 6.22 ...
DOSSYM in Pass 2
BPB.INC...
... CLONE version build switch on ...
DEVSYM.INC...
DOS_MKDIR... pass 1
DOS_MKDIR... pass 2
DOS_CHDIR... pass 1
DOS_CHDIR... pass 2
DOS_RMDIR... pass 1
DOS_RMDIR... pass 2
../INC/dosmac.INC(422) : Warning A4149: Too many arguments in macro call: AsmVar: ,$temp
 ../INC/dosmac.INC(422): Included by
  ../INC/DOSSYM.INC(11): Included by
   DISK.ASM(27): Main line code
cd /Users/ddanila/fun/msdos/out/ru-repro-43uqhx89/j4/src/DOS && /Users/ddanila/fun/msdos/out/ru-repro-43uqhx89/j4/bin/jwasm-masm "-Mx -t -I. -ID:\\TOOLS\\INC -I..\\INC" "DIR.ASM,DIR.OBJ;"
../INC/dosmac.INC(422) : Warning A4149: Too many arguments in macro call: AsmVar: ,$temp
 ../INC/dosmac.INC(422): Included by
  ../INC/DOSSYM.INC(11): Included by
   DISK2.ASM(27): Main line code
DISK.ASM(107) : Warning A4149: Too many arguments in macro call: Assert: ISSFT,<ES,DI>,"SwapCon"
DISK.ASM(151) : Warning A4149: Too many arguments in macro call: Assert: ISSFT,<ES,DI>,"DOS_Read"
DISK.ASM(252) : Warning A4149: Too many arguments in macro call: Assert: ISSFT,<DS,SI>,"DOS_Read/DvRdRawR"
DISK.ASM(276) : Warning A4149: Too many arguments in macro call: Assert: ISSFT,<ES,DI>,"DOS_Read/DEVIOFERR"
DISK.ASM(306) : Warning A4149: Too many arguments in macro call: Assert: ISSFT,<DS,SI>,"DOS_Read/NotRdCon"
DISK.ASM(371) : Warning A4149: Too many arguments in macro call: Assert: ISSFT,<ES,DI>,"DOS_Read/EndRdDev"
DISK.ASM(451) : Warning A4149: Too many arguments in macro call: Assert: ISSFT,<ES,DI>,"DosWrite"
DISK.ASM(539) : Warning A4149: Too many arguments in macro call: Assert: ISSFT,<DS,SI>,"DosWrite/DvWrtRaw"
DISK.ASM(566) : Warning A4149: Too many arguments in macro call: Assert: ISSFT,<ES,DI>,"DosWrite/EndWrDev"
DISK.ASM(609) : Warning A4149: Too many arguments in macro call: Assert: ISSFT,<DS,SI>,"DosWrite/TestDevCon"
DISK.ASM(697) : Warning A4149: Too many arguments in macro call: Assert: ISSFT,<DS,SI>,"GetIOSft"
DISK.ASM(723) : Warning A4149: Too many arguments in macro call: Assert: ISDPB,<ES,BP>,"DirRead"
DISK.ASM(798) : Warning A4149: Too many arguments in macro call: Assert: ISBUF,<DS,SI>,"SetBufAsDir"
DISK.ASM(821) : Warning A4149: Too many arguments in macro call: Assert: ISDPB,<ES,BP>,"FATSecRd"
DISK.ASM(864) : Warning A4149: Too many arguments in macro call: Assert: ISDPB,<ES,BP>,"DREAD"
... for DOS Version 6.22 ...
DOSSYM in Pass 2
BPB.INC...
... CLONE version build switch on ...
DEVSYM.INC...
... CLONE version build switch on ...
SWAPBACK... pass 1
SWAPBACK... pass 2
SWAPCON... pass 1
SWAPCON... pass 2
DOS_READ... pass 1
DOS_READ... pass 2
DOS_WRITE... pass 1
DOS_WRITE... pass 2
get_io_sft... pass 1
get_io_sft... pass 2
DirRead... pass 1
DirRead... pass 2
FATSecRd... pass 1
FATSecRd... pass 2
CHECK_WRITE_LOCK... pass 1
CHECK_WRITE_LOCK... pass 2
CHECK_READ_LOCK... pass 1
CHECK_READ_LOCK... pass 2
choose_buf_page... pass 1
choose_buf_page... pass 2
cd /Users/ddanila/fun/msdos/out/ru-repro-43uqhx89/j4/src/DOS && /Users/ddanila/fun/msdos/out/ru-repro-43uqhx89/j4/bin/jwasm-masm "-Mx -t -I. -ID:\\TOOLS\\INC -I..\\INC" "DIR2.ASM,DIR2.OBJ;"
DISK2.ASM(101) : Warning A4149: Too many arguments in macro call: Assert: ISDPB,<ES,BP>,"DskRead"
DISK2.ASM(129) : Warning A4149: Too many arguments in macro call: Assert: ISDPB,<ES,BP>,"DWrite"
DISK2.ASM(164) : Warning A4149: Too many arguments in macro call: Assert: ISDPB,<ES,BP>,"DskWrite"
DISK2.ASM(259) : Warning A4149: Too many arguments in macro call: Assert: ISSFT,<ES,DI>,"SetUp"
DISK2.ASM(276) : Warning A4149: Too many arguments in macro call: Assert: ISDPB,<ES,BP>,"Setup"
DISK2.ASM(350) : Warning A4149: Too many arguments in macro call: Assert: ISDPB,<ES,BP>,"BreakDown"
DISK2.ASM(388) : Warning A4149: Too many arguments in macro call: Assert: ISSFT,<ES,DI>,"ReadLockViolation"
DISK2.ASM(416) : Warning A4149: Too many arguments in macro call: Assert: ISSFT,<ES,DI>,"WriteLockViolation"
DISK2.ASM(444) : Warning A4149: Too many arguments in macro call: Assert: ISSFT,<ES,DI>,"DISKREAD"
DISK2.ASM(466) : Warning A4149: Too many arguments in macro call: Assert: ISDPB,<ES,BP>,"DISKREAD/ReadOK"
DISK2.ASM(640) : Warning A4149: Too many arguments in macro call: Assert: ISDPB,<ES,BP>,"DISKREAD/RdLp"
DISK2.ASM(737) : Warning A4149: Too many arguments in macro call: Assert: ISSFT,<ES,DI>,"SetClus"
DISK2.ASM(762) : Warning A4149: Too many arguments in macro call: Assert: ISSFT,<ES,DI>,"AddRec"
... for DOS Version 6.22 ...
DOSSYM in Pass 2
BPB.INC...
... CLONE version build switch on ...
DEVSYM.INC...
... CLONE version build switch on ...
DskRead... pass 1
DskRead... pass 2
HARDERRRW... pass 1
HARDERRRW... pass 2
SETUP... pass 1
SETUP... pass 2
BREAKDOWN... pass 1
BREAKDOWN... pass 2
READ_LOCK_VIOLATION... pass 1
READ_LOCK_VIOLATION... pass 2
WRITE_LOCK_VIOLATION... pass 1
WRITE_LOCK_VIOLATION... pass 2
DISKREAD... pass 1
DISKREAD... pass 2
cd /Users/ddanila/fun/msdos/out/ru-repro-43uqhx89/j4/src/DOS && /Users/ddanila/fun/msdos/out/ru-repro-43uqhx89/j4/bin/jwasm-masm "-Mx -t -I. -ID:\\TOOLS\\INC -I..\\INC" "DEV.ASM,DEV.OBJ;"
../INC/dosmac.INC(422) : Warning A4149: Too many arguments in macro call: AsmVar: ,$temp
 ../INC/dosmac.INC(422): Included by
  ../INC/DOSSYM.INC(11): Included by
   DISK3.ASM(15): Main line code
DISK3.ASM(89) : Warning A4149: Too many arguments in macro call: Assert: ISSFT,<ES,DI>,"DiskWrite"
DISK3.ASM(104) : Warning A4149: Too many arguments in macro call: Assert: ISDPB,<ES,BP>,"DiskWrite/WriteOk"
DISK3.ASM(137) : Warning A4149: Too many arguments in macro call: Assert: ISSFT,<ES,DI>,"DiskWrite/CalClus"
DISK3.ASM(217) : Warning A4149: Too many arguments in macro call: Assert: ISSFT,<ES,DI>,"DiskWrite/WrtErr"
DISK3.ASM(299) : Warning A4149: Too many arguments in macro call: Assert: ISDPB,<ES,BP>,"DiskWrite/WrtLp"
DISK3.ASM(386) : Warning A4149: Too many arguments in macro call: Assert: ISSFT,<ES,DI>,"DiskWrite/FinWrt"
DISK3.ASM(437) : Warning A4149: Too many arguments in macro call: Assert: ISSFT,<ES,DI>,"DiskWrite/update"
DISK3.ASM(467) : Warning A4149: Too many arguments in macro call: Assert: ISSFT,<ES,DI>,"DiskWrite/KillFil"
... for DOS Version 6.22 ...
DOSSYM in Pass 2
BPB.INC...
... CLONE version build switch on ...
DEVSYM.INC...
... CLONE version build switch on ...
DISKWRITE... pass 1
DISKWRITE... pass 2
DIV32... pass 1
DIV32... pass 2
SHR32... pass 1
SHR32... pass 2
File_Handle_Fail_Error... pass 1
File_Handle_Fail_Error... pass 2
BUFF_RANGE_CHECK... pass 1
BUFF_RANGE_CHECK... pass 2
cd /Users/ddanila/fun/msdos/out/ru-repro-43uqhx89/j4/src/DOS && /Users/ddanila/fun/msdos/out/ru-repro-43uqhx89/j4/bin/jwasm-masm "-Mx -t -I. -ID:\\TOOLS\\INC -I..\\INC" "MKNODE.ASM,MKNODE.OBJ;"
../INC/dosmac.INC(422) : Warning A4149: Too many arguments in macro call: AsmVar: ,$temp
 ../INC/dosmac.INC(422): Included by
  ../INC/dossym.inc(11): Included by
   DIR.ASM(24): Main line code
DIR.ASM(125) : Warning A4149: Too many arguments in macro call: Assert: ISDPB,<<WORD PTR THISDPB+2>,<WORD PTR THISDPB>>,"NextEnt"
DIR.ASM(331) : Warning A4149: Too many arguments in macro call: Assert: ISDPB,<ES,BP>,"GetEntry/GetEnt"
DIR.ASM(381) : Warning A4149: Too many arguments in macro call: Assert: ISDPB,<ES,BP>,"SetDirSrch"
... for DOS Version 6.22 ...
DOSSYM in Pass 2
BPB.INC...
... CLONE version build switch on ...
SEARCH... pass 1
SEARCH... pass 2
MetaCompare... pass 1
MetaCompare... pass 2
NextEntry... pass 1
NextEntry... pass 2
GETENTRY... pass 1
GETENTRY... pass 2
SETDIRSRCH... pass 1
SETDIRSRCH... pass 2
***** Possible stack size error in SETDIRSRCH *****
cd /Users/ddanila/fun/msdos/out/ru-repro-43uqhx89/j4/src/DOS && /Users/ddanila/fun/msdos/out/ru-repro-43uqhx89/j4/bin/jwasm-masm "-Mx -t -I. -ID:\\TOOLS\\INC -I..\\INC" "ROM.ASM,ROM.OBJ;"
../INC/dosmac.INC(422) : Warning A4149: Too many arguments in macro call: AsmVar: ,$temp
 ../INC/dosmac.INC(422): Included by
  ../INC/dossym.inc(11): Included by
   DIR2.ASM(25): Main line code
../INC/dosmac.INC(422) : Warning A4149: Too many arguments in macro call: AsmVar: ,$temp
 ../INC/dosmac.INC(422): Included by
  ../INC/DOSSYM.INC(11): Included by
   DEV.ASM(25): Main line code
DIR2.ASM(210) : Warning A4149: Too many arguments in macro call: Assert: ISDPB,<<WORD PTR THISDPB+2>,<WORD PTR THISDPB>>,"Crackit"
DIR2.ASM(428) : Warning A4149: Too many arguments in macro call: Assert: ISDPB,<ES,BP>,"FindPath"
DIR2.ASM(750) : Warning A4149: Too many arguments in macro call: Assert: ISDPB,<<WORD PTR THISDPB+2>,<WORD PTR THISDPB>>,"StartSrch"
... for DOS Version 6.22 ...
DOSSYM in Pass 2
BPB.INC...
... CLONE version build switch on ...
DEVSYM.INC...
GETPATH... pass 1
GETPATH... pass 2
ChkDev... pass 1
ChkDev... pass 2
ROOTPATH... pass 1
ROOTPATH... pass 2
StartSrch... pass 1
StartSrch... pass 2
MatchAttributes... pass 1
MatchAttributes... pass 2
DEVNAME... pass 1
DEVNAME... pass 2
Build_device_ent... pass 1
Build_device_ent... pass 2
ValidateCDS... pass 1
ValidateCDS... pass 2
CheckThisDevice... pass 1
CheckThisDevice... pass 2
LookupPath... pass 1
LookupPath... pass 2
InsertPath... pass 1
InsertPath... pass 2
cd /Users/ddanila/fun/msdos/out/ru-repro-43uqhx89/j4/src/DOS && /Users/ddanila/fun/msdos/out/ru-repro-43uqhx89/j4/bin/jwasm-masm "-Mx -t -I. -ID:\\TOOLS\\INC -I..\\INC" "FCB.ASM,FCB.OBJ;"
DEV.ASM(112) : Warning A4149: Too many arguments in macro call: Assert: ISSFT,<DS,SI>,"IOFUNC"
DEV.ASM(336) : Warning A4149: Too many arguments in macro call: Assert: ISSFT,<ES,DI>,"Dev_Open_SFT"
DEV.ASM(354) : Warning A4149: Too many arguments in macro call: Assert: ISSFT,<ES,DI>,"Dev_Close_SFT"
DEV.ASM(446) : Warning A4149: Too many arguments in macro call: Assert: ISSFT,<DS,SI>,"DevIOCall"
... for DOS Version 6.22 ...
DOSSYM in Pass 2
BPB.INC...
... CLONE version build switch on ...
DEVSYM.INC...
... CLONE version build switch on ...
IOFUNC... pass 1
IOFUNC... pass 2
DEV_OPEN_SFT... pass 1
DEV_OPEN_SFT... pass 2
DEV_CLOSE_SFT... pass 1
DEV_CLOSE_SFT... pass 2
DEVIOCALL... pass 1
DEVIOCALL... pass 2
SETREAD... pass 1
SETREAD... pass 2
RW_SC... pass 1
RW_SC... pass 2
IN_SC... pass 1
IN_SC... pass 2
INVALIDATE_SC... pass 1
INVALIDATE_SC... pass 2
VIRREAD... pass 1
VIRREAD... pass 2
SC2BUF... pass 1
SC2BUF... pass 2
../INC/dosmac.INC(422) : Warning A4149: Too many arguments in macro call: AsmVar: ,$temp
 ../INC/dosmac.INC(422): Included by
  ../INC/dossym.inc(11): Included by
   MKNODE.ASM(24): Main line code
cd /Users/ddanila/fun/msdos/out/ru-repro-43uqhx89/j4/src/DOS && /Users/ddanila/fun/msdos/out/ru-repro-43uqhx89/j4/bin/jwasm-masm "-Mx -t -I. -ID:\\TOOLS\\INC -I..\\INC" "MSCTRLC.ASM,MSCTRLC.OBJ;"
... for DOS Version 6.22 ...
DOSSYM in Pass 2
BPB.INC...
... CLONE version build switch on ...
DEVSYM.INC...
BUILDDIR... pass 1
BUILDDIR... pass 2
SETDOTENT... pass 1
SETDOTENT... pass 2
MakeNode... pass 1
MakeNode... pass 2
***** Possible stack size error in MakeNode *****
NEWENTRY... pass 1
NEWENTRY... pass 2
FREEENT... pass 1
FREEENT... pass 2
CHECK_VIRT_OPEN... pass 1
CHECK_VIRT_OPEN... pass 2
cd /Users/ddanila/fun/msdos/out/ru-repro-43uqhx89/j4/src/DOS && /Users/ddanila/fun/msdos/out/ru-repro-43uqhx89/j4/bin/jwasm-masm "-Mx -t -I. -ID:\\TOOLS\\INC -I..\\INC" "FAT.ASM,FAT.OBJ;"
../INC/dosmac.INC(422) : Warning A4149: Too many arguments in macro call: AsmVar: ,$temp
 ../INC/dosmac.INC(422): Included by
  ../INC/DOSSYM.INC(11): Included by
   ROM.ASM(30): Main line code
ROM.ASM(78) : Warning A4149: Too many arguments in macro call: Assert: ISDPB,<ES,BP>,"FndCLus"
ROM.ASM(81) : Warning A4149: Too many arguments in macro call: Assert: ISSFT,<ES,DI>,"FndClus"
ROM.ASM(200) : Warning A4149: Too many arguments in macro call: Assert: ISDPB,<ES,BP>,"BufSec"
ROM.ASM(214) : Warning A4149: Too many arguments in macro call: Assert: ISBUF,<ES,DI>,"BufSec"
ROM.ASM(232) : Warning A4149: Too many arguments in macro call: Assert: ISDPB,<ES,BP>,"BufRd"
ROM.ASM(254) : Warning A4149: Too many arguments in macro call: Assert: ISBUF,<DS,DI>,"BufRD/EvenRD"
ROM.ASM(258) : Warning A4149: Too many arguments in macro call: Assert: ISDPB,<ES,BP>,"BufRD/EvenRD"
ROM.ASM(279) : Warning A4149: Too many arguments in macro call: Assert: ISDPB,<ES,BP>,"BufWrt"
ROM.ASM(308) : Warning A4149: Too many arguments in macro call: Assert: ISBUF,<DS,BX>,"BufWrt/EvenWrt"
ROM.ASM(320) : Warning A4149: Too many arguments in macro call: Assert: ISDPB,<ES,BP>,"BufWrt/EvenWrt"
ROM.ASM(341) : Warning A4149: Too many arguments in macro call: Assert: ISDPB,<ES,BP>,"NextSec"
ROM.ASM(414) : Warning A4149: Too many arguments in macro call: Assert: ISDPB,<ES,BP>,"Optimize"
ROM.ASM(518) : Warning A4149: Too many arguments in macro call: Assert: ISDPB,<ES,BP>,"FigRec"
ROM.ASM(626) : Warning A4149: Too many arguments in macro call: Assert: ISDPB,<ES,BP>,"Allocate"
ROM.ASM(638) : Warning A4149: Too many arguments in macro call: Assert: ISDPB,<ES,BP>,"Allocate/Unpack"
ROM.ASM(647) : Warning A4149: Too many arguments in macro call: Assert: ISDPB,<ES,BP>,"Alloc/ads1"
ROM.ASM(661) : Warning A4149: Too many arguments in macro call: Assert: ISDPB,<ES,BP>,"Alloc/findfre"
ROM.ASM(734) : Warning A4149: Too many arguments in macro call: Assert: ISSFT,<ES,DI>,"Allocate/ads4"
ROM.ASM(831) : Warning A4149: Too many arguments in macro call: Assert: ISDPB,<ES,BP>,"RelBlks"
ROM.ASM(873) : Warning A4149: Too many arguments in macro call: Assert: ISDPB,<ES,BP>,"GetEof"
... CLONE version build switch on ...
... for DOS Version 6.22 ...
DOSSYM in Pass 2
BPB.INC...
... CLONE version build switch on ...
DEVSYM.INC...
FNDCLUS... pass 1
FNDCLUS... pass 2
BUFSEC... pass 1
BUFSEC... pass 2
BUFRD... pass 1
BUFRD... pass 2
BUFWRT... pass 1
BUFWRT... pass 2
NEXTSEC... pass 1
NEXTSEC... pass 2
OPTIMIZE... pass 1
OPTIMIZE... pass 2
FIGREC... pass 1
FIGREC... pass 2
ALLOCATE... pass 1
ALLOCATE... pass 2
RESTFATBYT... pass 1
RESTFATBYT... pass 2
RELEASE... pass 1
RELEASE... pass 2
GETEOF... pass 1
GETEOF... pass 2
FS_TRUNC_EOF... pass 1
FS_TRUNC_EOF... pass 2
cd /Users/ddanila/fun/msdos/out/ru-repro-43uqhx89/j4/src/DOS && /Users/ddanila/fun/msdos/out/ru-repro-43uqhx89/j4/bin/jwasm-masm "-Mx -t -I. -ID:\\TOOLS\\INC -I..\\INC" "BUF.ASM,BUF.OBJ;"
../INC/dosmac.INC(422) : Warning A4149: Too many arguments in macro call: AsmVar: ,$temp
 ../INC/dosmac.INC(422): Included by
  ../INC/dossym.inc(11): Included by
   FCB.ASM(28): Main line code
../INC/dosmac.INC(422) : Warning A4149: Too many arguments in macro call: AsmVar: ,$temp
 ../INC/dosmac.INC(422): Included by
  ../INC/DOSSYM.INC(11): Included by
   ctrlc.asm(23): Included by
    MSCTRLC.ASM(14): Main line code
... for DOS Version 6.22 ...
DOSSYM in Pass 2
BPB.INC...
... CLONE version build switch on ...
DEVSYM.INC...
MakeFcb... pass 1
MakeFcb... pass 2
NameTrans... pass 1
NameTrans... pass 2
GetLet... pass 1
GetLet... pass 2
PATHCHRCMP... pass 1
PATHCHRCMP... pass 2
cd /Users/ddanila/fun/msdos/out/ru-repro-43uqhx89/j4/src/DOS && /Users/ddanila/fun/msdos/out/ru-repro-43uqhx89/j4/bin/jwasm-masm "-Mx -t -I. -ID:\\TOOLS\\INC -I..\\INC" "PROC.ASM,PROC.OBJ;"
ctrlc.asm(493) : Warning A4149: Too many arguments in macro call: fmt: TypINT24,LevLog,<"INT 24: AX = $x DI = $x\n">,<AX,DI>
 ctrlc.asm(493): Included by
  MSCTRLC.ASM(14): Main line code
ctrlc.asm(536) : Warning A4149: Too many arguments in macro call: fmt: TypINT24,LevLog,<"INT 24: User reply = $x\n">,<AX>
 ctrlc.asm(536): Included by
  MSCTRLC.ASM(14): Main line code
../INC/dosmac.INC(422) : Warning A4149: Too many arguments in macro call: AsmVar: ,$temp
 ../INC/dosmac.INC(422): Included by
  ../INC/DOSSYM.INC(11): Included by
   FAT.ASM(21): Main line code
... CLONE version build switch on ...
... for DOS Version 6.22 ...
DOSSYM in Pass 2
BPB.INC...
... CLONE version build switch on ...
DEVSYM.INC...
... CLONE version build switch on ...
DSKSTATCHK... pass 1
DSKSTATCHK... pass 2
SPOOLINT... pass 1
SPOOLINT... pass 2
STATCHK... pass 1
STATCHK... pass 2
CNTCHAND... pass 1
CNTCHAND... pass 2
DIVOV... pass 1
DIVOV... pass 2
OutMes... pass 1
OutMes... pass 2
CHARHARD... pass 1
CHARHARD... pass 2
HardErr... pass 1
HardErr... pass 2
***** Possible stack size error in HardErr *****
SET_I24_EXTENDED_ERROR... pass 1
SET_I24_EXTENDED_ERROR... pass 2
cd /Users/ddanila/fun/msdos/out/ru-repro-43uqhx89/j4/src/DOS && /Users/ddanila/fun/msdos/out/ru-repro-43uqhx89/j4/bin/jwasm-masm "-Mx -t -I. -ID:\\TOOLS\\INC -I..\\INC" "ALLOC.ASM,ALLOC.OBJ;"
FAT.ASM(68) : Warning A4149: Too many arguments in macro call: Assert: ISDPB,<ES,BP>,"IsEOF"
FAT.ASM(97) : Warning A4149: Too many arguments in macro call: Assert: ISDPB,<ES,BP>,"Unpack"
FAT.ASM(158) : Warning A4149: Too many arguments in macro call: Assert: ISDPB,<ES,BP>,"Pack"
FAT.ASM(250) : Warning A4149: Too many arguments in macro call: Assert: ISDPB,<ES,BP>,"MapCluster"
FAT.ASM(373) : Warning A4149: Too many arguments in macro call: Assert: ISDPB,<ES,BP>,"FatReadSFT"
FAT.ASM(402) : Warning A4149: Too many arguments in macro call: Assert: ISDPB,<ES,BP>,"FatReadCDS"
... for DOS Version 6.22 ...
DOSSYM in Pass 2
BPB.INC...
... CLONE version build switch on ...
DEVSYM.INC...
IsEof... pass 1
IsEof... pass 2
UNPACK... pass 1
UNPACK... pass 2
PACK... pass 1
PACK... pass 2
MAPCLUSTER... pass 1
MAPCLUSTER... pass 2
***** Possible stack size error in MAPCLUSTER *****
FATREAD_SFT... pass 1
FATREAD_SFT... pass 2
FATREAD_CDS... pass 1
FATREAD_CDS... pass 2
FAT_operation... pass 1
FAT_operation... pass 2
cd /Users/ddanila/fun/msdos/out/ru-repro-43uqhx89/j4/src/DOS && /Users/ddanila/fun/msdos/out/ru-repro-43uqhx89/j4/bin/jwasm-masm "-Mx -t -I. -ID:\\TOOLS\\INC -I..\\INC" "SRVCALL.ASM,SRVCALL.OBJ;"
../INC/dosmac.INC(422) : Warning A4149: Too many arguments in macro call: AsmVar: ,$temp
 ../INC/dosmac.INC(422): Included by
  ../INC/DOSSYM.INC(11): Included by
   BUF.ASM(28): Main line code
BUF.ASM(388) : Warning A4149: Too many arguments in macro call: Assert: ISDPB,<ES,BP>,"GetBuffr"
BUF.ASM(612) : Warning A4149: Too many arguments in macro call: Assert: ISBUF,<DS,DI>,"CheckFlush"
BUF.ASM(649) : Warning A4149: Too many arguments in macro call: Assert: ISBUF,<DS,DI>,"BufWrite"
... for DOS Version 6.22 ...
DOSSYM in Pass 2
BPB.INC...
... CLONE version build switch on ...
DEVSYM.INC...
... CLONE version build switch on ...
GETCURHEAD... pass 1
GETCURHEAD... pass 2
SET_MAP_PAGE... pass 1
SET_MAP_PAGE... pass 2
SAVE_MAP... pass 1
SAVE_MAP... pass 2
RESTORE_MAP... pass 1
RESTORE_MAP... pass 2
ScanPlace... pass 1
ScanPlace... pass 2
PLACEBUF... pass 1
PLACEBUF... pass 2
PLACEHEAD... pass 1
PLACEHEAD... pass 2
PointComp... pass 1
PointComp... pass 2
GETBUFFR... pass 1
GETBUFFR... pass 2
FlushBuf... pass 1
FlushBuf... pass 2
CHECKFLUSH... pass 1
CHECKFLUSH... pass 2
BufWrite... pass 1
BufWrite... pass 2
SET_RQ_SC_PARMS... pass 1
SET_RQ_SC_PARMS... pass 2
INC_DIRTY_COUNT... pass 1
INC_DIRTY_COUNT... pass 2
DEC_DIRTY_COUNT... pass 1
DEC_DIRTY_COUNT... pass 2
Map_Entry... pass 1
Map_Entry... pass 2
detect_collision... pass 1
detect_collision... pass 2
Setup_EMS_Buffers... pass 1
Setup_EMS_Buffers... pass 2
cd /Users/ddanila/fun/msdos/out/ru-repro-43uqhx89/j4/src/DOS && /Users/ddanila/fun/msdos/out/ru-repro-43uqhx89/j4/bin/jwasm-masm "-Mx -t -I. -ID:\\TOOLS\\INC -I..\\INC" "UTIL.ASM,UTIL.OBJ;"
../INC/dosmac.INC(422) : Warning A4149: Too many arguments in macro call: AsmVar: ,$temp
 ../INC/dosmac.INC(422): Included by
  ../INC/DOSSYM.INC(11): Included by
   PROC.ASM(26): Main line code
../INC/dosmac.INC(422) : Warning A4149: Too many arguments in macro call: AsmVar: ,$temp
 ../INC/dosmac.INC(422): Included by
  ../INC/DOSSYM.INC(11): Included by
   ALLOC.ASM(14): Main line code
... for DOS Version 6.22 ...
DOSSYM in Pass 2
BPB.INC...
... CLONE version build switch on ...
DEVSYM.INC...
$WAIT... pass 1
$WAIT... pass 2
... CLONE version build switch on ...
Please make sure that the following are contiguous and of the
following sizes:

OpenBuf     128
RenBuf	    128
SearchBuf    53
DummyCDS    CurDirLen
$Exec... pass 1
$Exec... pass 2
exec_long_ret... pass 1
exec_long_ret... pass 2
ExecRead... pass 1
ExecRead... pass 2
exec_dealloc... pass 1
exec_dealloc... pass 2
exec_alloc... pass 1
exec_alloc... pass 2
ChangeOwners... pass 1
ChangeOwners... pass 2
ChangeOwner... pass 1
ChangeOwner... pass 2
Scan_Execname... pass 1
Scan_Execname... pass 2
Scan_Special_Entries... pass 1
Scan_Special_Entries... pass 2
Reset_Version... pass 1
Reset_Version... pass 2
$Keep_process... pass 1
$Keep_process... pass 2
Stay_resident... pass 1
Stay_resident... pass 2
$EXIT... pass 1
$EXIT... pass 2
$ABORT... pass 1
$ABORT... pass 2
../INC/dosmac.INC(422) : Warning A4149: Too many arguments in macro call: AsmVar: ,$temp
 ../INC/dosmac.INC(422): Included by
  ../INC/DOSSYM.INC(11): Included by
   SRVCALL.ASM(19): Main line code
cd /Users/ddanila/fun/msdos/out/ru-repro-43uqhx89/j4/src/DOS && /Users/ddanila/fun/msdos/out/ru-repro-43uqhx89/j4/bin/jwasm-masm "-Mx -t -I. -ID:\\TOOLS\\INC -I..\\INC" "HANDLE.ASM,HANDLE.OBJ;"
... for DOS Version 6.22 ...
DOSSYM in Pass 2
BPB.INC...
... CLONE version build switch on ...
DEVSYM.INC...
arena_free_process... pass 1
arena_free_process... pass 2
arena_next... pass 1
arena_next... pass 2
check_signature... pass 1
check_signature... pass 2
Coalesce... pass 1
Coalesce... pass 2
$ALLOC... pass 1
$ALLOC... pass 2
$SETBLOCK... pass 1
$SETBLOCK... pass 2
$DEALLOC... pass 1
$DEALLOC... pass 2
RegisterUmb... pass 1
RegisterUmb... pass 2
$AllocOper... pass 1
$AllocOper... pass 2
cd /Users/ddanila/fun/msdos/out/ru-repro-43uqhx89/j4/src/DOS && /Users/ddanila/fun/msdos/out/ru-repro-43uqhx89/j4/bin/jwasm-masm "-Mx -t -I. -ID:\\TOOLS\\INC -I..\\INC" "MACRO.ASM,MACRO.OBJ;"
... for DOS Version 6.22 ...
DOSSYM in Pass 2
BPB.INC...
... CLONE version build switch on ...
DEVSYM.INC...
$ServerCall... pass 1
$ServerCall... pass 2
***** Possible stack size error in $ServerCall *****
cd /Users/ddanila/fun/msdos/out/ru-repro-43uqhx89/j4/src/DOS && /Users/ddanila/fun/msdos/out/ru-repro-43uqhx89/j4/bin/jwasm-masm "-Mx -t -I. -ID:\\TOOLS\\INC -I..\\INC" "MACRO2.ASM,MACRO2.OBJ;"
../INC/dosmac.INC(422) : Warning A4149: Too many arguments in macro call: AsmVar: ,$temp
 ../INC/dosmac.INC(422): Included by
  ../INC/DOSSYM.INC(11): Included by
   UTIL.ASM(22): Main line code
UTIL.ASM(71) : Warning A4149: Too many arguments in macro call: fmt: TypAccess,LevSFN,<"$p: Illegal JFN %x\n">,<BX>
UTIL.ASM(103) : Warning A4149: Too many arguments in macro call: fmt: TypAccess,LevSFN,<"$p: Illegal SFN $x:$x\n">,<ES,DI>
UTIL.ASM(209) : Warning A4149: Too many arguments in macro call: fmt: TypAccess,LevSFN,<"$p: SFT $x:$x($x)is busy, owner $x:$x\n">,<ES,DI,BX,ES:[DI].sf_UID,ES:[DI].sf_pid>
UTIL.ASM(218) : Warning A4149: Too many arguments in macro call: fmt: TypAccess,LevSFN,<"$p: SFT unusable\n">
UTIL.ASM(227) : Warning A4149: Too many arguments in macro call: fmt: TypAccess,LevSFN,<"$p: SFT $x:$x($x) marked busy\n">,<ES,DI,BX>
... for DOS Version 6.22 ...
DOSSYM in Pass 2
BPB.INC...
... CLONE version build switch on ...
DEVSYM.INC...
pJFNFromHandle... pass 1
pJFNFromHandle... pass 2
SFFromHandle... pass 1
SFFromHandle... pass 2
SFFromSFN... pass 1
SFFromSFN... pass 2
JFNFree... pass 1
JFNFree... pass 2
SFNFree... pass 1
SFNFree... pass 2
cd /Users/ddanila/fun/msdos/out/ru-repro-43uqhx89/j4/src/DOS && /Users/ddanila/fun/msdos/out/ru-repro-43uqhx89/j4/bin/jwasm-masm "-Mx -t -I. -ID:\\TOOLS\\INC -I..\\INC" "FILE.ASM,FILE.OBJ;"
../INC/dosmac.INC(422) : Warning A4149: Too many arguments in macro call: AsmVar: ,$temp
 ../INC/dosmac.INC(422): Included by
  ../INC/DOSSYM.INC(11): Included by
   HANDLE.ASM(17): Main line code
../INC/dosmac.INC(422) : Warning A4149: Too many arguments in macro call: AsmVar: ,$temp
 ../INC/dosmac.INC(422): Included by
  ../INC/DOSSYM.INC(11): Included by
   MACRO.ASM(65): Main line code
../INC/dosmac.INC(422) : Warning A4149: Too many arguments in macro call: AsmVar: ,$temp
 ../INC/dosmac.INC(422): Included by
  ../INC/DOSSYM.INC(11): Included by
   MACRO2.ASM(72): Main line code
... for DOS Version 6.22 ...
DOSSYM in Pass 2
BPB.INC...
... CLONE version build switch on ...
DEVSYM.INC...
$AssignOper... pass 1
$AssignOper... pass 2
FIND_DPB... pass 1
FIND_DPB... pass 2
InitCDS... pass 1
InitCDS... pass 2
$UserOper... pass 1
$UserOper... pass 2
GetVisDrv... pass 1
GetVisDrv... pass 2
GetThisDrv... pass 1
GetThisDrv... pass 2
GetCDSFromDrv... pass 1
GetCDSFromDrv... pass 2
HANDLE.ASM(89) : Warning A4149: Too many arguments in macro call: fmt: TypSysCall,LevLog,<"$p Close\n">
HANDLE.ASM(90) : Warning A4149: Too many arguments in macro call: fmt: TypSysCall,LevArgs,<"$p  Handle = $x\n">,<BX>
HANDLE.ASM(96) : Warning A4149: Too many arguments in macro call: fmt: TypAccess,LevSFN,<"$p  Close SFT $x:$x\n">,<es,di>
HANDLE.ASM(120) : Warning A4149: Too many arguments in macro call: fmt: TypAccess,LevSFN,<"$p  Close jfn pointer $x:$x\n">,<es,di>
HANDLE.ASM(132) : Warning A4149: Too many arguments in macro call: fmt: TypSysCall,LevLog,<"$p: Close ok\n">
HANDLE.ASM(137) : Warning A4149: Too many arguments in macro call: fmt: TypSysCall,LevLog,<"$p: Close error $x\n">,<AX>
HANDLE.ASM(322) : Warning A4149: Too many arguments in macro call: fmt: TypSysCall,LevLog,<"Read\n">
HANDLE.ASM(323) : Warning A4149: Too many arguments in macro call: fmt: TypSysCall,LevArgs,<" Handle $x Cnt $x Buf $x:$x\n">,<BX,CX,DS,DX>
HANDLE.ASM(332) : Warning A4149: Too many arguments in macro call: fmt: TypSysCall,LevLog,<"Read/Write error $x\n">,<AX>
HANDLE.ASM(389) : Warning A4149: Too many arguments in macro call: fmt: TypSysCall,LevLog,<"Read/Write cnt done $x\n">,<AX>
HANDLE.ASM(434) : Warning A4149: Too many arguments in macro call: fmt: TypSysCall,LevLog,<"Write\n">
HANDLE.ASM(435) : Warning A4149: Too many arguments in macro call: fmt: TypSysCall,LevArgs,<" Handle $x Cnt $x Buf $x:$x\n">,<BX,CX,DS,DX>
cd /Users/ddanila/fun/msdos/out/ru-repro-43uqhx89/j4/src/DOS && /Users/ddanila/fun/msdos/out/ru-repro-43uqhx89/j4/bin/jwasm-masm "-Mx -t -I. -ID:\\TOOLS\\INC -I..\\INC" "LOCK.ASM,LOCK.OBJ;"
... for DOS Version 6.22 ...
DOSSYM in Pass 2
BPB.INC...
... CLONE version build switch on ...
DEVSYM.INC...
... CLONE version build switch on ...
$Close... pass 1
$Close... pass 2
$Commit... pass 1
$Commit... pass 2
$ExtHandle... pass 1
$ExtHandle... pass 2
$READ... pass 1
$READ... pass 2
Align_Buffer... pass 1
Align_Buffer... pass 2
$WRITE... pass 1
$WRITE... pass 2
$LSEEK... pass 1
$LSEEK... pass 2
$File_Times... pass 1
$File_Times... pass 2
$DUP... pass 1
$DUP... pass 2
$Dup2... pass 1
$Dup2... pass 2
CheckOwner... pass 1
CheckOwner... pass 2
cd /Users/ddanila/fun/msdos/out/ru-repro-43uqhx89/j4/src/DOS && /Users/ddanila/fun/msdos/out/ru-repro-43uqhx89/j4/bin/jwasm-masm "-Mx -t -I. -ID:\\TOOLS\\INC -I..\\INC" "SHARE.ASM,SHARE.OBJ;"
... for DOS Version 6.22 ...
DOSSYM in Pass 2
BPB.INC...
... CLONE version build switch on ...
DEVSYM.INC...
TransFCB... pass 1
TransFCB... pass 2
TransPath... pass 1
TransPath... pass 2
Canonicalize... pass 1
Canonicalize... pass 2
PathSep... pass 1
PathSep... pass 2
SkipBack... pass 1
SkipBack... pass 2
CopyComponent... pass 1
CopyComponent... pass 2
Splice... pass 1
Splice... pass 2
***** Possible stack size error in Splice *****
$NameTrans... pass 1
$NameTrans... pass 2
DriveFromText... pass 1
DriveFromText... pass 2
TextFromDrive... pass 1
TextFromDrive... pass 2
PathPref... pass 1
PathPref... pass 2
ScanPathChar... pass 1
ScanPathChar... pass 2
cd /Users/ddanila/fun/msdos/out/ru-repro-43uqhx89/j4/src/DOS && /Users/ddanila/fun/msdos/out/ru-repro-43uqhx89/j4/bin/jwasm-masm "-Mx -t -I. -ID:\\TOOLS\\INC -I..\\INC" "EXTATTR.ASM,EXTATTR.OBJ;"
../INC/dosmac.INC(422) : Warning A4149: Too many arguments in macro call: AsmVar: ,$temp
 ../INC/dosmac.INC(422): Included by
  ../INC/dossym.inc(11): Included by
   FILE.ASM(30): Main line code
FILE.ASM(96) : Warning A4149: Too many arguments in macro call: fmt: TypSysCall,LevLog,<"Open\n">
FILE.ASM(97) : Warning A4149: Too many arguments in macro call: fmt: TypSysCall,LevArgs,<" Mode = $x file = '$S'\n">,<AX,DS,DX>
FILE.ASM(123) : Warning A4149: Too many arguments in macro call: fmt: TypAccess,LevSFN,<"AccessFile setting SFN to $x\n">,<BX>
FILE.ASM(224) : Warning A4149: Too many arguments in macro call: fmt: TypAccess,LevSFN,<"AccessFile setting SFN to -1\n">
FILE.ASM(226) : Warning A4149: Too many arguments in macro call: fmt: TypSysCall,LevLog,<"Open/CreateXX: return $x\n">,<AX>
FILE.ASM(239) : Warning A4149: Too many arguments in macro call: fmt: TypSysCall,LevLog,<"Return value from transpath $x\n">,<AX>
FILE.ASM(254) : Warning A4149: Too many arguments in macro call: fmt: TypSysCall,LevLog,<"Open/CreateXX: error $x\n">,<AX>
FILE.ASM(279) : Warning A4149: Too many arguments in macro call: fmt: TypSysCall,LevLog,<"Create\n">
FILE.ASM(280) : Warning A4149: Too many arguments in macro call: fmt: TypSysCall,LevArgs,<" Att = $x file = '$S'\n">,<CX,DS,DX>
FILE.ASM(463) : Warning A4149: Too many arguments in macro call: fmt: TypSysCall,LevLog,<"CreateNew\n">
FILE.ASM(464) : Warning A4149: Too many arguments in macro call: fmt: TypSysCall,LevArgs,<" Att = $x file = '$S'\n">,<CX,DS,DX>
FILE.ASM(517) : Warning A4149: Too many arguments in macro call: fmt: TypSysCall,LevLog,<"CreateTmp\n">
FILE.ASM(518) : Warning A4149: Too many arguments in macro call: fmt: TypSysCall,LevArgs,<" Att = $x dir = '$S'\n">,<CX,DS,DX>
... for DOS Version 6.22 ...
DOSSYM in Pass 2
BPB.INC...
... CLONE version build switch on ...
DEVSYM.INC...
... CLONE version build switch on ...
$Open... pass 1
$Open... pass 2
***** Possible stack size error in $Open *****
$Creat... pass 1
$Creat... pass 2
***** Possible stack size error in $Creat *****
$CHMOD... pass 1
$CHMOD... pass 2
$UNLINK... pass 1
$UNLINK... pass 2
$RENAME... pass 1
$RENAME... pass 2
$CreateNewFile... pass 1
$CreateNewFile... pass 2
***** Possible stack size error in $CreateNewFile *****
HexToAsciz... pass 1
HexToAsciz... pass 2
$CreateTempFile... pass 1
$CreateTempFile... pass 2
SetAttrib... pass 1
SetAttrib... pass 2
$Extended_Open... pass 1
$Extended_Open... pass 2
cd /Users/ddanila/fun/msdos/out/ru-repro-43uqhx89/j4/src/DOS && /Users/ddanila/fun/msdos/out/ru-repro-43uqhx89/j4/bin/jwasm-masm "-Mx -t -I. -ID:\\TOOLS\\INC -I..\\INC" "IFS.ASM,IFS.OBJ;"
../INC/dosmac.INC(422) : Warning A4149: Too many arguments in macro call: AsmVar: ,$temp
 ../INC/dosmac.INC(422): Included by
  ../INC/DOSSYM.INC(11): Included by
   LOCK.ASM(16): Main line code
../INC/dosmac.INC(422) : Warning A4149: Too many arguments in macro call: AsmVar: ,$temp
 ../INC/dosmac.INC(422): Included by
  ../INC/DOSSYM.INC(11): Included by
   SHARE.ASM(11): Main line code
../INC/dosmac.INC(422) : Warning A4149: Too many arguments in macro call: AsmVar: ,$temp
 ../INC/dosmac.INC(422): Included by
  ../INC/DOSSYM.INC(11): Included by
   EXTATTR.ASM(28): Main line code
... for DOS Version 6.22 ...
DOSSYM in Pass 2
BPB.INC...
... CLONE version build switch on ...
DEVSYM.INC...
SHARE_CHECK... pass 1
SHARE_CHECK... pass 2
SHARE_VIOLATION... pass 1
SHARE_VIOLATION... pass 2
ShareEnd... pass 1
ShareEnd... pass 2
ShareEnter... pass 1
ShareEnter... pass 2
... for DOS Version 6.22 ...
DOSSYM in Pass 2
BPB.INC...
... CLONE version build switch on ...
DEVSYM.INC...
$LockOper... pass 1
$LockOper... pass 2
LOCK_CHECK... pass 1
LOCK_CHECK... pass 2
LOCK_VIOLATION... pass 1
LOCK_VIOLATION... pass 2
CheckShare... pass 1
CheckShare... pass 2
cd /Users/ddanila/fun/msdos/out/ru-repro-43uqhx89/j4/src/BIOS && /Users/ddanila/fun/msdos/out/ru-repro-43uqhx89/j4/bin/jwasm-masm "-Mx -t -I. -ID:\\TOOLS\\INC -I..\\INC" "SYSCONF.ASM,SYSCONF.OBJ;"
cd /Users/ddanila/fun/msdos/out/ru-repro-43uqhx89/j4/src/BIOS && /Users/ddanila/fun/msdos/out/ru-repro-43uqhx89/j4/bin/jwasm-masm "-Mx -t -I. -ID:\\TOOLS\\INC -I..\\INC" "SYSINIT2.ASM,SYSINIT2.OBJ;"
... for DOS Version 6.22 ...
DOSSYM in Pass 2
BPB.INC...
... CLONE version build switch on ...
DEVSYM.INC...
GetSet_XA... pass 1
GetSet_XA... pass 2
cd /Users/ddanila/fun/msdos/out/ru-repro-43uqhx89/j4/src/BIOS && /Users/ddanila/fun/msdos/out/ru-repro-43uqhx89/j4/bin/jwasm-masm "-Mx -t -I. -ID:\\TOOLS\\INC -I..\\INC" "SYSIMES.ASM,SYSIMES.OBJ;"
../INC/dosmac.INC(422) : Warning A4149: Too many arguments in macro call: AsmVar: ,$temp
 ../INC/dosmac.INC(422): Included by
  ../INC/dossym.inc(11): Included by
   IFS.ASM(10): Main line code
... for DOS Version 6.22 ...
DOSSYM in Pass 2
BPB.INC...
... CLONE version build switch on ...
DEVSYM.INC...
IFS_DOSCALL... pass 1
IFS_DOSCALL... pass 2
GET_DOS_INFO... pass 1
GET_DOS_INFO... pass 2
$IFS_IOCTL... pass 1
$IFS_IOCTL... pass 2
cd /Users/ddanila/fun/msdos/out/ru-repro-43uqhx89/j4/src/CMD/COMMAND && /Users/ddanila/fun/msdos/out/ru-repro-43uqhx89/j4/bin/buildmsg "..\\..\\MESSAGES\\USA-MS" COMMAND.SKL
../INC/dosmac.INC(422) : Warning A4149: Too many arguments in macro call: AsmVar: ,$temp
 ../INC/dosmac.INC(422): Included by
  ../INC/smdossym.inc(10): Included by
   SYSCONF.ASM(46): Main line code
../INC/dosmac.INC(422) : Warning A4149: Too many arguments in macro call: AsmVar: ,$temp
 ../INC/dosmac.INC(422): Included by
  ../INC/smdossym.inc(10): Included by
   SYSINIT2.ASM(30): Main line code
...SYSIMES
MSEQU.INC...
MSBDS.INC...
...SYSINIT2
... for DOS Version 6.22 ...
DOSSYM in Pass 2
BPB.INC...
... CLONE version build switch on ...
DEVSYM.INC...
IOCTL.INC...
cd /Users/ddanila/fun/msdos/out/ru-repro-43uqhx89/j4/src/CMD/COMMAND && /Users/ddanila/fun/msdos/out/ru-repro-43uqhx89/j4/bin/jwasm-masm "-Mx -t -I. -ID:\\TOOLS\\INC -I..\\..\\INC -I..\\..\\DOS" "IPARSE.ASM,IPARSE.OBJ;"
cd /Users/ddanila/fun/msdos/out/ru-repro-43uqhx89/j4/src/CMD/COMMAND && /Users/ddanila/fun/msdos/out/ru-repro-43uqhx89/j4/bin/jwasm-masm "-Mx -t -I. -ID:\\TOOLS\\INC -I..\\..\\INC -I..\\..\\DOS" "TCODE.ASM,TCODE.OBJ;"
...SYSCONF
... for DOS Version 6.22 ...
DOSSYM in Pass 2
BPB.INC...
... CLONE version build switch on ...
DEVSYM.INC...
IOCTL.INC...
BIOSTRUC.INC...
... CLONE version build switch on ...
INCLUDING COMP=COMMON DSN=PSDATA.INC...
INCLUDING COMP=COMMON DSN=PARSE.ASM...
cd /Users/ddanila/fun/msdos/out/ru-repro-43uqhx89/j4/src/CMD/COMMAND && /Users/ddanila/fun/msdos/out/ru-repro-43uqhx89/j4/bin/jwasm-masm "-Mx -t -I. -ID:\\TOOLS\\INC -I..\\..\\INC -I..\\..\\DOS" "TBATCH.ASM,TBATCH.OBJ;"
../../INC/dosmac.INC(422) : Warning A4149: Too many arguments in macro call: AsmVar: ,$temp
 ../../INC/dosmac.INC(422): Included by
  ../../INC/DOSSYM.INC(11): Included by
   TCODE.ASM(7): Main line code
cd /Users/ddanila/fun/msdos/out/ru-repro-43uqhx89/j4/src/CMD/COMMAND && /Users/ddanila/fun/msdos/out/ru-repro-43uqhx89/j4/bin/jwasm-masm "-Mx -t -I. -ID:\\TOOLS\\INC -I..\\..\\INC -I..\\..\\DOS" "TBATCH2.ASM,TBATCH2.OBJ;"
... CLONE version build switch on ...
... for DOS Version 6.22 ...
DOSSYM in Pass 2
BPB.INC...
... CLONE version build switch on ...
cd /Users/ddanila/fun/msdos/out/ru-repro-43uqhx89/j4/src/CMD/COMMAND && /Users/ddanila/fun/msdos/out/ru-repro-43uqhx89/j4/bin/jwasm-masm "-Mx -t -I. -ID:\\TOOLS\\INC -I..\\..\\INC -I..\\..\\DOS" "TFOR.ASM,TFOR.OBJ;"
../../INC/dosmac.INC(422) : Warning A4149: Too many arguments in macro call: AsmVar: ,$temp
 ../../INC/dosmac.INC(422): Included by
  ../../INC/DOSSYM.INC(11): Included by
   TBATCH.ASM(8): Main line code
... CLONE version build switch on ...
... for DOS Version 6.22 ...
DOSSYM in Pass 2
BPB.INC...
... CLONE version build switch on ...
... CLONE version build switch on ...
PromptBat... pass 1
PromptBat... pass 2
GetKeyStroke... pass 1
GetKeyStroke... pass 2
ReadBat... pass 1
ReadBat... pass 2
***** Possible stack size error in ReadBat *****
SkipToEOL... pass 1
SkipToEOL... pass 2
Free_TPA... pass 1
Free_TPA... pass 2
Alloc_TPA... pass 1
Alloc_TPA... pass 2
BatCom... pass 1
BatCom... pass 2
BatchOff... pass 1
BatchOff... pass 2
StrCpy... pass 1
StrCpy... pass 2
cd /Users/ddanila/fun/msdos/out/ru-repro-43uqhx89/j4/src/CMD/COMMAND && /Users/ddanila/fun/msdos/out/ru-repro-43uqhx89/j4/bin/jwasm-masm "-Mx -t -I. -ID:\\TOOLS\\INC -I..\\..\\INC -I..\\..\\DOS" "TCMD1A.ASM,TCMD1A.OBJ;"
../../INC/dosmac.INC(422) : Warning A4149: Too many arguments in macro call: AsmVar: ,$temp
 ../../INC/dosmac.INC(422): Included by
  ../../INC/DOSSYM.INC(11): Included by
   TBATCH2.ASM(8): Main line code
... CLONE version build switch on ...
... for DOS Version 6.22 ...
DOSSYM in Pass 2
BPB.INC...
... CLONE version build switch on ...
GETBATBYT... pass 1
GETBATBYT... pass 2
Shift... pass 1
Shift... pass 2
SkipDelim... pass 1
SkipDelim... pass 2
BatClose... pass 1
BatClose... pass 2
BatOpen... pass 1
BatOpen... pass 2
cd /Users/ddanila/fun/msdos/out/ru-repro-43uqhx89/j4/src/CMD/COMMAND && /Users/ddanila/fun/msdos/out/ru-repro-43uqhx89/j4/bin/jwasm-masm "-Mx -t -I. -ID:\\TOOLS\\INC -I..\\..\\INC -I..\\..\\DOS" "TCMD1B.ASM,TCMD1B.OBJ;"
../../INC/dosmac.INC(422) : Warning A4149: Too many arguments in macro call: AsmVar: ,$temp
 ../../INC/dosmac.INC(422): Included by
  ../../INC/DOSSYM.INC(11): Included by
   TFOR.ASM(10): Main line code
... CLONE version build switch on ...
... for DOS Version 6.22 ...
DOSSYM in Pass 2
BPB.INC...
... CLONE version build switch on ...
DEVSYM.INC...
cd /Users/ddanila/fun/msdos/out/ru-repro-43uqhx89/j4/src/CMD/COMMAND && /Users/ddanila/fun/msdos/out/ru-repro-43uqhx89/j4/bin/jwasm-masm "-Mx -t -I. -ID:\\TOOLS\\INC -I..\\..\\INC -I..\\..\\DOS" "TCMD2A.ASM,TCMD2A.OBJ;"
../../INC/dosmac.INC(422) : Warning A4149: Too many arguments in macro call: AsmVar: ,$temp
 ../../INC/dosmac.INC(422): Included by
  ../../INC/DOSSYM.INC(11): Included by
   TCMD1A.ASM(9): Main line code
TCMD1A.ASM(431) : Warning A4073: Size not specified, assuming: WORD
... CLONE version build switch on ...
... for DOS Version 6.22 ...
DOSSYM in Pass 2
BPB.INC...
... CLONE version build switch on ...
IOCTL.INC...
cd /Users/ddanila/fun/msdos/out/ru-repro-43uqhx89/j4/src/CMD/COMMAND && /Users/ddanila/fun/msdos/out/ru-repro-43uqhx89/j4/bin/jwasm-masm "-Mx -t -I. -ID:\\TOOLS\\INC -I..\\..\\INC -I..\\..\\DOS" "TCMD2B.ASM,TCMD2B.OBJ;"
../../INC/dosmac.INC(422) : Warning A4149: Too many arguments in macro call: AsmVar: ,$temp
 ../../INC/dosmac.INC(422): Included by
  ../../INC/DOSSYM.INC(11): Included by
   TCMD1B.ASM(8): Main line code
... for DOS Version 6.22 ...
DOSSYM in Pass 2
BPB.INC...
... CLONE version build switch on ...
... CLONE version build switch on ...
IOCTL.INC...
cd /Users/ddanila/fun/msdos/out/ru-repro-43uqhx89/j4/src/CMD/COMMAND && /Users/ddanila/fun/msdos/out/ru-repro-43uqhx89/j4/bin/jwasm-masm "-Mx -t -I. -ID:\\TOOLS\\INC -I..\\..\\INC -I..\\..\\DOS" "TENV.ASM,TENV.OBJ;"
../../INC/dosmac.INC(422) : Warning A4149: Too many arguments in macro call: AsmVar: ,$temp
 ../../INC/dosmac.INC(422): Included by
  ../../INC/DOSSYM.INC(11): Included by
   TCMD2A.ASM(8): Main line code
... CLONE version build switch on ...
... for DOS Version 6.22 ...
DOSSYM in Pass 2
BPB.INC...
... CLONE version build switch on ...
IOCTL.INC...
cd /Users/ddanila/fun/msdos/out/ru-repro-43uqhx89/j4/src/CMD/COMMAND && /Users/ddanila/fun/msdos/out/ru-repro-43uqhx89/j4/bin/jwasm-masm "-Mx -t -I. -ID:\\TOOLS\\INC -I..\\..\\INC -I..\\..\\DOS" "TENV2.ASM,TENV2.OBJ;"
../../INC/dosmac.INC(422) : Warning A4149: Too many arguments in macro call: AsmVar: ,$temp
 ../../INC/dosmac.INC(422): Included by
  ../../INC/DOSSYM.INC(11): Included by
   TCMD2B.ASM(7): Main line code
... CLONE version build switch on ...
... for DOS Version 6.22 ...
DOSSYM in Pass 2
BPB.INC...
... CLONE version build switch on ...
cd /Users/ddanila/fun/msdos/out/ru-repro-43uqhx89/j4/src/CMD/COMMAND && /Users/ddanila/fun/msdos/out/ru-repro-43uqhx89/j4/bin/jwasm-masm "-Mx -t -I. -ID:\\TOOLS\\INC -I..\\..\\INC -I..\\..\\DOS" "TMISC1.ASM,TMISC1.OBJ;"
../../INC/dosmac.INC(422) : Warning A4149: Too many arguments in macro call: AsmVar: ,$temp
 ../../INC/dosmac.INC(422): Included by
  ../../INC/DOSSYM.INC(11): Included by
   TENV.ASM(10): Main line code
... CLONE version build switch on ...
... for DOS Version 6.22 ...
DOSSYM in Pass 2
BPB.INC...
... CLONE version build switch on ...
cd /Users/ddanila/fun/msdos/out/ru-repro-43uqhx89/j4/src/CMD/COMMAND && /Users/ddanila/fun/msdos/out/ru-repro-43uqhx89/j4/bin/jwasm-masm "-Mx -t -I. -ID:\\TOOLS\\INC -I..\\..\\INC -I..\\..\\DOS" "TMISC2.ASM,TMISC2.OBJ;"
../../INC/dosmac.INC(422) : Warning A4149: Too many arguments in macro call: AsmVar: ,$temp
 ../../INC/dosmac.INC(422): Included by
  ../../INC/DOSSYM.INC(11): Included by
   TENV2.ASM(10): Main line code
... CLONE version build switch on ...
... for DOS Version 6.22 ...
DOSSYM in Pass 2
BPB.INC...
... CLONE version build switch on ...
cd /Users/ddanila/fun/msdos/out/ru-repro-43uqhx89/j4/src/CMD/COMMAND && /Users/ddanila/fun/msdos/out/ru-repro-43uqhx89/j4/bin/jwasm-masm "-Mx -t -I. -ID:\\TOOLS\\INC -I..\\..\\INC -I..\\..\\DOS" "TPIPE.ASM,TPIPE.OBJ;"
../../INC/dosmac.INC(422) : Warning A4149: Too many arguments in macro call: AsmVar: ,$temp
 ../../INC/dosmac.INC(422): Included by
  ../../INC/DOSSYM.INC(11): Included by
   TMISC1.ASM(9): Main line code
TMISC1.ASM(627) : Warning A4073: Size not specified, assuming: WORD
... CLONE version build switch on ...
... for DOS Version 6.22 ...
DOSSYM in Pass 2
BPB.INC...
... CLONE version build switch on ...
cd /Users/ddanila/fun/msdos/out/ru-repro-43uqhx89/j4/src/CMD/COMMAND && /Users/ddanila/fun/msdos/out/ru-repro-43uqhx89/j4/bin/jwasm-masm "-Mx -t -I. -ID:\\TOOLS\\INC -I..\\..\\INC -I..\\..\\DOS" "PARSE2.ASM,PARSE2.OBJ;"
../../INC/dosmac.INC(422) : Warning A4149: Too many arguments in macro call: AsmVar: ,$temp
 ../../INC/dosmac.INC(422): Included by
  ../../INC/DOSSYM.INC(11): Included by
   TMISC2.ASM(10): Main line code
... CLONE version build switch on ...
... for DOS Version 6.22 ...
DOSSYM in Pass 2
BPB.INC...
... CLONE version build switch on ...
IOCTL.INC...
DSTRLEN... pass 1
DSTRLEN... pass 2
TriageError... pass 1
TriageError... pass 2
cd /Users/ddanila/fun/msdos/out/ru-repro-43uqhx89/j4/src/CMD/COMMAND && /Users/ddanila/fun/msdos/out/ru-repro-43uqhx89/j4/bin/jwasm-masm "-Mx -t -I. -ID:\\TOOLS\\INC -I..\\..\\INC -I..\\..\\DOS" "PATH1.ASM,PATH1.OBJ;"
../../INC/dosmac.INC(422) : Warning A4149: Too many arguments in macro call: AsmVar: ,$temp
 ../../INC/dosmac.INC(422): Included by
  ../../INC/DOSSYM.INC(11): Included by
   TPIPE.ASM(8): Main line code
... CLONE version build switch on ...
... for DOS Version 6.22 ...
DOSSYM in Pass 2
BPB.INC...
... CLONE version build switch on ...
cd /Users/ddanila/fun/msdos/out/ru-repro-43uqhx89/j4/src/CMD/COMMAND && /Users/ddanila/fun/msdos/out/ru-repro-43uqhx89/j4/bin/jwasm-masm "-Mx -t -I. -ID:\\TOOLS\\INC -I..\\..\\INC -I..\\..\\DOS" "PATH2.ASM,PATH2.OBJ;"
../../INC/dosmac.INC(422) : Warning A4149: Too many arguments in macro call: AsmVar: ,$temp
 ../../INC/dosmac.INC(422): Included by
  ../../INC/DOSSYM.INC(11): Included by
   PARSE2.ASM(5): Main line code
... for DOS Version 6.22 ...
DOSSYM in Pass 2
BPB.INC...
... CLONE version build switch on ...
DEVSYM.INC...
... CLONE version build switch on ...
cd /Users/ddanila/fun/msdos/out/ru-repro-43uqhx89/j4/src/CMD/COMMAND && /Users/ddanila/fun/msdos/out/ru-repro-43uqhx89/j4/bin/jwasm-masm "-Mx -t -I. -ID:\\TOOLS\\INC -I..\\..\\INC -I..\\..\\DOS" "TUCODE.ASM,TUCODE.OBJ;"
../../INC/dosmac.INC(422) : Warning A4149: Too many arguments in macro call: AsmVar: ,$temp
 ../../INC/dosmac.INC(422): Included by
  ../../INC/DOSSYM.INC(11): Included by
   PATH1.ASM(5): Main line code
... for DOS Version 6.22 ...
DOSSYM in Pass 2
BPB.INC...
... CLONE version build switch on ...
... CLONE version build switch on ...
Path_Search... pass 1
Path_Search... pass 2
Store_PChar... pass 1
Store_PChar... pass 2
Path_Crunch... pass 1
Path_Crunch... pass 2
cd /Users/ddanila/fun/msdos/out/ru-repro-43uqhx89/j4/src/CMD/COMMAND && /Users/ddanila/fun/msdos/out/ru-repro-43uqhx89/j4/bin/jwasm-masm "-Mx -t -I. -ID:\\TOOLS\\INC -I..\\..\\INC -I..\\..\\DOS" "COPY.ASM,COPY.OBJ;"
../../INC/dosmac.INC(422) : Warning A4149: Too many arguments in macro call: AsmVar: ,$temp
 ../../INC/dosmac.INC(422): Included by
  ../../INC/DOSSYM.INC(11): Included by
   PATH2.ASM(5): Main line code
... for DOS Version 6.22 ...
DOSSYM in Pass 2
BPB.INC...
... CLONE version build switch on ...
... CLONE version build switch on ...
Search... pass 1
Search... pass 2
Search_Ftype... pass 1
Search_Ftype... pass 2
Strip... pass 1
Strip... pass 2
Save_Args... pass 1
Save_Args... pass 2
cd /Users/ddanila/fun/msdos/out/ru-repro-43uqhx89/j4/src/CMD/COMMAND && /Users/ddanila/fun/msdos/out/ru-repro-43uqhx89/j4/bin/jwasm-masm "-Mx -t -I. -ID:\\TOOLS\\INC -I..\\..\\INC -I..\\..\\DOS" "COPYPR1.ASM,COPYPR1.OBJ;"
../../INC/dosmac.INC(422) : Warning A4149: Too many arguments in macro call: AsmVar: ,$temp
 ../../INC/dosmac.INC(422): Included by
  ../../INC/dossym.inc(11): Included by
   TUCODE.ASM(7): Main line code
... for DOS Version 6.22 ...
DOSSYM in Pass 2
BPB.INC...
... CLONE version build switch on ...
... CLONE version build switch on ...
cd /Users/ddanila/fun/msdos/out/ru-repro-43uqhx89/j4/src/CMD/COMMAND && /Users/ddanila/fun/msdos/out/ru-repro-43uqhx89/j4/bin/jwasm-masm "-Mx -t -I. -ID:\\TOOLS\\INC -I..\\..\\INC -I..\\..\\DOS" "COPYPR2.ASM,COPYPR2.OBJ;"
../../INC/dosmac.INC(422) : Warning A4149: Too many arguments in macro call: AsmVar: ,$temp
 ../../INC/dosmac.INC(422): Included by
  ../../INC/DOSSYM.INC(11): Included by
   COPY.ASM(7): Main line code
... CLONE version build switch on ...
... for DOS Version 6.22 ...
DOSSYM in Pass 2
BPB.INC...
... CLONE version build switch on ...
cd /Users/ddanila/fun/msdos/out/ru-repro-43uqhx89/j4/src/CMD/COMMAND && /Users/ddanila/fun/msdos/out/ru-repro-43uqhx89/j4/bin/jwasm-masm "-Mx -t -I. -ID:\\TOOLS\\INC -I..\\..\\INC -I..\\..\\DOS" "CPARSE.ASM,CPARSE.OBJ;"
../../INC/dosmac.INC(422) : Warning A4149: Too many arguments in macro call: AsmVar: ,$temp
 ../../INC/dosmac.INC(422): Included by
  ../../INC/DOSSYM.INC(11): Included by
   COPYPR1.ASM(6): Main line code
... CLONE version build switch on ...
... for DOS Version 6.22 ...
DOSSYM in Pass 2
BPB.INC...
... CLONE version build switch on ...
cd /Users/ddanila/fun/msdos/out/ru-repro-43uqhx89/j4/src/CMD/COMMAND && /Users/ddanila/fun/msdos/out/ru-repro-43uqhx89/j4/bin/jwasm-masm "-Mx -t -I. -ID:\\TOOLS\\INC -I..\\..\\INC -I..\\..\\DOS" "TPARSE.ASM,TPARSE.OBJ;"
../../INC/dosmac.INC(422) : Warning A4149: Too many arguments in macro call: AsmVar: ,$temp
 ../../INC/dosmac.INC(422): Included by
  ../../INC/DOSSYM.INC(11): Included by
   COPYPR2.ASM(6): Main line code
... CLONE version build switch on ...
... for DOS Version 6.22 ...
DOSSYM in Pass 2
BPB.INC...
... CLONE version build switch on ...
cd /Users/ddanila/fun/msdos/out/ru-repro-43uqhx89/j4/src/CMD/COMMAND && /Users/ddanila/fun/msdos/out/ru-repro-43uqhx89/j4/bin/jwasm-masm "-Mx -t -I. -ID:\\TOOLS\\INC -I..\\..\\INC -I..\\..\\DOS" "TSPC.ASM,TSPC.OBJ;"
../../INC/dosmac.INC(422) : Warning A4149: Too many arguments in macro call: AsmVar: ,$temp
 ../../INC/dosmac.INC(422): Included by
  ../../INC/DOSSYM.INC(11): Included by
   CPARSE.ASM(6): Main line code
... CLONE version build switch on ...
... for DOS Version 6.22 ...
DOSSYM in Pass 2
BPB.INC...
... CLONE version build switch on ...
DEVSYM.INC...
cd /Users/ddanila/fun/msdos/out/ru-repro-43uqhx89/j4/src/CMD/COMMAND && /Users/ddanila/fun/msdos/out/ru-repro-43uqhx89/j4/bin/jwasm-masm "-Mx -t -I. -ID:\\TOOLS\\INC -I..\\..\\INC -I..\\..\\DOS" "DIR5EXT.ASM,DIR5EXT.OBJ;"
INCLUDING COMP=COMMON DSN=PSDATA.INC...
INCLUDING COMP=COMMON DSN=PARSE.ASM...
cd /Users/ddanila/fun/msdos/out/ru-repro-43uqhx89/j4/src/CMD/SYS && /Users/ddanila/fun/msdos/out/ru-repro-43uqhx89/j4/bin/buildmsg "..\\..\\MESSAGES\\USA-MS" SYS.SKL
../../INC/dosmac.INC(422) : Warning A4149: Too many arguments in macro call: AsmVar: ,$temp
 ../../INC/dosmac.INC(422): Included by
  ../../INC/DOSSYM.INC(11): Included by
   TSPC.ASM(7): Main line code
... CLONE version build switch on ...
... for DOS Version 6.22 ...
DOSSYM in Pass 2
BPB.INC...
... CLONE version build switch on ...
cd /Users/ddanila/fun/msdos/out/ru-repro-43uqhx89/j4/src/CMD/FORMAT && /Users/ddanila/fun/msdos/out/ru-repro-43uqhx89/j4/bin/buildmsg "..\\..\\MESSAGES\\USA-MS" FORMAT.SKL
../../INC/dosmac.INC(422) : Warning A4149: Too many arguments in macro call: AsmVar: ,$temp
 ../../INC/dosmac.INC(422): Included by
  ../../INC/DOSSYM.INC(11): Included by
   DIR5EXT.ASM(7): Main line code
... CLONE version build switch on ...
... for DOS Version 6.22 ...
DOSSYM in Pass 2
BPB.INC...
... CLONE version build switch on ...
cp /Users/ddanila/fun/msdos/out/ru-repro-43uqhx89/j4/src/BOOT/BOOT.CL1 /Users/ddanila/fun/msdos/out/ru-repro-43uqhx89/j4/src/CMD/FORMAT/BOOT.CL1
cd /Users/ddanila/fun/msdos/out/ru-repro-43uqhx89/j4/src/CMD/FORMAT && /Users/ddanila/fun/msdos/out/ru-repro-43uqhx89/j4/bin/jwasm-masm "-Mx -t -I. -ID:\\TOOLS\\INC -I..\\..\\INC" "FORSAVE.ASM,FORSAVE.OBJ;"
cd /Users/ddanila/fun/msdos/out/ru-repro-43uqhx89/j4/src/CMD/FORMAT && /Users/ddanila/fun/msdos/out/ru-repro-43uqhx89/j4/bin/jwasm-masm "-Mx -t -I. -ID:\\TOOLS\\INC -I..\\..\\INC" "FOREXEC.ASM,FOREXEC.OBJ;"
cd /Users/ddanila/fun/msdos/out/ru-repro-43uqhx89/j4/src/CMD/CHKDSK && /Users/ddanila/fun/msdos/out/ru-repro-43uqhx89/j4/bin/jwasm-masm "-Mx -t -I. -ID:\\TOOLS\\INC -I..\\..\\INC" "CHKDISK.ASM,CHKDISK.OBJ;"
cd /Users/ddanila/fun/msdos/out/ru-repro-43uqhx89/j4/src/CMD/CHKDSK && /Users/ddanila/fun/msdos/out/ru-repro-43uqhx89/j4/bin/buildmsg "..\\..\\MESSAGES\\USA-MS" CHKDSK.SKL
cd /Users/ddanila/fun/msdos/out/ru-repro-43uqhx89/j4/src/CMD/CHKDSK && /Users/ddanila/fun/msdos/out/ru-repro-43uqhx89/j4/bin/jwasm-masm "-Mx -t -I. -ID:\\TOOLS\\INC -I..\\..\\INC" "CHKDSK1.ASM,CHKDSK1.OBJ;"
ASSEMBLING: DOS 3.3 FORMAT EXEC LOADER

cd /Users/ddanila/fun/msdos/out/ru-repro-43uqhx89/j4/src/CMD/CHKDSK && /Users/ddanila/fun/msdos/out/ru-repro-43uqhx89/j4/bin/jwasm-masm "-Mx -t -I. -ID:\\TOOLS\\INC -I..\\..\\INC" "CHKDSK2.ASM,CHKDSK2.OBJ;"
../../INC/dosmac.INC(422) : Warning A4149: Too many arguments in macro call: AsmVar: ,$temp
 ../../INC/dosmac.INC(422): Included by
  ../../INC/DOSSYM.INC(11): Included by
   CHKDISK.ASM(7): Main line code
... for DOS Version 6.22 ...
DOSSYM in Pass 2
BPB.INC...
... CLONE version build switch on ...
cd /Users/ddanila/fun/msdos/out/ru-repro-43uqhx89/j4/src/CMD/CHKDSK && /Users/ddanila/fun/msdos/out/ru-repro-43uqhx89/j4/bin/jwasm-masm "-Mx -t -I. -ID:\\TOOLS\\INC -I..\\..\\INC" "CHKFAT.ASM,CHKFAT.OBJ;"
../../INC/dosmac.INC(422) : Warning A4149: Too many arguments in macro call: AsmVar: ,$temp
 ../../INC/dosmac.INC(422): Included by
  ../../INC/DOSSYM.INC(11): Included by
   CHKDSK1.ASM(7): Main line code
../../INC/dosmac.INC(422) : Warning A4149: Too many arguments in macro call: AsmVar: ,$temp
 ../../INC/dosmac.INC(422): Included by
  ../../INC/DOSSYM.INC(11): Included by
   CHKDSK2.ASM(7): Main line code
... for DOS Version 6.22 ...
DOSSYM in Pass 2
BPB.INC...
... CLONE version build switch on ...
... for DOS Version 6.22 ...
DOSSYM in Pass 2
BPB.INC...
... CLONE version build switch on ...
IOCTL.INC...
cd /Users/ddanila/fun/msdos/out/ru-repro-43uqhx89/j4/src/CMD/CHKDSK && /Users/ddanila/fun/msdos/out/ru-repro-43uqhx89/j4/bin/jwasm-masm "-Mx -t -I. -ID:\\TOOLS\\INC -I..\\..\\INC" "CHKINIT.ASM,CHKINIT.OBJ;"
cd /Users/ddanila/fun/msdos/out/ru-repro-43uqhx89/j4/src/CMD/CHKDSK && /Users/ddanila/fun/msdos/out/ru-repro-43uqhx89/j4/bin/jwasm-masm "-Mx -t -I. -ID:\\TOOLS\\INC -I..\\..\\INC" "CHKPRMT.ASM,CHKPRMT.OBJ;"
../../INC/dosmac.INC(422) : Warning A4149: Too many arguments in macro call: AsmVar: ,$temp
 ../../INC/dosmac.INC(422): Included by
  ../../INC/DOSSYM.inc(11): Included by
   CHKFAT.ASM(7): Main line code
... for DOS Version 6.22 ...
DOSSYM in Pass 2
BPB.INC...
... CLONE version build switch on ...
cd /Users/ddanila/fun/msdos/out/ru-repro-43uqhx89/j4/src/CMD/CHKDSK && /Users/ddanila/fun/msdos/out/ru-repro-43uqhx89/j4/bin/jwasm-masm "-Mx -t -I. -ID:\\TOOLS\\INC -I..\\..\\INC" "CHKPROC2.ASM,CHKPROC2.OBJ;"
../../INC/dosmac.INC(422) : cd /Users/ddanila/fun/msdos/out/ru-repro-43uqhx89/j4/src/CMD/CHKDSK && /Users/ddanila/fun/msdos/out/ru-repro-43uqhx89/j4/bin/jwasm-masm "-Mx -t -I. -ID:\\TOOLS\\INC -I..\\..\\INC" "CHKPROC.ASM,CHKPROC.OBJ;"
Warning A4149: Too many arguments in macro call: AsmVar: ,$temp
 ../../INC/dosmac.INC(422): Included by
  ../../INC/dossym.inc(11): Included by
   CHKINIT.ASM(61): Main line code
# Msg_Services includes CL1 and CL2 although CHKDSK.SKL defines neither class.
... for DOS Version 6.22 ...
DOSSYM in Pass 2
BPB.INC...
... CLONE version build switch on ...
INCLUDING COMP=COMMON DSN=PSDATA.INC...
INCLUDING COMP=COMMON DSN=PARSE.ASM...
IOCTL.INC...
... CLONE version build switch on ...
touch /Users/ddanila/fun/msdos/out/ru-repro-43uqhx89/j4/src/CMD/CHKDSK/CHKDSK.CL1 /Users/ddanila/fun/msdos/out/ru-repro-43uqhx89/j4/src/CMD/CHKDSK/CHKDSK.CL2
cd /Users/ddanila/fun/msdos/out/ru-repro-43uqhx89/j4/src/CMD/DEBUG && /Users/ddanila/fun/msdos/out/ru-repro-43uqhx89/j4/bin/buildmsg "..\\..\\MESSAGES\\USA-MS" DEBUG.SKL
../../INC/dosmac.INC(422) : Warning A4149: Too many arguments in macro call: AsmVar: ,$temp
 ../../INC/dosmac.INC(422): Included by
  ../../INC/DOSSYM.INC(11): Included by
   CHKPROC2.ASM(7): Main line code
... for DOS Version 6.22 ...
DOSSYM in Pass 2
BPB.INC...
... CLONE version build switch on ...
cd /Users/ddanila/fun/msdos/out/ru-repro-43uqhx89/j4/src/CMD/DEBUG && /Users/ddanila/fun/msdos/out/ru-repro-43uqhx89/j4/bin/jwasm-masm "-Mx -t -I. -ID:\\TOOLS\\INC -I..\\..\\INC" "DEBEMS.ASM,DEBEMS.OBJ;"
cd /Users/ddanila/fun/msdos/out/ru-repro-43uqhx89/j4/src/CMD/MEM && /Users/ddanila/fun/msdos/out/ru-repro-43uqhx89/j4/bin/buildmsg "..\\..\\MESSAGES\\USA-MS" MEM.SKL
../../INC/dosmac.INC(422) : Warning A4149: Too many arguments in macro call: AsmVar: ,$temp
 ../../INC/dosmac.INC(422): Included by
  ../../INC/DOSSYM.INC(11): Included by
   CHKPROC.ASM(7): Main line code
... for DOS Version 6.22 ...
DOSSYM in Pass 2
BPB.INC...
... CLONE version build switch on ...
cd /Users/ddanila/fun/msdos/out/ru-repro-43uqhx89/j4/src/CMD/MEM && /Users/ddanila/fun/msdos/out/ru-repro-43uqhx89/j4/bin/jwasm-masm "-Mx -t" "XMSINFO.ASM,XMSINFO.OBJ;"
../../INC/dosmac.INC(422) : Warning A4149: Too many arguments in macro call: AsmVar: ,$temp
 ../../INC/dosmac.INC(422): Included by
  ../../INC/DOSSYM.INC(11): Included by
   DEBEMS.ASM(39): Main line code
... for DOS Version 6.22 ...
DOSSYM in Pass 2
BPB.INC...
... CLONE version build switch on ...
Including DEBEQU.ASM...
Including ..SYSVER.FAL..
cd /Users/ddanila/fun/msdos/out/ru-repro-43uqhx89/j4/src/CMD/MEM && /Users/ddanila/fun/msdos/out/ru-repro-43uqhx89/j4/bin/jwasm-masm "-Mx -t -I. -ID:\\TOOLS\\INC -I..\\..\\INC" "_PARSE.ASM,_PARSE.OBJ;"
cd /Users/ddanila/fun/msdos/out/ru-repro-43uqhx89/j4/src/CMD/FDISK && /Users/ddanila/fun/msdos/out/ru-repro-43uqhx89/j4/bin/buildmsg "..\\..\\MESSAGES\\USA-MS" FDISK.SKL
cd /Users/ddanila/fun/msdos/out/ru-repro-43uqhx89/j4/src/CMD/FDISK && /Users/ddanila/fun/msdos/out/ru-repro-43uqhx89/j4/bin/wcc "-AS -Os -s -Zp -I. -I..\\..\\H -c -FoMAINMENU.OBJ MAINMENU.C"
INCLUDING COMP=COMMON DSN=PSDATA.INC...
INCLUDING COMP=COMMON DSN=PARSE.ASM...
cd /Users/ddanila/fun/msdos/out/ru-repro-43uqhx89/j4/src/CMD/FDISK && /Users/ddanila/fun/msdos/out/ru-repro-43uqhx89/j4/bin/wcc "-AS -Os -s -Zp -I. -I..\\..\\H -c -FoD_MENUS.OBJ D_MENUS.C"
cd /Users/ddanila/fun/msdos/out/ru-repro-43uqhx89/j4/src/CMD/FDISK && /Users/ddanila/fun/msdos/out/ru-repro-43uqhx89/j4/bin/wcc "-AS -Os -s -Zp -I. -I..\\..\\H -c -FoC_MENUS.OBJ C_MENUS.C"
cd /Users/ddanila/fun/msdos/out/ru-repro-43uqhx89/j4/src/CMD/FDISK && /Users/ddanila/fun/msdos/out/ru-repro-43uqhx89/j4/bin/wcc "-AS -Os -s -Zp -I. -I..\\..\\H -c -FoDISPLAY.OBJ DISPLAY.C"
cd /Users/ddanila/fun/msdos/out/ru-repro-43uqhx89/j4/src/CMD/FDISK && /Users/ddanila/fun/msdos/out/ru-repro-43uqhx89/j4/bin/wcc "-AS -Os -s -Zp -I. -I..\\..\\H -c -FoINPUT.OBJ INPUT.C"
cd /Users/ddanila/fun/msdos/out/ru-repro-43uqhx89/j4/src/CMD/FDISK && /Users/ddanila/fun/msdos/out/ru-repro-43uqhx89/j4/bin/wcc "-AS -Os -s -Zp -I. -I..\\..\\H -c -FoTDISPLAY.OBJ TDISPLAY.C"
cd /Users/ddanila/fun/msdos/out/ru-repro-43uqhx89/j4/src/CMD/FDISK && /Users/ddanila/fun/msdos/out/ru-repro-43uqhx89/j4/bin/wcc "-AS -Os -s -Zp -I. -I..\\..\\H -c -FoVDISPLAY.OBJ VDISPLAY.C"
cd /Users/ddanila/fun/msdos/out/ru-repro-43uqhx89/j4/src/CMD/FDISK && /Users/ddanila/fun/msdos/out/ru-repro-43uqhx89/j4/bin/wcc "-AS -Os -s -Zp -I. -I..\\..\\H -c -FoSPACE.OBJ SPACE.C"
cd /Users/ddanila/fun/msdos/out/ru-repro-43uqhx89/j4/src/CMD/FDISK && /Users/ddanila/fun/msdos/out/ru-repro-43uqhx89/j4/bin/wcc "-AS -Os -s -Zp -I. -I..\\..\\H -c -FoPARTINFO.OBJ PARTINFO.C"
cd /Users/ddanila/fun/msdos/out/ru-repro-43uqhx89/j4/src/CMD/FDISK && /Users/ddanila/fun/msdos/out/ru-repro-43uqhx89/j4/bin/wcc "-AS -Os -s -Zp -I. -I..\\..\\H -c -FoVIDEO.OBJ VIDEO.C"
cd /Users/ddanila/fun/msdos/out/ru-repro-43uqhx89/j4/src/CMD/FDISK && /Users/ddanila/fun/msdos/out/ru-repro-43uqhx89/j4/bin/wcc "-AS -Os -s -Zp -I. -I..\\..\\H -c -FoMAKEPART.OBJ MAKEPART.C"
cd /Users/ddanila/fun/msdos/out/ru-repro-43uqhx89/j4/src/CMD/FDISK && /Users/ddanila/fun/msdos/out/ru-repro-43uqhx89/j4/bin/wcc "-AS -Os -s -Zp -I. -I..\\..\\H -c -FoINT13.OBJ INT13.C"
cd /Users/ddanila/fun/msdos/out/ru-repro-43uqhx89/j4/src/CMD/FDISK && /Users/ddanila/fun/msdos/out/ru-repro-43uqhx89/j4/bin/wcc "-AS -Os -s -Zp -I. -I..\\..\\H -c -FoDISKOUT.OBJ DISKOUT.C"
cd /Users/ddanila/fun/msdos/out/ru-repro-43uqhx89/j4/src/CMD/FDISK && /Users/ddanila/fun/msdos/out/ru-repro-43uqhx89/j4/bin/wcc "-AS -Os -s -Zp -I. -I..\\..\\H -c -FoMESSAGES.OBJ MESSAGES.C"
cd /Users/ddanila/fun/msdos/out/ru-repro-43uqhx89/j4/src/CMD/FDISK && /Users/ddanila/fun/msdos/out/ru-repro-43uqhx89/j4/bin/wcc "-AS -Os -s -Zp -I. -I..\\..\\H -c -FoFDPARSE.OBJ FDPARSE.C"
cd /Users/ddanila/fun/msdos/out/ru-repro-43uqhx89/j4/src/CMD/FDISK && /Users/ddanila/fun/msdos/out/ru-repro-43uqhx89/j4/bin/wcc "-AS -Os -s -Zp -I. -I..\\..\\H -c -FoCONVERT.OBJ CONVERT.C"
cd /Users/ddanila/fun/msdos/out/ru-repro-43uqhx89/j4/src/CMD/FDISK && /Users/ddanila/fun/msdos/out/ru-repro-43uqhx89/j4/bin/wcc "-AS -Os -s -Zp -I. -I..\\..\\H -c -FoGLOBAL.OBJ GLOBAL.C"
cd /Users/ddanila/fun/msdos/out/ru-repro-43uqhx89/j4/src/CMD/FDISK && /Users/ddanila/fun/msdos/out/ru-repro-43uqhx89/j4/bin/menubld "FDISK.MSG ..\\..\\MESSAGES\\USA-MS.MSG"
cd /Users/ddanila/fun/msdos/out/ru-repro-43uqhx89/j4/src/CMD/FDISK && /Users/ddanila/fun/msdos/out/ru-repro-43uqhx89/j4/bin/jwasm-masm "-Mx -t -I. -ID:\\TOOLS\\INC -I..\\..\\INC" "REBOOT.ASM,REBOOT.OBJ;"
ASSEMBLING: Reboot

cd /Users/ddanila/fun/msdos/out/ru-repro-43uqhx89/j4/src/CMD/FDISK && /Users/ddanila/fun/msdos/out/ru-repro-43uqhx89/j4/bin/nosrvbld FDISK5.SKL "..\\..\\MESSAGES\\USA-MS.MSG"
cd /Users/ddanila/fun/msdos/out/ru-repro-43uqhx89/j4/src/CMD/FDISK && /Users/ddanila/fun/msdos/out/ru-repro-43uqhx89/j4/bin/jwasm-masm "-Mx -t -I. -ID:\\TOOLS\\INC -I..\\..\\INC" "_PARSE.ASM,_PARSE.OBJ;"
INCLUDING COMP=COMMON DSN=PSDATA.INC...
INCLUDING COMP=COMMON DSN=PARSE.ASM...
cd /Users/ddanila/fun/msdos/out/ru-repro-43uqhx89/j4/src/CMD/FDISK && /Users/ddanila/fun/msdos/out/ru-repro-43uqhx89/j4/bin/jwasm-masm "-Mx -t -I. -ID:\\TOOLS\\INC -I..\\..\\INC" "_MSGRET.ASM,_MSGRET.OBJ;"
cd /Users/ddanila/fun/msdos/out/ru-repro-43uqhx89/j4/src/CMD/MORE && /Users/ddanila/fun/msdos/out/ru-repro-43uqhx89/j4/bin/buildmsg "..\\..\\MESSAGES\\USA-MS" MORE.SKL
cd /Users/ddanila/fun/msdos/out/ru-repro-43uqhx89/j4/src/CMD/SORT && /Users/ddanila/fun/msdos/out/ru-repro-43uqhx89/j4/bin/buildmsg "..\\..\\MESSAGES\\USA-MS" SORT.SKL
... for DOS Version 6.22 ...
... Including message Class A
... Including message Class B
... Including message Class 1
... Including message Class 2
cd /Users/ddanila/fun/msdos/out/ru-repro-43uqhx89/j4/src/CMD/LABEL && /Users/ddanila/fun/msdos/out/ru-repro-43uqhx89/j4/bin/buildmsg "..\\..\\MESSAGES\\USA-MS" LABL.SKL
cd /Users/ddanila/fun/msdos/out/ru-repro-43uqhx89/j4/src/CMD/FIND && /Users/ddanila/fun/msdos/out/ru-repro-43uqhx89/j4/bin/buildmsg "..\\..\\MESSAGES\\USA-MS" FIND.SKL
cd /Users/ddanila/fun/msdos/out/ru-repro-43uqhx89/j4/src/CMD/TREE && /Users/ddanila/fun/msdos/out/ru-repro-43uqhx89/j4/bin/buildmsg "..\\..\\MESSAGES\\USA-MS" TREE.SKL
cd /Users/ddanila/fun/msdos/out/ru-repro-43uqhx89/j4/src/CMD/TREE && /Users/ddanila/fun/msdos/out/ru-repro-43uqhx89/j4/bin/jwasm-masm "-Mx -t -I. -ID:\\TOOLS\\INC -I..\\..\\INC" "TREEPAR.ASM,TREEPAR.OBJ;"
COMPONENT=TREE, MODULE=TREEPAR.SAL...
COMPONENT=COMMON, MODULE=PATHMAC.INC ...
cd /Users/ddanila/fun/msdos/out/ru-repro-43uqhx89/j4/src/CMD/COMP && /Users/ddanila/fun/msdos/out/ru-repro-43uqhx89/j4/bin/buildmsg "..\\..\\MESSAGES\\USA-MS" COMP.SKL
cd /Users/ddanila/fun/msdos/out/ru-repro-43uqhx89/j4/src/CMD/COMP && /Users/ddanila/fun/msdos/out/ru-repro-43uqhx89/j4/bin/jwasm-masm "-Mx -t -I. -ID:\\TOOLS\\INC -I..\\..\\INC" "COMPPAR.ASM,COMPPAR.OBJ;"
cd /Users/ddanila/fun/msdos/out/ru-repro-43uqhx89/j4/src/CMD/ATTRIB && /Users/ddanila/fun/msdos/out/ru-repro-43uqhx89/j4/bin/buildmsg "..\\..\\MESSAGES\\USA-MS" ATTRIB.SKL
COMPONENT=COMP, MODULE=COMPPAR.SAL...
INCLUDING COMPEQ.INC...
cd /Users/ddanila/fun/msdos/out/ru-repro-43uqhx89/j4/src/CMD/ATTRIB && /Users/ddanila/fun/msdos/out/ru-repro-43uqhx89/j4/bin/wcc "-AS -Os -Zp -I. -c -FoPSPBYTE.OBJ pspbyte.c"
cd /Users/ddanila/fun/msdos/out/ru-repro-43uqhx89/j4/src/CMD/ATTRIB && /Users/ddanila/fun/msdos/out/ru-repro-43uqhx89/j4/bin/jwasm-masm "-Mx -t -I." "criterr.asm,CRITERR.OBJ;"
cd /Users/ddanila/fun/msdos/out/ru-repro-43uqhx89/j4/src/CMD/ATTRIB && /Users/ddanila/fun/msdos/out/ru-repro-43uqhx89/j4/bin/jwasm-masm "-Mx -t -I. -ID:\\TOOLS\\INC -I..\\..\\INC" "_PARSE.ASM,_PARSE.OBJ;"
cd /Users/ddanila/fun/msdos/out/ru-repro-43uqhx89/j4/src/CMD/ATTRIB && /Users/ddanila/fun/msdos/out/ru-repro-43uqhx89/j4/bin/jwasm-masm "-Mx -t -I. -ID:\\TOOLS\\INC -I..\\..\\INC" "_MSGRET.ASM,_MSGRET.OBJ;"
cd /Users/ddanila/fun/msdos/out/ru-repro-43uqhx89/j4/src/CMD/EDLIN && /Users/ddanila/fun/msdos/out/ru-repro-43uqhx89/j4/bin/buildmsg "..\\..\\MESSAGES\\USA-MS" EDLIN.SKL
INCLUDING COMP=COMMON DSN=PSDATA.INC...
INCLUDING COMP=COMMON DSN=PARSE.ASM...
cd /Users/ddanila/fun/msdos/out/ru-repro-43uqhx89/j4/src/CMD/EDLIN && /Users/ddanila/fun/msdos/out/ru-repro-43uqhx89/j4/bin/jwasm-masm "-Mx -t -I. -ID:\\TOOLS\\INC -I..\\..\\INC" "EDLCMD1.ASM,EDLCMD1.OBJ;"
cd /Users/ddanila/fun/msdos/out/ru-repro-43uqhx89/j4/src/CMD/EDLIN && /Users/ddanila/fun/msdos/out/ru-repro-43uqhx89/j4/bin/jwasm-masm "-Mx -t -I. -ID:\\TOOLS\\INC -I..\\..\\INC" "EDLCMD2.ASM,EDLCMD2.OBJ;"
... for DOS Version 6.22 ...
... Including message Class A
... Including message Class B
... Including message Class 1
... Including message Class 2
cd /Users/ddanila/fun/msdos/out/ru-repro-43uqhx89/j4/src/CMD/EDLIN && /Users/ddanila/fun/msdos/out/ru-repro-43uqhx89/j4/bin/jwasm-masm "-Mx -t -I. -ID:\\TOOLS\\INC -I..\\..\\INC" "EDLPARSE.ASM,EDLPARSE.OBJ;"
../../INC/dosmac.INC(422) : Warning A4149: Too many arguments in macro call: AsmVar: ,$temp
 ../../INC/dosmac.INC(422): Included by
  ../../INC/DOSSYM.INC(11): Included by
   edlequ.asm(4): Included by
    EDLCMD1.ASM(33): Main line code
... for DOS Version 6.22 ...
DOSSYM in Pass 2
BPB.INC...
... CLONE version build switch on ...
cd /Users/ddanila/fun/msdos/out/ru-repro-43uqhx89/j4/src/CMD/FC && /Users/ddanila/fun/msdos/out/ru-repro-43uqhx89/j4/bin/wcc "-AS -Os -Zp -I. -I..\\..\\H -c -FoFC.OBJ FC.C"
../../INC/dosmac.INC(422) : Warning A4149: Too many arguments in macro call: AsmVar: ,$temp
 ../../INC/dosmac.INC(422): Included by
  ../../INC/DOSSYM.INC(11): Included by
   edlequ.asm(4): Included by
    EDLCMD2.ASM(35): Main line code
... for DOS Version 6.22 ...
DOSSYM in Pass 2
BPB.INC...
... CLONE version build switch on ...
cd /Users/ddanila/fun/msdos/out/ru-repro-43uqhx89/j4/src/CMD/FC && /Users/ddanila/fun/msdos/out/ru-repro-43uqhx89/j4/bin/wcc "-AS -Os -Zp -I. -I..\\..\\H -c -FoERROR.OBJ ERROR.C"
INCLUDING COMP=COMMON DSN=PSDATA.INC...
INCLUDING COMP=COMMON DSN=PARSE.ASM...
cd /Users/ddanila/fun/msdos/out/ru-repro-43uqhx89/j4/src/CMD/FC && /Users/ddanila/fun/msdos/out/ru-repro-43uqhx89/j4/bin/wcc "-AS -Os -Zp -I. -I..\\..\\H -c -FoFGETL.OBJ FGETL.C"
cd /Users/ddanila/fun/msdos/out/ru-repro-43uqhx89/j4/src/CMD/FC && /Users/ddanila/fun/msdos/out/ru-repro-43uqhx89/j4/bin/jwasm-masm "-Mx -t -I. -ID:\\TOOLS\\INC -I..\\..\\INC" "GETL.ASM,GETL.OBJ;"
GETL.ASM(30) : Warning A4149: Too many arguments in macro call: mPush: ,1
 cBegin(35)[GETL.ASM]: Macro called from
  GETL.ASM(30): Main line code
GETL.ASM(33) : Warning A4149: Too many arguments in macro call: mPop: ,1
 cEnd(8)[GETL.ASM]: Macro called from
  GETL.ASM(33): Main line code
GETL.ASM(42) : Warning A4149: Too many arguments in macro call: mPush: ,1
 cBegin(35)[GETL.ASM]: Macro called from
  GETL.ASM(42): Main line code
GETL.ASM(55) : Warning A4149: Too many arguments in macro call: mPop: ,1
 cEnd(8)[GETL.ASM]: Macro called from
  GETL.ASM(55): Main line code
GETL.ASM(63) : Warning A4149: Too many arguments in macro call: mPush: ,1
 cBegin(35)[GETL.ASM]: Macro called from
  GETL.ASM(63): Main line code
GETL.ASM(142) : Warning A4149: Too many arguments in macro call: mPop: ,1
 cEnd(8)[GETL.ASM]: Macro called from
  GETL.ASM(142): Main line code
... CLONE version build switch on ...
cMacros Version 1.04
! Small Model
cd /Users/ddanila/fun/msdos/out/ru-repro-43uqhx89/j4/src/CMD/FC && /Users/ddanila/fun/msdos/out/ru-repro-43uqhx89/j4/bin/jwasm-masm "-Mx -t -I. -ID:\\TOOLS\\INC -I..\\..\\INC" "ITOUPPER.ASM,ITOUPPER.OBJ;"
FC.C(302): Warning! W131: No prototype found for function 'usage'
FC.C(425): Warning! W131: No prototype found for function 'BinaryCompare'
FC.C(427): Warning! W131: No prototype found for function 'LineCompare'
FC.C(429): Warning! W107: Missing return value for function 'main'
FC.C(580): Warning! W131: No prototype found for function 'xfill'
FC.C(600): Warning! W131: No prototype found for function 'adjust'
FC.C(633): Warning! W131: No prototype found for function 'dump'
FC.C(788): Warning! W131: No prototype found for function 'pline'
FC.C(795): Warning! W107: Missing return value for function 'dump'
FC.C(816): Warning! W107: Missing return value for function 'pline'
FGETL.C(29): Warning! W131: No prototype found for function 'min'
cd /Users/ddanila/fun/msdos/out/ru-repro-43uqhx89/j4/src/CMD/FC && /Users/ddanila/fun/msdos/out/ru-repro-43uqhx89/j4/bin/jwasm-masm "-Mx -t -I. -ID:\\TOOLS\\INC -I..\\..\\INC" "MAXMIN.ASM,MAXMIN.OBJ;"
cd /Users/ddanila/fun/msdos/out/ru-repro-43uqhx89/j4/src/CMD/FC && /Users/ddanila/fun/msdos/out/ru-repro-43uqhx89/j4/bin/jwasm-masm "-Mx -t -I. -ID:\\TOOLS\\INC -I..\\..\\INC" "MOVE.ASM,MOVE.OBJ;"
ITOUPPER.ASM(20) : Warning A4149: Too many arguments in macro call: mPush: ,1
 cBegin(35)[ITOUPPER.ASM]: Macro called from
  ITOUPPER.ASM(20): Main line code
ITOUPPER.ASM(32) : Warning A4149: Too many arguments in macro call: mPop: ,1
 cEnd(8)[ITOUPPER.ASM]: Macro called from
  ITOUPPER.ASM(32): Main line code
ITOUPPER.ASM(53) : Warning A4149: Too many arguments in macro call: mPush: ,1
 cBegin(35)[ITOUPPER.ASM]: Macro called from
  ITOUPPER.ASM(53): Main line code
ITOUPPER.ASM(68) : Warning A4149: Too many arguments in macro call: mPop: ,1
 cEnd(8)[ITOUPPER.ASM]: Macro called from
  ITOUPPER.ASM(68): Main line code
ITOUPPER.ASM(89) : Warning A4149: Too many arguments in macro call: mPush: ,1
 cBegin(35)[ITOUPPER.ASM]: Macro called from
  ITOUPPER.ASM(89): Main line code
ITOUPPER.ASM(113) : Warning A4149: Too many arguments in macro call: mPop: ,1
 cEnd(8)[ITOUPPER.ASM]: Macro called from
  ITOUPPER.ASM(113): Main line code
... CLONE version build switch on ...
cMacros Version 1.04
! Small Model
cd /Users/ddanila/fun/msdos/out/ru-repro-43uqhx89/j4/src/CMD/FC && /Users/ddanila/fun/msdos/out/ru-repro-43uqhx89/j4/bin/wcc "-AS -Os -Zp -I. -I..\\..\\H -c -FoNTOI.OBJ NTOI.C"
cd /Users/ddanila/fun/msdos/out/ru-repro-43uqhx89/j4/src/CMD/FC && /Users/ddanila/fun/msdos/out/ru-repro-43uqhx89/j4/bin/jwasm-masm "-Mx -t -I. -ID:\\TOOLS\\INC -I..\\..\\INC" "STRING.ASM,STRING.OBJ;"
MAXMIN.ASM(16) : Warning A4149: Too many arguments in macro call: mPush: ,1
 cBegin(35)[MAXMIN.ASM]: Macro called from
  MAXMIN.ASM(16): Main line code
MAXMIN.ASM(22) : Warning A4149: Too many arguments in macro call: mPop: ,1
 cEnd(8)[MAXMIN.ASM]: Macro called from
  MAXMIN.ASM(22): Main line code
MAXMIN.ASM(27) : Warning A4149: Too many arguments in macro call: mPush: ,1
 cBegin(35)[MAXMIN.ASM]: Macro called from
  MAXMIN.ASM(27): Main line code
MAXMIN.ASM(33) : Warning A4149: Too many arguments in macro call: mPop: ,1
 cEnd(8)[MAXMIN.ASM]: Macro called from
  MAXMIN.ASM(33): Main line code
... CLONE version build switch on ...
cMacros Version 1.04
! Small Model
cd /Users/ddanila/fun/msdos/out/ru-repro-43uqhx89/j4/src/CMD/FC && /Users/ddanila/fun/msdos/out/ru-repro-43uqhx89/j4/bin/wcc "-AS -Os -Zp -I. -I..\\..\\H -c -FoUPDATE.OBJ UPDATE.C"
MOVE.ASM(17) : Warning A4149: Too many arguments in macro call: mPush: ,1
 cBegin(35)[MOVE.ASM]: Macro called from
  MOVE.ASM(17): Main line code
MOVE.ASM(50) : Warning A4149: Too many arguments in macro call: mPop: ,1
 cEnd(8)[MOVE.ASM]: Macro called from
  MOVE.ASM(50): Main line code
MOVE.ASM(56) : Warning A4149: Too many arguments in macro call: mPush: ,1
 cBegin(35)[MOVE.ASM]: Macro called from
  MOVE.ASM(56): Main line code
MOVE.ASM(69) : Warning A4149: Too many arguments in macro call: mPop: ,1
 cEnd(8)[MOVE.ASM]: Macro called from
  MOVE.ASM(69): Main line code
... CLONE version build switch on ...
cMacros Version 1.04
! Small Model
cd /Users/ddanila/fun/msdos/out/ru-repro-43uqhx89/j4/src/CMD/FC && /Users/ddanila/fun/msdos/out/ru-repro-43uqhx89/j4/bin/jwasm-masm "-Mx -t -I. -ID:\\TOOLS\\INC -I..\\..\\INC" "XTAB.ASM,XTAB.OBJ;"
STRING.ASM(29) : Warning A4149: Too many arguments in macro call: mPush: ,1
 cBegin(35)[STRING.ASM]: Macro called from
  STRING.ASM(29): Main line code
STRING.ASM(47) : Warning A4149: Too many arguments in macro call: mPop: ,1
 cEnd(8)[STRING.ASM]: Macro called from
  STRING.ASM(47): Main line code
STRING.ASM(55) : Warning A4149: Too many arguments in macro call: mPush: ,1
 cBegin(35)[STRING.ASM]: Macro called from
  STRING.ASM(55): Main line code
STRING.ASM(76) : Warning A4149: Too many arguments in macro call: mPop: ,1
 cEnd(8)[STRING.ASM]: Macro called from
  STRING.ASM(76): Main line code
STRING.ASM(85) : Warning A4149: Too many arguments in macro call: mPush: ,1
 cBegin(35)[STRING.ASM]: Macro called from
  STRING.ASM(85): Main line code
STRING.ASM(111) : Warning A4149: Too many arguments in macro call: mPop: ,1
 cEnd(8)[STRING.ASM]: Macro called from
  STRING.ASM(111): Main line code
... CLONE version build switch on ...
cMacros Version 1.04
! Small Model
cd /Users/ddanila/fun/msdos/out/ru-repro-43uqhx89/j4/src/CMD/FC && /Users/ddanila/fun/msdos/out/ru-repro-43uqhx89/j4/bin/jwasm-masm "-Mx -t -I. -ID:\\TOOLS\\INC -I..\\..\\INC" "MESSAGES.ASM,MESSAGES.OBJ;"
... CLONE version build switch on ...
cMacros Version 1.04
! Small Model
cd /Users/ddanila/fun/msdos/out/ru-repro-43uqhx89/j4/src/CMD/FC && /Users/ddanila/fun/msdos/out/ru-repro-43uqhx89/j4/bin/wcc "-AS -Os -Zp -I. -c -FoCOMPAT.OBJ COMPAT.C"
cd /Users/ddanila/fun/msdos/out/ru-repro-43uqhx89/j4/src/INC && /Users/ddanila/fun/msdos/out/ru-repro-43uqhx89/j4/bin/wcc "-AS -Os -Zp -I. -I..\\H -c -FoKSTRING.OW.OBJ KSTRING.C"
cd /Users/ddanila/fun/msdos/out/ru-repro-43uqhx89/j4/src/CMD/NLSFUNC && /Users/ddanila/fun/msdos/out/ru-repro-43uqhx89/j4/bin/buildmsg "..\\..\\MESSAGES\\USA-MS" NLSFUNC.SKL
cd /Users/ddanila/fun/msdos/out/ru-repro-43uqhx89/j4/src/CMD/NLSFUNC && /Users/ddanila/fun/msdos/out/ru-repro-43uqhx89/j4/bin/jwasm-masm "-Mx -t -I. -ID:\\TOOLS\\INC -I..\\..\\INC" "NLSPARM.ASM,NLSPARM.OBJ;"
cd /Users/ddanila/fun/msdos/out/ru-repro-43uqhx89/j4/src/CMD/ASSIGN && /Users/ddanila/fun/msdos/out/ru-repro-43uqhx89/j4/bin/buildmsg "..\\..\\MESSAGES\\USA-MS" ASSIGN.SKL
KSTRING.C(34): Warning! W106: Constant out of range - truncated
KSTRING.C(34): Note! N2003: source conversion type is 'unsigned int'
KSTRING.C(34): Note! N2004: target conversion type is 'char'
KSTRING.C(37): Warning! W131: No prototype found for function 'IToupper'
KSTRING.C(55): Warning! W131: No prototype found for function 'testkanj'
KSTRING.C(108): Warning! W120: lvalue cast is not standard C
KSTRING.C(109): Warning! W131: No prototype found for function 'get_lbtbl'
KSTRING.C(110): Warning! W106: Constant out of range - truncated
KSTRING.C(110): Note! N2003: source conversion type is 'unsigned int'
KSTRING.C(110): Note! N2004: target conversion type is 'char'
KSTRING.C(113): Warning! W131: No prototype found for function 'test_ecs'
COMPONENT=NLSFUNC, MODULE=NLSPARM.SAL...
INCLUDING COMP=COMMON DSN=PSDATA.INC...
INCLUDING COMP=COMMON DSN=PARSE.ASM...
cd /Users/ddanila/fun/msdos/out/ru-repro-43uqhx89/j4/src/CMD/ASSIGN && /Users/ddanila/fun/msdos/out/ru-repro-43uqhx89/j4/bin/jwasm-masm "-Mx -t -I. -ID:\\TOOLS\\INC -I..\\..\\INC" "ASSGPARM.ASM,ASSGPARM.OBJ;"
cd /Users/ddanila/fun/msdos/out/ru-repro-43uqhx89/j4/src/CMD/XCOPY && /Users/ddanila/fun/msdos/out/ru-repro-43uqhx89/j4/bin/buildmsg "..\\..\\MESSAGES\\USA-MS" XCOPY.SKL
cd /Users/ddanila/fun/msdos/out/ru-repro-43uqhx89/j4/src/CMD/XCOPY && /Users/ddanila/fun/msdos/out/ru-repro-43uqhx89/j4/bin/jwasm-masm "-Mx -t -I. -ID:\\TOOLS\\INC -I..\\..\\INC" "XCOPYPAR.ASM,XCOPYPAR.OBJ;"
COMPONENT=ASSIGN, MODULE=ASSPARM.SAL...
COMPONENT=ASSIGN, SUBCOMPONENT=PARSE, MODULE=PARSE.ASM...
COMPONENT=ASSIGN, SUBCOMPONENT=PARSE, MODULE=PSDATA.INC...
INCLUDING COMP=COMMON DSN=PSDATA.INC...
INCLUDING COMP=COMMON DSN=PARSE.ASM...
cd /Users/ddanila/fun/msdos/out/ru-repro-43uqhx89/j4/src/CMD/DISKCOMP && /Users/ddanila/fun/msdos/out/ru-repro-43uqhx89/j4/bin/buildmsg "..\\..\\MESSAGES\\USA-MS" DISKCOMP.SKL
COMPONENT=XCOPY, MODULE=XCOPYPAR.SAL...
INCLUDING COMP=COMMON DSN=PSDATA.INC...
COMPONENT=XCOPY, SUBCOMPONENT=PARSE
COMPONENT=XCOPY, SUBCOMPONENT=PARSE, MODULE=PARSE.ASM...
INCLUDING COMP=COMMON DSN=PARSE.ASM...
cd /Users/ddanila/fun/msdos/out/ru-repro-43uqhx89/j4/src/CMD/DISKCOMP && /Users/ddanila/fun/msdos/out/ru-repro-43uqhx89/j4/bin/jwasm-masm "-Mx -t -I. -ID:\\TOOLS\\INC -I..\\..\\INC" "DCOMPPAR.ASM,DCOMPPAR.OBJ;"
cd /Users/ddanila/fun/msdos/out/ru-repro-43uqhx89/j4/src/CMD/DISKCOMP && /Users/ddanila/fun/msdos/out/ru-repro-43uqhx89/j4/bin/jwasm-masm "-Mx -t -I. -ID:\\TOOLS\\INC -I..\\..\\INC" "COMPINIT.ASM,COMPINIT.OBJ;"
COMPONENT=DISKCOMP, MODULE=DCOMPPAR.SAL...
COMPONENT=COMMON, MODULE=PATHMAC.INC ...
cd /Users/ddanila/fun/msdos/out/ru-repro-43uqhx89/j4/src/CMD/DISKCOPY && /Users/ddanila/fun/msdos/out/ru-repro-43uqhx89/j4/bin/buildmsg "..\\..\\MESSAGES\\USA-MS" DISKCOPY.SKL
cd /Users/ddanila/fun/msdos/out/ru-repro-43uqhx89/j4/src/CMD/DISKCOPY && /Users/ddanila/fun/msdos/out/ru-repro-43uqhx89/j4/bin/jwasm-masm "-Mx -t -I. -ID:\\TOOLS\\INC -I..\\..\\INC" "DCOPYPAR.ASM,DCOPYPAR.OBJ;"
COMPONENT=DISKCOMP, MODULE=COMPINIT.SAL
COMPONENT=COMMON, MODULE=PATHMAC.INC ...
INCLUDING DCMPMACR.INC...
INCLUDING DISKCOMP.EQU...
BOOTFORM.INC...
cd /Users/ddanila/fun/msdos/out/ru-repro-43uqhx89/j4/src/CMD/DISKCOPY && /Users/ddanila/fun/msdos/out/ru-repro-43uqhx89/j4/bin/jwasm-masm "-Mx -t -I. -ID:\\TOOLS\\INC -I..\\..\\INC" "COPYINIT.ASM,COPYINIT.OBJ;"
COMPONENT=DISKCOPY, MODULE=DCOPYPAR.SAL...
COMPONENT=COMMON, MODULE=PATHMAC.INC ...
cd /Users/ddanila/fun/msdos/out/ru-repro-43uqhx89/j4/src/CMD/APPEND && /Users/ddanila/fun/msdos/out/ru-repro-43uqhx89/j4/bin/buildmsg "..\\..\\MESSAGES\\USA-MS" APPEND.SKL
cd /Users/ddanila/fun/msdos/out/ru-repro-43uqhx89/j4/src/CMD/RECOVER && /Users/ddanila/fun/msdos/out/ru-repro-43uqhx89/j4/bin/buildmsg "..\\..\\MESSAGES\\USA-MS" RECOVER.SKL
COMPONENT=DISKCOPY, MODULE=COPYINIT.SAL
COMPONENT=DISKCOPY, INCLUDING DCPYMACR.INC...
COMPONENT=COMMON, MODULE=PATHMAC.INC ...
COMPONENT=DISKCOPY, INCLUDING DISKCOPY.EQU...
cd /Users/ddanila/fun/msdos/out/ru-repro-43uqhx89/j4/src/CMD/FASTOPEN && /Users/ddanila/fun/msdos/out/ru-repro-43uqhx89/j4/bin/buildmsg "..\\..\\MESSAGES\\USA-MS" FASTOPEN.SKL
cd /Users/ddanila/fun/msdos/out/ru-repro-43uqhx89/j4/src/CMD/FASTOPEN && /Users/ddanila/fun/msdos/out/ru-repro-43uqhx89/j4/bin/jwasm-masm "-Mx -t -I. -ID:\\TOOLS\\INC -I..\\..\\INC" "FASTSEEK.ASM,FASTSEEK.OBJ;"
../../INC/DOSMAC.inc(422) : Warning A4149: Too many arguments in macro call: AsmVar: ,$temp
 ../../INC/DOSMAC.inc(422): Included by
  FASTSEEK.ASM(8): Main line code
cd /Users/ddanila/fun/msdos/out/ru-repro-43uqhx89/j4/src/CMD/FASTOPEN && /Users/ddanila/fun/msdos/out/ru-repro-43uqhx89/j4/bin/jwasm-masm "-Mx -t -I. -ID:\\TOOLS\\INC -I..\\..\\INC" "FASTP.ASM,FASTP.OBJ;"
cd /Users/ddanila/fun/msdos/out/ru-repro-43uqhx89/j4/src/CMD/PRINT && /Users/ddanila/fun/msdos/out/ru-repro-43uqhx89/j4/bin/buildmsg "..\\..\\MESSAGES\\USA-MS" PRINT.SKL
cd /Users/ddanila/fun/msdos/out/ru-repro-43uqhx89/j4/src/CMD/FILESYS && /Users/ddanila/fun/msdos/out/ru-repro-43uqhx89/j4/bin/buildmsg "..\\..\\MESSAGES\\USA-MS" FILESYS.SKL
cd /Users/ddanila/fun/msdos/out/ru-repro-43uqhx89/j4/src/CMD/FILESYS && /Users/ddanila/fun/msdos/out/ru-repro-43uqhx89/j4/bin/jwasm-masm "-Mx -t -I. -ID:\\TOOLS\\INC -I..\\..\\INC" "_PARSE.ASM,_PARSE.OBJ;"
COMPONENT=fastopen, MODULE=fastp.asm...
COMPONENT=fastopen, SUBCOMPONENT=PARSE, MODULE=PARSE.ASM...
COMPONENT=fastopen, SUBCOMPONENT=PARSE, MODULE=PSDATA.INC...
INCLUDING COMP=COMMON DSN=PSDATA.INC...
INCLUDING COMP=COMMON DSN=PARSE.ASM...
cd /Users/ddanila/fun/msdos/out/ru-repro-43uqhx89/j4/src/CMD/REPLACE && /Users/ddanila/fun/msdos/out/ru-repro-43uqhx89/j4/bin/buildmsg "..\\..\\MESSAGES\\USA-MS" REPLACE.SKL
INCLUDING COMP=COMMON DSN=PSDATA.INC...
INCLUDING COMP=COMMON DSN=PARSE.ASM...
cd /Users/ddanila/fun/msdos/out/ru-repro-43uqhx89/j4/src/CMD/REPLACE && /Users/ddanila/fun/msdos/out/ru-repro-43uqhx89/j4/bin/wcc "-AS -Os -Zp -I. -c -FoOWCOMSUB.OBJ ..\\..\\INC\\OWCOMSUB.C"
cd /Users/ddanila/fun/msdos/out/ru-repro-43uqhx89/j4/src/CMD/REPLACE && /Users/ddanila/fun/msdos/out/ru-repro-43uqhx89/j4/bin/jwasm-masm "-Mx -t -I. -ID:\\TOOLS\\INC -I..\\..\\INC" "_PARSE.ASM,_PARSE.OBJ;"
cd /Users/ddanila/fun/msdos/out/ru-repro-43uqhx89/j4/src/CMD/JOIN && /Users/ddanila/fun/msdos/out/ru-repro-43uqhx89/j4/bin/buildmsg "..\\..\\MESSAGES\\USA-MS" JOIN.SKL
cd /Users/ddanila/fun/msdos/out/ru-repro-43uqhx89/j4/src/CMD/JOIN && /Users/ddanila/fun/msdos/out/ru-repro-43uqhx89/j4/bin/wcc "-AS -Os -Zp -I. -c -FoOWCOMSUB.OBJ ..\\..\\INC\\OWCOMSUB.C"
INCLUDING COMP=COMMON DSN=PSDATA.INC...
INCLUDING COMP=COMMON DSN=PARSE.ASM...
cd /Users/ddanila/fun/msdos/out/ru-repro-43uqhx89/j4/src/CMD/JOIN && /Users/ddanila/fun/msdos/out/ru-repro-43uqhx89/j4/bin/jwasm-masm "-Mx -t -I. -ID:\\TOOLS\\INC -I..\\..\\INC" "_PARSE.ASM,_PARSE.OBJ;"
cd /Users/ddanila/fun/msdos/out/ru-repro-43uqhx89/j4/src/CMD/SUBST && /Users/ddanila/fun/msdos/out/ru-repro-43uqhx89/j4/bin/buildmsg "..\\..\\MESSAGES\\USA-MS" SUBST.SKL
INCLUDING COMP=COMMON DSN=PSDATA.INC...
INCLUDING COMP=COMMON DSN=PARSE.ASM...
cd /Users/ddanila/fun/msdos/out/ru-repro-43uqhx89/j4/src/CMD/SUBST && /Users/ddanila/fun/msdos/out/ru-repro-43uqhx89/j4/bin/wcc "-AS -Os -Zp -I. -c -FoOWCOMSUB.OBJ ..\\..\\INC\\OWCOMSUB.C"
cd /Users/ddanila/fun/msdos/out/ru-repro-43uqhx89/j4/src/CMD/SUBST && /Users/ddanila/fun/msdos/out/ru-repro-43uqhx89/j4/bin/jwasm-masm "-Mx -t -I. -ID:\\TOOLS\\INC -I..\\..\\INC" "_PARSE.ASM,_PARSE.OBJ;"
INCLUDING COMP=COMMON DSN=PSDATA.INC...
INCLUDING COMP=COMMON DSN=PARSE.ASM...
cd /Users/ddanila/fun/msdos/out/ru-repro-43uqhx89/j4/src/CMD/BACKUP && /Users/ddanila/fun/msdos/out/ru-repro-43uqhx89/j4/bin/buildmsg "..\\..\\MESSAGES\\USA-MS" BACKUP.SKL
cd /Users/ddanila/fun/msdos/out/ru-repro-43uqhx89/j4/src/CMD/BACKUP && /Users/ddanila/fun/msdos/out/ru-repro-43uqhx89/j4/bin/wcc "-AS -Os -Zp -I. -c -FoOWCOMSUB.OBJ ..\\..\\INC\\OWCOMSUB.C"
cd /Users/ddanila/fun/msdos/out/ru-repro-43uqhx89/j4/src/CMD/BACKUP && /Users/ddanila/fun/msdos/out/ru-repro-43uqhx89/j4/bin/jwasm-masm "-Mx -t -I. -ID:\\TOOLS\\INC -I..\\..\\INC" "_PARSE.ASM,_PARSE.OBJ;"
cd /Users/ddanila/fun/msdos/out/ru-repro-43uqhx89/j4/src/CMD/RESTORE && /Users/ddanila/fun/msdos/out/ru-repro-43uqhx89/j4/bin/buildmsg "..\\..\\MESSAGES\\USA-MS" RESTORE.SKL
... CLONE version build switch on ...
INCLUDING COMP=COMMON DSN=PSDATA.INC...
INCLUDING COMP=COMMON DSN=PARSE.ASM...
cd /Users/ddanila/fun/msdos/out/ru-repro-43uqhx89/j4/src/CMD/RESTORE && /Users/ddanila/fun/msdos/out/ru-repro-43uqhx89/j4/bin/wcc "-AS -Od -Zp -I. -I..\\..\\H -c -FoRTT1.OBJ RTT1.C"
cd /Users/ddanila/fun/msdos/out/ru-repro-43uqhx89/j4/src/CMD/RESTORE && /Users/ddanila/fun/msdos/out/ru-repro-43uqhx89/j4/bin/wcc "-AS -Od -Zp -I. -I..\\..\\H -c -FoRTT3.OBJ RTT3.C"
cd /Users/ddanila/fun/msdos/out/ru-repro-43uqhx89/j4/src/CMD/RESTORE && /Users/ddanila/fun/msdos/out/ru-repro-43uqhx89/j4/bin/wcc "-AS -Od -Zp -I. -I..\\..\\H -c -FoRTDO.OBJ RTDO.C"
cd /Users/ddanila/fun/msdos/out/ru-repro-43uqhx89/j4/src/CMD/RESTORE && /Users/ddanila/fun/msdos/out/ru-repro-43uqhx89/j4/bin/wcc "-AS -Od -Zp -I. -I..\\..\\H -c -FoRTDO1.OBJ RTDO1.C"
cd /Users/ddanila/fun/msdos/out/ru-repro-43uqhx89/j4/src/CMD/RESTORE && /Users/ddanila/fun/msdos/out/ru-repro-43uqhx89/j4/bin/wcc "-AS -Od -Zp -I. -I..\\..\\H -c -FoRTOLD.OBJ RTOLD.C"
cd /Users/ddanila/fun/msdos/out/ru-repro-43uqhx89/j4/src/CMD/RESTORE && /Users/ddanila/fun/msdos/out/ru-repro-43uqhx89/j4/bin/wcc "-AS -Od -Zp -I. -I..\\..\\H -c -FoRTOLD1.OBJ RTOLD1.C"
cd /Users/ddanila/fun/msdos/out/ru-repro-43uqhx89/j4/src/CMD/RESTORE && /Users/ddanila/fun/msdos/out/ru-repro-43uqhx89/j4/bin/wcc "-AS -Od -Zp -I. -I..\\..\\H -c -FoRTNEW.OBJ RTNEW.C"
cd /Users/ddanila/fun/msdos/out/ru-repro-43uqhx89/j4/src/CMD/RESTORE && /Users/ddanila/fun/msdos/out/ru-repro-43uqhx89/j4/bin/wcc "-AS -Od -Zp -I. -I..\\..\\H -c -FoRTNEW1.OBJ RTNEW1.C"
cd /Users/ddanila/fun/msdos/out/ru-repro-43uqhx89/j4/src/CMD/RESTORE && /Users/ddanila/fun/msdos/out/ru-repro-43uqhx89/j4/bin/wcc "-AS -Od -Zp -I. -I..\\..\\H -c -FoRTFILE.OBJ RTFILE.C"
cd /Users/ddanila/fun/msdos/out/ru-repro-43uqhx89/j4/src/CMD/RESTORE && /Users/ddanila/fun/msdos/out/ru-repro-43uqhx89/j4/bin/wcc "-AS -Od -Zp -I. -I..\\..\\H -c -FoRTFILE1.OBJ RTFILE1.C"
cd /Users/ddanila/fun/msdos/out/ru-repro-43uqhx89/j4/src/CMD/RESTORE && /Users/ddanila/fun/msdos/out/ru-repro-43uqhx89/j4/bin/wcc "-AS -Os -Zp -I. -c -FoOWCOMSUB.OBJ ..\\..\\INC\\OWCOMSUB.C"
cd /Users/ddanila/fun/msdos/out/ru-repro-43uqhx89/j4/src/CMD/RESTORE && /Users/ddanila/fun/msdos/out/ru-repro-43uqhx89/j4/bin/wcc "-AS -Os -Zp -I. -c -FoOWDOSFS.OBJ ..\\..\\INC\\OWDOSFS.C"
cd /Users/ddanila/fun/msdos/out/ru-repro-43uqhx89/j4/src/CMD/RESTORE && /Users/ddanila/fun/msdos/out/ru-repro-43uqhx89/j4/bin/jwasm-masm "-Mx -t -I. -ID:\\TOOLS\\INC -I..\\..\\INC" "_PARSE.ASM,_PARSE.OBJ;"
cd /Users/ddanila/fun/msdos/out/ru-repro-43uqhx89/j4/src/CMD/RESTORE && /Users/ddanila/fun/msdos/out/ru-repro-43uqhx89/j4/bin/jwasm-masm "-Mx -t -I. -ID:\\TOOLS\\INC -I..\\..\\INC" "_MSGRET.ASM,_MSGRET.OBJ;"
cd /Users/ddanila/fun/msdos/out/ru-repro-43uqhx89/j4/src/CMD/GRAFTABL && /Users/ddanila/fun/msdos/out/ru-repro-43uqhx89/j4/bin/jwasm-masm "-Mx -t -I. -ID:\\TOOLS\\INC -I..\\..\\INC" "GRTABHAN.ASM,GRTABHAN.OBJ;"
INCLUDING COMP=COMMON DSN=PSDATA.INC...
INCLUDING COMP=COMMON DSN=PARSE.ASM...
cd /Users/ddanila/fun/msdos/out/ru-repro-43uqhx89/j4/src/CMD/GRAFTABL && /Users/ddanila/fun/msdos/out/ru-repro-43uqhx89/j4/bin/jwasm-masm "-Mx -t -I. -ID:\\TOOLS\\INC -I..\\..\\INC" "GRTABUS.ASM,GRTABUS.OBJ;"
cd /Users/ddanila/fun/msdos/out/ru-repro-43uqhx89/j4/src/CMD/GRAFTABL && /Users/ddanila/fun/msdos/out/ru-repro-43uqhx89/j4/bin/jwasm-masm "-Mx -t -I. -ID:\\TOOLS\\INC -I..\\..\\INC" "GRTABML.ASM,GRTABML.OBJ;"
COMPONENT=GRAFTABL, MODULE=GRTABHAN.SAL...
COMPONENT=COMMON, MODULE=PATHMAC.INC ...
GRTABUS.ASM...
cd /Users/ddanila/fun/msdos/out/ru-repro-43uqhx89/j4/src/CMD/GRAFTABL && /Users/ddanila/fun/msdos/out/ru-repro-43uqhx89/j4/bin/jwasm-masm "-Mx -t -I. -ID:\\TOOLS\\INC -I..\\..\\INC" "GRTABPO.ASM,GRTABPO.OBJ;"
cd /Users/ddanila/fun/msdos/out/ru-repro-43uqhx89/j4/src/CMD/GRAFTABL && /Users/ddanila/fun/msdos/out/ru-repro-43uqhx89/j4/bin/jwasm-masm "-Mx -t -I. -ID:\\TOOLS\\INC -I..\\..\\INC" "GRTABCF.ASM,GRTABCF.OBJ;"
... for DOS Version 6.22 ...
... Including message Class A
... Including message Class 1
... Including message Class 2
cd /Users/ddanila/fun/msdos/out/ru-repro-43uqhx89/j4/src/CMD/GRAFTABL && /Users/ddanila/fun/msdos/out/ru-repro-43uqhx89/j4/bin/jwasm-masm "-Mx -t -I. -ID:\\TOOLS\\INC -I..\\..\\INC" "GRTABNO.ASM,GRTABNO.OBJ;"
GRTABML.ASM...
cd /Users/ddanila/fun/msdos/out/ru-repro-43uqhx89/j4/src/CMD/GRAFTABL && /Users/ddanila/fun/msdos/out/ru-repro-43uqhx89/j4/bin/buildmsg "..\\..\\MESSAGES\\USA-MS" GRAFTABL.SKL
GRTABPO.ASM...
GRTABCF.ASM...
cd /Users/ddanila/fun/msdos/out/ru-repro-43uqhx89/j4/src/CMD/GRAFTABL && /Users/ddanila/fun/msdos/out/ru-repro-43uqhx89/j4/bin/jwasm-masm "-Mx -t -I. -ID:\\TOOLS\\INC -I..\\..\\INC" "GRTABPAR.ASM,GRTABPAR.OBJ;"
cd /Users/ddanila/fun/msdos/out/ru-repro-43uqhx89/j4/src/CMD/GRAFTABL && /Users/ddanila/fun/msdos/out/ru-repro-43uqhx89/j4/bin/jwasm-masm "-Mx -t -I. -ID:\\TOOLS\\INC -I..\\..\\INC" "GRTABP.ASM,GRTABP.OBJ;"
GRTABNO.ASM...
cd /Users/ddanila/fun/msdos/out/ru-repro-43uqhx89/j4/src/CMD/GRAFTABL && /Users/ddanila/fun/msdos/out/ru-repro-43uqhx89/j4/bin/jwasm-masm "-Mx -t -I. -ID:\\TOOLS\\INC -I..\\..\\INC" "GRTAB.ASM,GRTAB.OBJ;"
COMPONENT=GRAFTABL, MODULE=GRTABPAR.SAL...
COMPONENT=COMMON, MODULE=PATHMAC.INC ...
cd /Users/ddanila/fun/msdos/out/ru-repro-43uqhx89/j4/src/CMD/KEYB && /Users/ddanila/fun/msdos/out/ru-repro-43uqhx89/j4/bin/jwasm-masm "-Mx -t -I. -ID:\\TOOLS\\INC -I..\\..\\INC" "KEYB.ASM,KEYB.OBJ;"
COMPONENT=GRAFTABL, MODULE=GRTABP.SAL...
COMPONENT=COMMON, MODULE=PATHMAC.INC ...
INCLUDING COMP=COMMON DSN=PSDATA.INC...
INCLUDING COMP=COMMON DSN=PARSE.ASM...
cd /Users/ddanila/fun/msdos/out/ru-repro-43uqhx89/j4/src/CMD/KEYB && /Users/ddanila/fun/msdos/out/ru-repro-43uqhx89/j4/bin/jwasm-masm "-Mx -t -I. -ID:\\TOOLS\\INC -I..\\..\\INC" "KEYBI9.ASM,KEYBI9.OBJ;"
GRTAB.SAL...
COMPONENT=COMMON, MODULE=PATHMAC.INC ...
cd /Users/ddanila/fun/msdos/out/ru-repro-43uqhx89/j4/src/CMD/KEYB && /Users/ddanila/fun/msdos/out/ru-repro-43uqhx89/j4/bin/jwasm-masm "-Mx -t -I. -ID:\\TOOLS\\INC -I..\\..\\INC" "KEYBI9C.ASM,KEYBI9C.OBJ;"
cd /Users/ddanila/fun/msdos/out/ru-repro-43uqhx89/j4/src/CMD/KEYB && /Users/ddanila/fun/msdos/out/ru-repro-43uqhx89/j4/bin/jwasm-masm "-Mx -t -I. -ID:\\TOOLS\\INC -I..\\..\\INC" "KEYBI2F.ASM,KEYBI2F.OBJ;"
cd /Users/ddanila/fun/msdos/out/ru-repro-43uqhx89/j4/src/CMD/KEYB && /Users/ddanila/fun/msdos/out/ru-repro-43uqhx89/j4/bin/jwasm-masm "-Mx -t -I. -ID:\\TOOLS\\INC -I..\\..\\INC" "KEYBI48.ASM,KEYBI48.OBJ;"
cd /Users/ddanila/fun/msdos/out/ru-repro-43uqhx89/j4/src/CMD/KEYB && /Users/ddanila/fun/msdos/out/ru-repro-43uqhx89/j4/bin/jwasm-masm "-Mx -t -I. -ID:\\TOOLS\\INC -I..\\..\\INC" "KEYBCPSD.ASM,KEYBCPSD.OBJ;"
cd /Users/ddanila/fun/msdos/out/ru-repro-43uqhx89/j4/src/CMD/KEYB && /Users/ddanila/fun/msdos/out/ru-repro-43uqhx89/j4/bin/jwasm-masm "-Mx -t -I. -ID:\\TOOLS\\INC -I..\\..\\INC" "COMMSUBS.ASM,COMMSUBS.OBJ;"
cd /Users/ddanila/fun/msdos/out/ru-repro-43uqhx89/j4/src/CMD/KEYB && /Users/ddanila/fun/msdos/out/ru-repro-43uqhx89/j4/bin/jwasm-masm "-Mx -t -I. -ID:\\TOOLS\\INC -I..\\..\\INC" "KEYBTBBL.ASM,KEYBTBBL.OBJ;"
cd /Users/ddanila/fun/msdos/out/ru-repro-43uqhx89/j4/src/CMD/KEYB && /Users/ddanila/fun/msdos/out/ru-repro-43uqhx89/j4/bin/jwasm-masm "-Mx -t -I. -ID:\\TOOLS\\INC -I..\\..\\INC" "PARSER.ASM,PARSER.OBJ;"
cd /Users/ddanila/fun/msdos/out/ru-repro-43uqhx89/j4/src/CMD/KEYB && /Users/ddanila/fun/msdos/out/ru-repro-43uqhx89/j4/bin/buildmsg "..\\..\\MESSAGES\\USA-MS" KEYB.SKL
cd /Users/ddanila/fun/msdos/out/ru-repro-43uqhx89/j4/src/CMD/SHARE && /Users/ddanila/fun/msdos/out/ru-repro-43uqhx89/j4/bin/buildmsg "..\\..\\MESSAGES\\USA-MS" SHARE.SKL
cd /Users/ddanila/fun/msdos/out/ru-repro-43uqhx89/j4/src/CMD/SHARE && /Users/ddanila/fun/msdos/out/ru-repro-43uqhx89/j4/bin/jwasm-masm "-Mx -t -I. -ID:\\TOOLS\\INC -I..\\..\\INC" "SHARELNK.ASM,SHARELNK.OBJ;"
INCLUDING COMP=COMMON DSN=PSDATA.INC...
INCLUDING COMP=COMMON DSN=PARSE.ASM...
cd /Users/ddanila/fun/msdos/out/ru-repro-43uqhx89/j4/src/CMD/EXE2BIN && /Users/ddanila/fun/msdos/out/ru-repro-43uqhx89/j4/bin/buildmsg "..\\..\\MESSAGES\\USA-MS" EXE2BIN.SKL
../../INC/dosmac.INC(422) : Warning A4149: Too many arguments in macro call: AsmVar: ,$temp
 ../../INC/dosmac.INC(422): Included by
  ../../INC/DOSSYM.INC(11): Included by
   SHARELNK.ASM(7): Main line code
... for DOS Version 6.22 ...
DOSSYM in Pass 2
BPB.INC...
... CLONE version build switch on ...
DEVSYM.INC...
LCRITDEVICE... pass 1
LCRITDEVICE... pass 2
SETMEM... pass 1
SETMEM... pass 2
SKIPONE... pass 1
SKIPONE... pass 2
TWOESC... pass 1
TWOESC... pass 2
$STD_CON_STRING_INPUT_NO_ECHO... pass 1
$STD_CON_STRING_INPUT_NO_ECHO... pass 2
$STD_CON_INPUT_NO_ECHO... pass 1
$STD_CON_INPUT_NO_ECHO... pass 2
INT2F... pass 1
INT2F... pass 2
$dup_pdb... pass 1
$dup_pdb... pass 2
LEAVEDOS... pass 1
LEAVEDOS... pass 2
GETCH... pass 1
GETCH... pass 2
COPYONE... pass 1
COPYONE... pass 2
$SETDPB... pass 1
$SETDPB... pass 2
CALL_ENTRY... pass 1
CALL_ENTRY... pass 2
ECRITDISK... pass 1
ECRITDISK... pass 2
COPYLIN... pass 1
COPYLIN... pass 2
LCRITDISK... pass 1
LCRITDISK... pass 2
QUIT... pass 1
QUIT... pass 2
BACKSP... pass 1
BACKSP... pass 2
DIVOV... pass 1
DIVOV... pass 2
STAY_RESIDENT... pass 1
STAY_RESIDENT... pass 2
CTRLZ... pass 1
CTRLZ... pass 2
EXITINS... pass 1
EXITINS... pass 2
OKCALL... pass 1
OKCALL... pass 2
SKIPSTR... pass 1
SKIPSTR... pass 2
ABSDWRT... pass 1
ABSDWRT... pass 2
BADCALL... pass 1
BADCALL... pass 2
REEDIT... pass 1
REEDIT... pass 2
INULDEV... pass 1
INULDEV... pass 2
ABSDRD... pass 1
ABSDRD... pass 2
SNULDEV... pass 1
SNULDEV... pass 2
COPYSTR... pass 1
COPYSTR... pass 2
ECRITDEVICE... pass 1
ECRITDEVICE... pass 2
COMMAND... pass 1
COMMAND... pass 2
ENTERINS... pass 1
ENTERINS... pass 2
DEVIOCALL2... pass 1
DEVIOCALL2... pass 2
FASTOPENTABLE... pass 1
FASTOPENTABLE... pass 2
HEADER... pass 1
HEADER... pass 2
SYSINITTABLE... pass 1
SYSINITTABLE... pass 2
FETCHI_TAG... pass 1
FETCHI_TAG... pass 2
IFS_DOSCALL... pass 1
IFS_DOSCALL... pass 2
KILNEW... pass 1
KILNEW... pass 2
PACKET_TEMP... pass 1
PACKET_TEMP... pass 2
Swap_in_DOS_Len... pass 1
Swap_in_DOS_Len... pass 2
swap_always_area... pass 1
swap_always_area... pass 2
swap_always_area_len... pass 1
swap_always_area_len... pass 2
swap_in_dos... pass 1
swap_in_dos... pass 2
cd /Users/ddanila/fun/msdos/out/ru-repro-43uqhx89/j4/src/CMD/EXE2BIN && /Users/ddanila/fun/msdos/out/ru-repro-43uqhx89/j4/bin/jwasm-masm "-Mx -t -I. -ID:\\TOOLS\\INC -I..\\..\\INC" "DISPLAY.ASM,DISPLAY.OBJ;"
cd /Users/ddanila/fun/msdos/out/ru-repro-43uqhx89/j4/src/CMD/GRAPHICS && /Users/ddanila/fun/msdos/out/ru-repro-43uqhx89/j4/bin/jwasm-masm "-Mx -t -I. -ID:\\TOOLS\\INC -I..\\..\\INC" "GRAPHICS.ASM,GRAPHICS.OBJ;"
cd /Users/ddanila/fun/msdos/out/ru-repro-43uqhx89/j4/src/CMD/GRAPHICS && /Users/ddanila/fun/msdos/out/ru-repro-43uqhx89/j4/bin/jwasm-masm "-Mx -t -I. -ID:\\TOOLS\\INC -I..\\..\\INC" "GRINT2FH.ASM,GRINT2FH.OBJ;"
cd /Users/ddanila/fun/msdos/out/ru-repro-43uqhx89/j4/src/CMD/GRAPHICS && /Users/ddanila/fun/msdos/out/ru-repro-43uqhx89/j4/bin/jwasm-masm "-Mx -t -I. -ID:\\TOOLS\\INC -I..\\..\\INC" "GRPATTRN.ASM,GRPATTRN.OBJ;"
cd /Users/ddanila/fun/msdos/out/ru-repro-43uqhx89/j4/src/CMD/GRAPHICS && /Users/ddanila/fun/msdos/out/ru-repro-43uqhx89/j4/bin/jwasm-masm "-Mx -t -I. -ID:\\TOOLS\\INC -I..\\..\\INC" "GRCTRL.ASM,GRCTRL.OBJ;"
cd /Users/ddanila/fun/msdos/out/ru-repro-43uqhx89/j4/src/CMD/GRAPHICS && /Users/ddanila/fun/msdos/out/ru-repro-43uqhx89/j4/bin/buildmsg "..\\..\\MESSAGES\\USA-MS" GRAPHICS.SKL
cd /Users/ddanila/fun/msdos/out/ru-repro-43uqhx89/j4/src/CMD/GRAPHICS && /Users/ddanila/fun/msdos/out/ru-repro-43uqhx89/j4/bin/jwasm-masm "-Mx -t -I. -ID:\\TOOLS\\INC -I..\\..\\INC" "GRCOLPRT.ASM,GRCOLPRT.OBJ;"
cd /Users/ddanila/fun/msdos/out/ru-repro-43uqhx89/j4/src/CMD/GRAPHICS && /Users/ddanila/fun/msdos/out/ru-repro-43uqhx89/j4/bin/jwasm-masm "-Mx -t -I. -ID:\\TOOLS\\INC -I..\\..\\INC" "GRBWPRT.ASM,GRBWPRT.OBJ;"
GRCTRL.ASM(393) : Warning A4073: Size not specified, assuming: WORD
 $Test(22)[STRUC.INC]: Macro called from
  $TopTest(5)[STRUC.INC]: Macro called from
   .if(13)[STRUC.INC]: Macro called from
    GRCTRL.ASM(393): Main line code
cd /Users/ddanila/fun/msdos/out/ru-repro-43uqhx89/j4/src/CMD/GRAPHICS && /Users/ddanila/fun/msdos/out/ru-repro-43uqhx89/j4/bin/jwasm-masm "-Mx -t -I. -ID:\\TOOLS\\INC -I..\\..\\INC" "GRCPSD.ASM,GRPARSE.OBJ;"
cd /Users/ddanila/fun/msdos/out/ru-repro-43uqhx89/j4/src/CMD/GRAPHICS && /Users/ddanila/fun/msdos/out/ru-repro-43uqhx89/j4/bin/jwasm-masm "-Mx -t -I. -ID:\\TOOLS\\INC -I..\\..\\INC" "GRPARMS.ASM,GRPARMS.OBJ;"
cd /Users/ddanila/fun/msdos/out/ru-repro-43uqhx89/j4/src/CMD/GRAPHICS && /Users/ddanila/fun/msdos/out/ru-repro-43uqhx89/j4/bin/jwasm-masm "-Mx -t -I. -ID:\\TOOLS\\INC -I..\\..\\INC" "GRLOAD.ASM,GRLOAD.OBJ;"
cd /Users/ddanila/fun/msdos/out/ru-repro-43uqhx89/j4/src/CMD/GRAPHICS && /Users/ddanila/fun/msdos/out/ru-repro-43uqhx89/j4/bin/jwasm-masm "-Mx -t -I. -ID:\\TOOLS\\INC -I..\\..\\INC" "GRLOAD2.ASM,GRLOAD2.OBJ;"
cd /Users/ddanila/fun/msdos/out/ru-repro-43uqhx89/j4/src/CMD/GRAPHICS && /Users/ddanila/fun/msdos/out/ru-repro-43uqhx89/j4/bin/jwasm-masm "-Mx -t -I. -ID:\\TOOLS\\INC -I..\\..\\INC" "GRLOAD3.ASM,GRLOAD3.OBJ;"
cd /Users/ddanila/fun/msdos/out/ru-repro-43uqhx89/j4/src/CMD/IFSFUNC && /Users/ddanila/fun/msdos/out/ru-repro-43uqhx89/j4/bin/jwasm-masm "-Mx -t -I. -ID:\\TOOLS\\INC -I..\\..\\INC" "IFSSESS.ASM,IFSSESS.OBJ;"
cd /Users/ddanila/fun/msdos/out/ru-repro-43uqhx89/j4/src/CMD/IFSFUNC && /Users/ddanila/fun/msdos/out/ru-repro-43uqhx89/j4/bin/jwasm-masm "-Mx -t -I. -ID:\\TOOLS\\INC -I..\\..\\INC" "IFSDIR.ASM,IFSDIR.OBJ;"
cd /Users/ddanila/fun/msdos/out/ru-repro-43uqhx89/j4/src/CMD/IFSFUNC && /Users/ddanila/fun/msdos/out/ru-repro-43uqhx89/j4/bin/jwasm-masm "-Mx -t -I. -ID:\\TOOLS\\INC -I..\\..\\INC" "IFSFILE.ASM,IFSFILE.OBJ;"
../../INC/dosmac.INC(422) : Warning A4149: Too many arguments in macro call: AsmVar: ,$temp
 ../../INC/dosmac.INC(422): Included by
  ../../INC/DOSSYM.INC(11): Included by
   IFSSESS.ASM(28): Main line code
../../INC/dosmac.INC(422) : Warning A4149: Too many arguments in macro call: AsmVar: ,$temp
 ../../INC/dosmac.INC(422): Included by
  ../../INC/DOSSYM.INC(11): Included by
   IFSDIR.ASM(16): Main line code
cd /Users/ddanila/fun/msdos/out/ru-repro-43uqhx89/j4/src/CMD/IFSFUNC && /Users/ddanila/fun/msdos/out/ru-repro-43uqhx89/j4/bin/jwasm-masm "-Mx -t -I. -ID:\\TOOLS\\INC -I..\\..\\INC" "IFSHAND.ASM,IFSHAND.OBJ;"
INSTALLED version
... for DOS Version 6.22 ...
DOSSYM in Pass 2
BPB.INC...
... CLONE version build switch on ...
DEVSYM.INC...
IFS_RMDIR... pass 1
IFS_RMDIR... pass 2
IFS_MKDIR... pass 1
IFS_MKDIR... pass 2
IFS_CHDIR... pass 1
IFS_CHDIR... pass 2
INSTALLED version
... for DOS Version 6.22 ...
DOSSYM in Pass 2
BPB.INC...
... CLONE version build switch on ...
DEVSYM.INC...
IFS_ASSOPER... pass 1
IFS_ASSOPER... pass 2
RETURN_ASSIGN_MODE... pass 1
RETURN_ASSIGN_MODE... pass 2
SET_ASSIGN_MODE... pass 1
SET_ASSIGN_MODE... pass 2
GET_IFSFUNC_ITEM... pass 1
GET_IFSFUNC_ITEM... pass 2
***** Possible stack size error in GET_IFSFUNC_ITEM *****
ATTACH_START... pass 1
ATTACH_START... pass 2
***** Possible stack size error in ATTACH_START *****
ATTACH_END... pass 1
ATTACH_END... pass 2
IFS_RESET_ENVIRONMENT... pass 1
IFS_RESET_ENVIRONMENT... pass 2
IFS_ABORT... pass 1
IFS_ABORT... pass 2
GET_IFS_DRIVER_NAME... pass 1
GET_IFS_DRIVER_NAME... pass 2
FIND_IFS_DRIVER... pass 1
FIND_IFS_DRIVER... pass 2
AssignOn... pass 1
AssignOn... pass 2
AssignOff... pass 1
AssignOff... pass 2
PrintOn... pass 1
PrintOn... pass 2
PrintOff... pass 1
PrintOff... pass 2
GET_UNC_ITEM_INFO... pass 1
GET_UNC_ITEM_INFO... pass 2
***** Possible stack size error in GET_UNC_ITEM_INFO *****
CHECK_END_SPACE... pass 1
CHECK_END_SPACE... pass 2
cd /Users/ddanila/fun/msdos/out/ru-repro-43uqhx89/j4/src/CMD/IFSFUNC && /Users/ddanila/fun/msdos/out/ru-repro-43uqhx89/j4/bin/jwasm-masm "-Mx -t -I. -ID:\\TOOLS\\INC -I..\\..\\INC" "IFSDEV.ASM,IFSDEV.OBJ;"
cd /Users/ddanila/fun/msdos/out/ru-repro-43uqhx89/j4/src/CMD/IFSFUNC && /Users/ddanila/fun/msdos/out/ru-repro-43uqhx89/j4/bin/jwasm-masm "-Mx -t -I. -ID:\\TOOLS\\INC -I..\\..\\INC" "IFSUTIL.ASM,IFSUTIL.OBJ;"
../../INC/dosmac.INC(422) : Warning A4149: Too many arguments in macro call: AsmVar: ,$temp
 ../../INC/dosmac.INC(422): Included by
  ../../INC/DOSSYM.INC(11): Included by
   IFSFILE.ASM(39): Main line code
../../INC/dosmac.INC(422) : Warning A4149: Too many arguments in macro call: AsmVar: ,$temp
 ../../INC/dosmac.INC(422): Included by
  ../../INC/DOSSYM.INC(11): Included by
   IFSHAND.ASM(22): Main line code
INSTALLED version
... for DOS Version 6.22 ...
DOSSYM in Pass 2
BPB.INC...
... CLONE version build switch on ...
DEVSYM.INC...
IFS_DISK_INFO... pass 1
IFS_DISK_INFO... pass 2
***** Possible stack size error in IFS_DISK_INFO *****
IFS_SEQ_SET_FILE_ATTRIBUTE... pass 1
IFS_SEQ_SET_FILE_ATTRIBUTE... pass 2
IFS_SET_FILE_ATTRIBUTE... pass 1
IFS_SET_FILE_ATTRIBUTE... pass 2
IFS_SEQ_GET_FILE_INFO... pass 1
IFS_SEQ_GET_FILE_INFO... pass 2
IFS_GET_FILE_INFO... pass 1
IFS_GET_FILE_INFO... pass 2
***** Possible stack size error in IFS_GET_FILE_INFO *****
IFS_SEQ_RENAME... pass 1
IFS_SEQ_RENAME... pass 2
IFS_RENAME... pass 1
IFS_RENAME... pass 2
IFS_SEQ_DELETE... pass 1
IFS_SEQ_DELETE... pass 2
IFS_DELETE... pass 1
IFS_DELETE... pass 2
IFS_SEQ_OPEN... pass 1
IFS_SEQ_OPEN... pass 2
IFS_OPEN... pass 1
IFS_OPEN... pass 2
IFS_SEQ_CREATE... pass 1
IFS_SEQ_CREATE... pass 2
IFS_CREATE... pass 1
IFS_CREATE... pass 2
IFS_SEQ_XOPEN... pass 1
IFS_SEQ_XOPEN... pass 2
IFS_XOPEN... pass 1
IFS_XOPEN... pass 2
***** Possible stack size error in IFS_XOPEN *****
IFS_SEQ_SEARCH_FIRST... pass 1
IFS_SEQ_SEARCH_FIRST... pass 2
IFS_SEQ_SEARCH_NEXT... pass 1
IFS_SEQ_SEARCH_NEXT... pass 2
IFS_SEARCH_FIRST... pass 1
IFS_SEARCH_FIRST... pass 2
***** Possible stack size error in IFS_SEARCH_FIRST *****
IFS_SEARCH_NEXT... pass 1
IFS_SEARCH_NEXT... pass 2
OPEN_CHECK_DEVICE... pass 1
OPEN_CHECK_DEVICE... pass 2
cd /Users/ddanila/fun/msdos/out/ru-repro-43uqhx89/j4/src/CMD/IFSFUNC && /Users/ddanila/fun/msdos/out/ru-repro-43uqhx89/j4/bin/buildmsg "..\\..\\MESSAGES\\USA-MS" IFSFUNC.SKL
../../INC/dosmac.INC(422) : Warning A4149: Too many arguments in macro call: AsmVar: ,$temp
 ../../INC/dosmac.INC(422): Included by
../../INC/dosmac.INC(422) : Warning A4149: Too many arguments in macro call: AsmVar: ,$temp
  ../../INC/DOSSYM.INC(11): Included by
   IFSUTIL.ASM(48): Main line code
 ../../INC/dosmac.INC(422): Included by
  ../../INC/DOSSYM.INC(11): Included by
   IFSDEV.ASM(27): Main line code
INSTALLED version
... for DOS Version 6.22 ...
DOSSYM in Pass 2
BPB.INC...
... CLONE version build switch on ...
DEVSYM.INC...
IFS_CLOSE... pass 1
IFS_CLOSE... pass 2
***** Possible stack size error in IFS_CLOSE *****
IFS_COMMIT... pass 1
IFS_COMMIT... pass 2
***** Possible stack size error in IFS_COMMIT *****
IFS_LSEEK... pass 1
IFS_LSEEK... pass 2
IFS_READ... pass 1
IFS_READ... pass 2
IFS_WRITE... pass 1
IFS_WRITE... pass 2
IFS_XLOCK... pass 1
IFS_XLOCK... pass 2
IFS_FILE_XATTRIBUTES... pass 1
IFS_FILE_XATTRIBUTES... pass 2
cd /Users/ddanila/fun/msdos/out/ru-repro-43uqhx89/j4/src/CMD/IFSFUNC && /Users/ddanila/fun/msdos/out/ru-repro-43uqhx89/j4/bin/jwasm-masm "-Mx -t -I. -ID:\\TOOLS\\INC -I..\\..\\INC" "IFSFLINK.ASM,IFSFLINK.OBJ;"
INSTALLED version
... for DOS Version 6.22 ...
DOSSYM in Pass 2
BPB.INC...
... CLONE version build switch on ...
DEVSYM.INC...
PRINTER_GETSET_STRING... pass 1
PRINTER_GETSET_STRING... pass 2
***** Possible stack size error in PRINTER_GETSET_STRING *****
IFS_DEVICE_CHECK... pass 1
IFS_DEVICE_CHECK... pass 2
IFS_DEVICE_CLOSE... pass 1
IFS_DEVICE_CLOSE... pass 2
IFS_DEVICE_OPER... pass 1
IFS_DEVICE_OPER... pass 2
IFS_SPOOL_ECHO_CHECK... pass 1
IFS_SPOOL_ECHO_CHECK... pass 2
IFS_DEPENDENT_IOCTL... pass 1
IFS_DEPENDENT_IOCTL... pass 2
DEVICE_IOCTL... pass 1
DEVICE_IOCTL... pass 2
GET_DFL_FROM_INDEX... pass 1
GET_DFL_FROM_INDEX... pass 2
cd /Users/ddanila/fun/msdos/out/ru-repro-43uqhx89/j4/src/CMD/MODE && /Users/ddanila/fun/msdos/out/ru-repro-43uqhx89/j4/bin/buildmsg "..\\..\\MESSAGES\\USA-MS" MODE.SKL
INSTALLED version
... for DOS Version 6.22 ...
DOSSYM in Pass 2
BPB.INC...
... CLONE version build switch on ...
DEVSYM.INC...
IFSFlushBuf... pass 1
IFSFlushBuf... pass 2
***** Possible stack size error in IFSFlushBuf *****
IFS_UPDATE_CB... pass 1
IFS_UPDATE_CB... pass 2
SERVER_DOSCALL_CLOSEFILES_FOR_UID... pass 1
SERVER_DOSCALL_CLOSEFILES_FOR_UID... pass 2
SERVER_IFSFUNC_DATA_AREA... pass 1
SERVER_IFSFUNC_DATA_AREA... pass 2
DRIVE_FROM_CDS... pass 1
DRIVE_FROM_CDS... pass 2
DRIVE_FROM_SFT... pass 1
DRIVE_FROM_SFT... pass 2
PREP_IFSR... pass 1
PREP_IFSR... pass 2
CALL_IFS... pass 1
CALL_IFS... pass 2
CREATE_DFL_ENTRY... pass 1
CREATE_DFL_ENTRY... pass 2
***** Possible stack size error in CREATE_DFL_ENTRY *****
DELETE_DFL_ENTRY... pass 1
DELETE_DFL_ENTRY... pass 2
DFL_SINGLE_FILE_CHECK... pass 1
DFL_SINGLE_FILE_CHECK... pass 2
DFL_MATCH... pass 1
DFL_MATCH... pass 2
SFT_TO_SFF... pass 1
SFT_TO_SFF... pass 2
SFF_TO_SFT... pass 1
SFF_TO_SFT... pass 2
CDS_TO_CD... pass 1
CDS_TO_CD... pass 2
CD_TO_CDS... pass 1
CD_TO_CDS... pass 2
DFL_TO_DF... pass 1
DFL_TO_DF... pass 2
DF_TO_DFL... pass 1
DF_TO_DFL... pass 2
CONSIST_SFT... pass 1
CONSIST_SFT... pass 2
CONSIST_DFL... pass 1
CONSIST_DFL... pass 2
PRN_CHECK... pass 1
PRN_CHECK... pass 2
CHECK_REAL_DEVICE... pass 1
CHECK_REAL_DEVICE... pass 2
***** Possible stack size error in CHECK_REAL_DEVICE *****
XCHGP... pass 1
XCHGP... pass 2
IFSDrvFromCDS... pass 1
IFSDrvFromCDS... pass 2
SET_THISIFS_UNC... pass 1
SET_THISIFS_UNC... pass 2
SET_CATEGORY... pass 1
SET_CATEGORY... pass 2
SET_DEPIOCTL_IFSR... pass 1
SET_DEPIOCTL_IFSR... pass 2
GET_UNC_FS_NAME... pass 1
GET_UNC_FS_NAME... pass 2
MOVE_DRIVER_NAME... pass 1
MOVE_DRIVER_NAME... pass 2
CONVERT_NAME_ASCIIZ... pass 1
CONVERT_NAME_ASCIIZ... pass 2
CHECK_SEQ... pass 1
CHECK_SEQ... pass 2
INIT_DFL... pass 1
INIT_DFL... pass 2
NET_TRANS... pass 1
NET_TRANS... pass 2
***** Possible stack size error in NET_TRANS *****
STRIP_WFP_START... pass 1
STRIP_WFP_START... pass 2
CHECK_IFS_ATTRIBUTE... pass 1
CHECK_IFS_ATTRIBUTE... pass 2
CHECK_IFS_SUPPORT... pass 1
CHECK_IFS_SUPPORT... pass 2
cd /Users/ddanila/fun/msdos/out/ru-repro-43uqhx89/j4/src/CMD/MODE && /Users/ddanila/fun/msdos/out/ru-repro-43uqhx89/j4/bin/jwasm-masm "-Mx -t -I. -ID:\\TOOLS\\INC -I..\\..\\INC" "SCRNTAB.ASM,SCRNTAB.OBJ;"
../../INC/dosmac.INC(422) : Warning A4149: Too many arguments in macro call: AsmVar: ,$temp
 ../../INC/dosmac.INC(422): Included by
  ../../INC/DOSSYM.INC(11): Included by
   IFSFLINK.ASM(7): Main line code
IFSFLINK.ASM(29) : Warning A4149: Too many arguments in macro call: entry: ,FAR
IFSFLINK.ASM(30) : Warning A4149: Too many arguments in macro call: entry: ,FAR
IFSFLINK.ASM(31) : Warning A4149: Too many arguments in macro call: entry: ,FAR
IFSFLINK.ASM(32) : Warning A4149: Too many arguments in macro call: entry: ,FAR
IFSFLINK.ASM(33) : Warning A4149: Too many arguments in macro call: entry: ,FAR
IFSFLINK.ASM(34) : Warning A4149: Too many arguments in macro call: entry: ,FAR
IFSFLINK.ASM(35) : Warning A4149: Too many arguments in macro call: entry: ,FAR
IFSFLINK.ASM(36) : Warning A4149: Too many arguments in macro call: entry: ,FAR
IFSFLINK.ASM(37) : Warning A4149: Too many arguments in macro call: entry: ,FAR
IFSFLINK.ASM(38) : Warning A4149: Too many arguments in macro call: entry: ,FAR
IFSFLINK.ASM(39) : Warning A4149: Too many arguments in macro call: entry: ,FAR
IFSFLINK.ASM(40) : Warning A4149: Too many arguments in macro call: entry: ,FAR
IFSFLINK.ASM(41) : Warning A4149: Too many arguments in macro call: entry: ,FAR
IFSFLINK.ASM(42) : Warning A4149: Too many arguments in macro call: entry: ,FAR
IFSFLINK.ASM(43) : Warning A4149: Too many arguments in macro call: entry: ,FAR
IFSFLINK.ASM(44) : Warning A4149: Too many arguments in macro call: entry: ,FAR
IFSFLINK.ASM(45) : Warning A4149: Too many arguments in macro call: entry: ,FAR
IFSFLINK.ASM(46) : Warning A4149: Too many arguments in macro call: entry: ,FAR
IFSFLINK.ASM(47) : Warning A4149: Too many arguments in macro call: entry: ,FAR
IFSFLINK.ASM(48) : Warning A4149: Too many arguments in macro call: entry: ,FAR
IFSFLINK.ASM(49) : Warning A4149: Too many arguments in macro call: entry: ,FAR
IFSFLINK.ASM(50) : Warning A4149: Too many arguments in macro call: entry: ,FAR
IFSFLINK.ASM(51) : Warning A4149: Too many arguments in macro call: entry: ,FAR
IFSFLINK.ASM(52) : Warning A4149: Too many arguments in macro call: entry: ,FAR
IFSFLINK.ASM(53) : Warning A4149: Too many arguments in macro call: entry: ,FAR
IFSFLINK.ASM(54) : Warning A4149: Too many arguments in macro call: entry: ,FAR
IFSFLINK.ASM(55) : Warning A4149: Too many arguments in macro call: entry: ,FAR
IFSFLINK.ASM(56) : Warning A4149: Too many arguments in macro call: entry: ,FAR
IFSFLINK.ASM(57) : Warning A4149: Too many arguments in macro call: entry: ,FAR
IFSFLINK.ASM(58) : Warning A4149: Too many arguments in macro call: entry: ,FAR
IFSFLINK.ASM(59) : Warning A4149: Too many arguments in macro call: entry: ,FAR
IFSFLINK.ASM(60) : Warning A4149: Too many arguments in macro call: entry: ,FAR
IFSFLINK.ASM(61) : Warning A4149: Too many arguments in macro call: entry: ,FAR
IFSFLINK.ASM(62) : Warning A4149: Too many arguments in macro call: entry: ,FAR
IFSFLINK.ASM(63) : Warning A4149: Too many arguments in macro call: entry: ,FAR
IFSFLINK.ASM(64) : Warning A4149: Too many arguments in macro call: entry: ,FAR
IFSFLINK.ASM(65) : Warning A4149: Too many arguments in macro call: entry: ,FAR
IFSFLINK.ASM(66) : Warning A4149: Too many arguments in macro call: entry: ,FAR
IFSFLINK.ASM(67) : Warning A4149: Too many arguments in macro call: entry: ,FAR
IFSFLINK.ASM(68) : Warning A4149: Too many arguments in macro call: entry: ,FAR
IFSFLINK.ASM(69) : Warning A4149: Too many arguments in macro call: entry: ,FAR
IFSFLINK.ASM(70) : Warning A4149: Too many arguments in macro call: entry: ,FAR
IFSFLINK.ASM(71) : Warning A4149: Too many arguments in macro call: entry: ,FAR
IFSFLINK.ASM(72) : Warning A4149: Too many arguments in macro call: entry: ,FAR
IFSFLINK.ASM(73) : Warning A4149: Too many arguments in macro call: entry: ,FAR
IFSFLINK.ASM(74) : Warning A4149: Too many arguments in macro call: entry: ,FAR
IFSFLINK.ASM(75) : Warning A4149: Too many arguments in macro call: entry: ,FAR
IFSFLINK.ASM(76) : Warning A4149: Too many arguments in macro call: entry: ,FAR
IFSFLINK.ASM(77) : Warning A4149: Too many arguments in macro call: entry: ,FAR
IFSFLINK.ASM(78) : Warning A4149: Too many arguments in macro call: entry: ,FAR
IFSFLINK.ASM(79) : Warning A4149: Too many arguments in macro call: entry: ,FAR
IFSFLINK.ASM(80) : Warning A4149: Too many arguments in macro call: entry: ,FAR
IFSFLINK.ASM(81) : Warning A4149: Too many arguments in macro call: entry: ,FAR
IFSFLINK.ASM(82) : Warning A4149: Too many arguments in macro call: entry: ,FAR
IFSFLINK.ASM(83) : Warning A4149: Too many arguments in macro call: entry: ,FAR
IFSFLINK.ASM(84) : Warning A4149: Too many arguments in macro call: entry: ,FAR
IFSFLINK.ASM(85) : Warning A4149: Too many arguments in macro call: entry: ,FAR
IFSFLINK.ASM(86) : Warning A4149: Too many arguments in macro call: entry: ,FAR
IFSFLINK.ASM(87) : Warning A4149: Too many arguments in macro call: entry: ,FAR
IFSFLINK.ASM(88) : Warning A4149: Too many arguments in macro call: entry: ,FAR
IFSFLINK.ASM(89) : Warning A4149: Too many arguments in macro call: entry: ,FAR
IFSFLINK.ASM(90) : Warning A4149: Too many arguments in macro call: entry: ,FAR
IFSFLINK.ASM(91) : Warning A4149: Too many arguments in macro call: entry: ,FAR
IFSFLINK.ASM(92) : Warning A4149: Too many arguments in macro call: entry: ,FAR
IFSFLINK.ASM(93) : Warning A4149: Too many arguments in macro call: entry: ,FAR
IFSFLINK.ASM(94) : Warning A4149: Too many arguments in macro call: entry: ,FAR
IFSFLINK.ASM(95) : Warning A4149: Too many arguments in macro call: entry: ,FAR
IFSFLINK.ASM(96) : Warning A4149: Too many arguments in macro call: entry: ,FAR
IFSFLINK.ASM(97) : Warning A4149: Too many arguments in macro call: entry: ,FAR
IFSFLINK.ASM(98) : Warning A4149: Too many arguments in macro call: entry: ,FAR
IFSFLINK.ASM(99) : Warning A4149: Too many arguments in macro call: entry: ,FAR
IFSFLINK.ASM(100) : Warning A4149: Too many arguments in macro call: entry: ,FAR
IFSFLINK.ASM(101) : Warning A4149: Too many arguments in macro call: entry: ,FAR
IFSFLINK.ASM(102) : Warning A4149: Too many arguments in macro call: entry: ,FAR
IFSFLINK.ASM(103) : Warning A4149: Too many arguments in macro call: entry: ,FAR
IFSFLINK.ASM(104) : Warning A4149: Too many arguments in macro call: entry: ,FAR
IFSFLINK.ASM(105) : Warning A4149: Too many arguments in macro call: entry: ,FAR
IFSFLINK.ASM(106) : Warning A4149: Too many arguments in macro call: entry: ,FAR
IFSFLINK.ASM(107) : Warning A4149: Too many arguments in macro call: entry: ,FAR
IFSFLINK.ASM(108) : Warning A4149: Too many arguments in macro call: entry: ,FAR
IFSFLINK.ASM(109) : Warning A4149: Too many arguments in macro call: entry: ,FAR
IFSFLINK.ASM(110) : Warning A4149: Too many arguments in macro call: entry: ,FAR
IFSFLINK.ASM(111) : Warning A4149: Too many arguments in macro call: entry: ,FAR
IFSFLINK.ASM(112) : Warning A4149: Too many arguments in macro call: entry: ,FAR
IFSFLINK.ASM(113) : Warning A4149: Too many arguments in macro call: entry: ,FAR
IFSFLINK.ASM(114) : Warning A4149: Too many arguments in macro call: entry: ,FAR
IFSFLINK.ASM(115) : Warning A4149: Too many arguments in macro call: entry: ,FAR
IFSFLINK.ASM(116) : Warning A4149: Too many arguments in macro call: entry: ,FAR
IFSFLINK.ASM(117) : Warning A4149: Too many arguments in macro call: entry: ,FAR
IFSFLINK.ASM(118) : Warning A4149: Too many arguments in macro call: entry: ,FAR
IFSFLINK.ASM(119) : Warning A4149: Too many arguments in macro call: entry: ,FAR
IFSFLINK.ASM(120) : Warning A4149: Too many arguments in macro call: entry: ,FAR
IFSFLINK.ASM(121) : Warning A4149: Too many arguments in macro call: entry: ,FAR
IFSFLINK.ASM(122) : Warning A4149: Too many arguments in macro call: entry: ,FAR
IFSFLINK.ASM(123) : Warning A4149: Too many arguments in macro call: entry: ,FAR
IFSFLINK.ASM(124) : Warning A4149: Too many arguments in macro call: entry: ,FAR
IFSFLINK.ASM(125) : Warning A4149: Too many arguments in macro call: entry: ,FAR
IFSFLINK.ASM(126) : Warning A4149: Too many arguments in macro call: entry: ,FAR
IFSFLINK.ASM(127) : Warning A4149: Too many arguments in macro call: entry: ,FAR
IFSFLINK.ASM(128) : Warning A4149: Too many arguments in macro call: entry: ,FAR
IFSFLINK.ASM(129) : Warning A4149: Too many arguments in macro call: entry: ,FAR
IFSFLINK.ASM(130) : Warning A4149: Too many arguments in macro call: entry: ,FAR
IFSFLINK.ASM(131) : Warning A4149: Too many arguments in macro call: entry: ,FAR
IFSFLINK.ASM(132) : Warning A4149: Too many arguments in macro call: entry: ,FAR
IFSFLINK.ASM(133) : Warning A4149: Too many arguments in macro call: entry: ,FAR
IFSFLINK.ASM(134) : Warning A4149: Too many arguments in macro call: entry: ,FAR
IFSFLINK.ASM(135) : Warning A4149: Too many arguments in macro call: entry: ,FAR
IFSFLINK.ASM(136) : Warning A4149: Too many arguments in macro call: entry: ,FAR
IFSFLINK.ASM(137) : Warning A4149: Too many arguments in macro call: entry: ,FAR
IFSFLINK.ASM(138) : Warning A4149: Too many arguments in macro call: entry: ,FAR
IFSFLINK.ASM(139) : Warning A4149: Too many arguments in macro call: entry: ,FAR
IFSFLINK.ASM(140) : Warning A4149: Too many arguments in macro call: entry: ,FAR
IFSFLINK.ASM(141) : Warning A4149: Too many arguments in macro call: entry: ,FAR
IFSFLINK.ASM(142) : Warning A4149: Too many arguments in macro call: entry: ,FAR
IFSFLINK.ASM(143) : Warning A4149: Too many arguments in macro call: entry: ,FAR
IFSFLINK.ASM(144) : Warning A4149: Too many arguments in macro call: entry: ,FAR
IFSFLINK.ASM(145) : Warning A4149: Too many arguments in macro call: entry: ,FAR
IFSFLINK.ASM(146) : Warning A4149: Too many arguments in macro call: entry: ,FAR
IFSFLINK.ASM(147) : Warning A4149: Too many arguments in macro call: entry: ,FAR
IFSFLINK.ASM(148) : Warning A4149: Too many arguments in macro call: entry: ,FAR
IFSFLINK.ASM(149) : Warning A4149: Too many arguments in macro call: entry: ,FAR
IFSFLINK.ASM(150) : Warning A4149: Too many arguments in macro call: entry: ,FAR
IFSFLINK.ASM(151) : Warning A4149: Too many arguments in macro call: entry: ,FAR
IFSFLINK.ASM(152) : Warning A4149: Too many arguments in macro call: entry: ,FAR
IFSFLINK.ASM(153) : Warning A4149: Too many arguments in macro call: entry: ,FAR
IFSFLINK.ASM(154) : Warning A4149: Too many arguments in macro call: entry: ,FAR
IFSFLINK.ASM(155) : Warning A4149: Too many arguments in macro call: entry: ,FAR
IFSFLINK.ASM(156) : Warning A4149: Too many arguments in macro call: entry: ,FAR
IFSFLINK.ASM(157) : Warning A4149: Too many arguments in macro call: entry: ,FAR
IFSFLINK.ASM(158) : Warning A4149: Too many arguments in macro call: entry: ,FAR
IFSFLINK.ASM(159) : Warning A4149: Too many arguments in macro call: entry: ,FAR
IFSFLINK.ASM(160) : Warning A4149: Too many arguments in macro call: entry: ,FAR
IFSFLINK.ASM(161) : Warning A4149: Too many arguments in macro call: entry: ,FAR
IFSFLINK.ASM(162) : Warning A4149: Too many arguments in macro call: entry: ,FAR
IFSFLINK.ASM(163) : Warning A4149: Too many arguments in macro call: entry: ,FAR
IFSFLINK.ASM(164) : Warning A4149: Too many arguments in macro call: entry: ,FAR
IFSFLINK.ASM(165) : Warning A4149: Too many arguments in macro call: entry: ,FAR
IFSFLINK.ASM(166) : Warning A4149: Too many arguments in macro call: entry: ,FAR
IFSFLINK.ASM(167) : Warning A4149: Too many arguments in macro call: entry: ,FAR
IFSFLINK.ASM(168) : Warning A4149: Too many arguments in macro call: entry: ,FAR
IFSFLINK.ASM(169) : Warning A4149: Too many arguments in macro call: entry: ,FAR
IFSFLINK.ASM(170) : Warning A4149: Too many arguments in macro call: entry: ,FAR
IFSFLINK.ASM(171) : Warning A4149: Too many arguments in macro call: entry: ,FAR
IFSFLINK.ASM(172) : Warning A4149: Too many arguments in macro call: entry: ,FAR
IFSFLINK.ASM(173) : Warning A4149: Too many arguments in macro call: entry: ,FAR
IFSFLINK.ASM(174) : Warning A4149: Too many arguments in macro call: entry: ,FAR
IFSFLINK.ASM(175) : Warning A4149: Too many arguments in macro call: entry: ,FAR
IFSFLINK.ASM(176) : Warning A4149: Too many arguments in macro call: entry: ,FAR
IFSFLINK.ASM(177) : Warning A4149: Too many arguments in macro call: entry: ,FAR
IFSFLINK.ASM(178) : Warning A4149: Too many arguments in macro call: entry: ,FAR
IFSFLINK.ASM(179) : Warning A4149: Too many arguments in macro call: entry: ,FAR
IFSFLINK.ASM(180) : Warning A4149: Too many arguments in macro call: entry: ,FAR
IFSFLINK.ASM(181) : Warning A4149: Too many arguments in macro call: entry: ,FAR
IFSFLINK.ASM(182) : Warning A4149: Too many arguments in macro call: entry: ,FAR
IFSFLINK.ASM(183) : Warning A4149: Too many arguments in macro call: entry: ,FAR
IFSFLINK.ASM(184) : Warning A4149: Too many arguments in macro call: entry: ,FAR
IFSFLINK.ASM(185) : Warning A4149: Too many arguments in macro call: entry: ,FAR
IFSFLINK.ASM(186) : Warning A4149: Too many arguments in macro call: entry: ,FAR
IFSFLINK.ASM(187) : Warning A4149: Too many arguments in macro call: entry: ,FAR
IFSFLINK.ASM(188) : Warning A4149: Too many arguments in macro call: entry: ,FAR
IFSFLINK.ASM(189) : Warning A4149: Too many arguments in macro call: entry: ,FAR
IFSFLINK.ASM(190) : Warning A4149: Too many arguments in macro call: entry: ,FAR
IFSFLINK.ASM(191) : Warning A4149: Too many arguments in macro call: entry: ,FAR
IFSFLINK.ASM(192) : Warning A4149: Too many arguments in macro call: entry: ,FAR
IFSFLINK.ASM(193) : Warning A4149: Too many arguments in macro call: entry: ,FAR
IFSFLINK.ASM(194) : Warning A4149: Too many arguments in macro call: entry: ,FAR
... for DOS Version 6.22 ...
DOSSYM in Pass 2
BPB.INC...
... CLONE version build switch on ...
DEVSYM.INC...
OUTT... pass 1
OUTT... pass 2
cd /Users/ddanila/fun/msdos/out/ru-repro-43uqhx89/j4/src/CMD/MODE && /Users/ddanila/fun/msdos/out/ru-repro-43uqhx89/j4/bin/jwasm-masm "-Mx -t -I. -ID:\\TOOLS\\INC -I..\\..\\INC" "MODESCRN.ASM,MODESCRN.OBJ;"
cd /Users/ddanila/fun/msdos/out/ru-repro-43uqhx89/j4/src/CMD/MODE && /Users/ddanila/fun/msdos/out/ru-repro-43uqhx89/j4/bin/jwasm-masm "-Mx -t -I. -ID:\\TOOLS\\INC -I..\\..\\INC" "RESCODE.ASM,RESCODE.OBJ;"
cd /Users/ddanila/fun/msdos/out/ru-repro-43uqhx89/j4/src/CMD/MODE && /Users/ddanila/fun/msdos/out/ru-repro-43uqhx89/j4/bin/jwasm-masm "-Mx -t -I. -ID:\\TOOLS\\INC -I..\\..\\INC" "MODECOM.ASM,MODECOM.OBJ;"
cd /Users/ddanila/fun/msdos/out/ru-repro-43uqhx89/j4/src/CMD/MODE && /Users/ddanila/fun/msdos/out/ru-repro-43uqhx89/j4/bin/jwasm-masm "-Mx -t -I. -ID:\\TOOLS\\INC -I..\\..\\INC" "MODEPRIN.ASM,MODEPRIN.OBJ;"
cd /Users/ddanila/fun/msdos/out/ru-repro-43uqhx89/j4/src/CMD/MODE && /Users/ddanila/fun/msdos/out/ru-repro-43uqhx89/j4/bin/jwasm-masm "-Mx -t -I. -ID:\\TOOLS\\INC -I..\\..\\INC" "MODEVID.ASM,MODEVID.OBJ;"
cd /Users/ddanila/fun/msdos/out/ru-repro-43uqhx89/j4/src/CMD/MODE && /Users/ddanila/fun/msdos/out/ru-repro-43uqhx89/j4/bin/jwasm-masm "-Mx -t -I. -ID:\\TOOLS\\INC -I..\\..\\INC" "MODEECHO.ASM,MODEECHO.OBJ;"
cd /Users/ddanila/fun/msdos/out/ru-repro-43uqhx89/j4/src/CMD/MODE && /Users/ddanila/fun/msdos/out/ru-repro-43uqhx89/j4/bin/jwasm-masm "-Mx -t -I. -ID:\\TOOLS\\INC -I..\\..\\INC" "MODELENG.ASM,MODELENG.OBJ;"
cd /Users/ddanila/fun/msdos/out/ru-repro-43uqhx89/j4/src/CMD/MODE && /Users/ddanila/fun/msdos/out/ru-repro-43uqhx89/j4/bin/jwasm-masm "-Mx -t -I. -ID:\\TOOLS\\INC -I..\\..\\INC" "MODECP.ASM,MODECP.OBJ;"
cd /Users/ddanila/fun/msdos/out/ru-repro-43uqhx89/j4/src/CMD/MODE && /Users/ddanila/fun/msdos/out/ru-repro-43uqhx89/j4/bin/jwasm-masm "-Mx -t -I. -ID:\\TOOLS\\INC -I..\\..\\INC" "DISPLAY.ASM,DISPLAY.OBJ;"
cd /Users/ddanila/fun/msdos/out/ru-repro-43uqhx89/j4/src/CMD/MODE && /Users/ddanila/fun/msdos/out/ru-repro-43uqhx89/j4/bin/jwasm-masm "-Mx -t -I. -ID:\\TOOLS\\INC -I..\\..\\INC" "TYPAMAT.ASM,TYPAMAT.OBJ;"
INCLUDE MODECPRO.INC
INCLUDE MODECPEQ.INC
INCLUDE MODECPMS.INC
cd /Users/ddanila/fun/msdos/out/ru-repro-43uqhx89/j4/src/CMD/MODE && /Users/ddanila/fun/msdos/out/ru-repro-43uqhx89/j4/bin/jwasm-masm "-Mx -t -I. -ID:\\TOOLS\\INC -I..\\..\\INC" "INVOKE.ASM,INVOKE.OBJ;"
cd /Users/ddanila/fun/msdos/out/ru-repro-43uqhx89/j4/src/CMD/MODE && /Users/ddanila/fun/msdos/out/ru-repro-43uqhx89/j4/bin/jwasm-masm "-Mx -t -I. -ID:\\TOOLS\\INC -I..\\..\\INC" "PARSHELL.ASM,PARSHELL.OBJ;"
cd /Users/ddanila/fun/msdos/out/ru-repro-43uqhx89/j4/src/CMD/MODE && /Users/ddanila/fun/msdos/out/ru-repro-43uqhx89/j4/bin/jwasm-masm "-Mx -t -I. -ID:\\TOOLS\\INC -I..\\..\\INC" "MODEPARS.ASM,MODEPARS.OBJ;"
... CLONE version build switch on ...
cd /Users/ddanila/fun/msdos/out/ru-repro-43uqhx89/j4/src/CMD/MODE && /Users/ddanila/fun/msdos/out/ru-repro-43uqhx89/j4/bin/jwasm-masm "-Mx -t -I. -ID:\\TOOLS\\INC -I..\\..\\INC" "MODEMES.ASM,MODEMES.OBJ;"
INCLUDING COMP=COMMON DSN=PSDATA.INC...
INCLUDING COMP=COMMON DSN=PARSE.ASM...
cd /Users/ddanila/fun/msdos/out/ru-repro-43uqhx89/j4/src/CMD/SETVER && /Users/ddanila/fun/msdos/out/ru-repro-43uqhx89/j4/bin/jwasm-masm "-Mx -t" "SETVER.ASM,SETVER.OBJ;"
cd /Users/ddanila/fun/msdos/out/ru-repro-43uqhx89/j4/src/CMD/SETVER && /Users/ddanila/fun/msdos/out/ru-repro-43uqhx89/j4/bin/jwasm-masm "-Mx -t" "SETVERD.ASM,SETVERD.OBJ;"
including  MODESUBS.INC
including  MODEDEFS.INC
cd /Users/ddanila/fun/msdos/out/ru-repro-43uqhx89/j4/src/CMD/DOSKEY && /Users/ddanila/fun/msdos/out/ru-repro-43uqhx89/j4/bin/jwasm-masm "-Mx -t" "DOSKEY.ASM,DOSKEY.OBJ;"
cd /Users/ddanila/fun/msdos/out/ru-repro-43uqhx89/j4/src/CMD/EXPAND && /Users/ddanila/fun/msdos/out/ru-repro-43uqhx89/j4/bin/jwasm-masm "-Mx -t" "EXPAND.ASM,EXPAND.OBJ;"
cd /Users/ddanila/fun/msdos/out/ru-repro-43uqhx89/j4/src/CMD/SETUP && /Users/ddanila/fun/msdos/out/ru-repro-43uqhx89/j4/bin/jwasm-masm "-Mx -t" "SETUP.ASM,SETUP.OBJ;"
cd /Users/ddanila/fun/msdos/out/ru-repro-43uqhx89/j4/src/CMD/HELP && /Users/ddanila/fun/msdos/out/ru-repro-43uqhx89/j4/bin/wcc "-AS -Os -Zp -c -FoHELPUI.OBJ HELPUI.C"
cd /Users/ddanila/fun/msdos/out/ru-repro-43uqhx89/j4/src/CMD/HELP && /Users/ddanila/fun/msdos/out/ru-repro-43uqhx89/j4/bin/jwasm-masm "-Mx -t" "HELP.ASM,FASTHELP.OBJ;"
cd /Users/ddanila/fun/msdos/out/ru-repro-43uqhx89/j4/src/CMD/MIRROR && /Users/ddanila/fun/msdos/out/ru-repro-43uqhx89/j4/bin/wcc "-AS -Os -Zp -I. -c -FoMIRROR.OBJ MIRROR.C"
cd /Users/ddanila/fun/msdos/out/ru-repro-43uqhx89/j4/src/CMD/RECOVERY && /Users/ddanila/fun/msdos/out/ru-repro-43uqhx89/j4/bin/jwasm-masm "-Mx -t" "RECIO.ASM,RECIO.OBJ;"
cd /Users/ddanila/fun/msdos/out/ru-repro-43uqhx89/j4/src/CMD/UNFORMAT && /Users/ddanila/fun/msdos/out/ru-repro-43uqhx89/j4/bin/wcc "-AS -Os -Zp -I. -c -FoUNFORMAT.OBJ UNFORMAT.C"
cd /Users/ddanila/fun/msdos/out/ru-repro-43uqhx89/j4/src/CMD/UNDELETE && /Users/ddanila/fun/msdos/out/ru-repro-43uqhx89/j4/bin/wcc "-AS -Os -Zp -I. -c -FoUNDELETE.OBJ UNDELETE.C"
cd /Users/ddanila/fun/msdos/out/ru-repro-43uqhx89/j4/src/CMD/UNDELETE && /Users/ddanila/fun/msdos/out/ru-repro-43uqhx89/j4/bin/jwasm-masm "-Mx -t" "TRACKTSR.ASM,TRACKTSR.OBJ;"
cd /Users/ddanila/fun/msdos/out/ru-repro-43uqhx89/j4/src/CMD/CHOICE && /Users/ddanila/fun/msdos/out/ru-repro-43uqhx89/j4/bin/wcc "-AS -Os -Zp -c -FoCHOICE.OBJ CHOICE.C"
cd /Users/ddanila/fun/msdos/out/ru-repro-43uqhx89/j4/src/CMD/LOADFIX && /Users/ddanila/fun/msdos/out/ru-repro-43uqhx89/j4/bin/wcc "-AS -Os -Zp -c -FoLOADFIX.OBJ LOADFIX.C"
cd /Users/ddanila/fun/msdos/out/ru-repro-43uqhx89/j4/src/CMD/DELTREE && /Users/ddanila/fun/msdos/out/ru-repro-43uqhx89/j4/bin/wcc "-AS -Os -Zp -c -FoDELTREE.OBJ DELTREE.C"
cd /Users/ddanila/fun/msdos/out/ru-repro-43uqhx89/j4/src/CMD/MOVE && /Users/ddanila/fun/msdos/out/ru-repro-43uqhx89/j4/bin/wcc "-AS -Os -Zp -c -FoMOVE.OBJ MOVE.C"
cd /Users/ddanila/fun/msdos/out/ru-repro-43uqhx89/j4/src/CMD/MSD && /Users/ddanila/fun/msdos/out/ru-repro-43uqhx89/j4/bin/wcc "-AS -Os -Zp -c -FoMSD.OBJ MSD.C"
cd /Users/ddanila/fun/msdos/out/ru-repro-43uqhx89/j4/src/CMD/MSD && /Users/ddanila/fun/msdos/out/ru-repro-43uqhx89/j4/bin/jwasm-masm "-Mx -t" "MSDXMS.ASM,MSDXMS.OBJ;"
cd /Users/ddanila/fun/msdos/out/ru-repro-43uqhx89/j4/src/CMD/SCANDISK && /Users/ddanila/fun/msdos/out/ru-repro-43uqhx89/j4/bin/wcc "-AS -Os -Zp -I. -I..\\RECOVERY -c -FoSCANDISK.OBJ SCANDISK.C"
cd /Users/ddanila/fun/msdos/out/ru-repro-43uqhx89/j4/src/CMD/RECOVERY && /Users/ddanila/fun/msdos/out/ru-repro-43uqhx89/j4/bin/wcc "-AS -Os -Zp -I. -c -FoFATVOL.OBJ FATVOL.C"
cd /Users/ddanila/fun/msdos/out/ru-repro-43uqhx89/j4/src/CMD/DEFRAG && /Users/ddanila/fun/msdos/out/ru-repro-43uqhx89/j4/bin/wcc "-AS -Os -Zp -I. -I..\\RECOVERY -c -FoDEFRAG.OBJ DEFRAG.C"
cd /Users/ddanila/fun/msdos/out/ru-repro-43uqhx89/j4/src/CMD/MEMMAKER && /Users/ddanila/fun/msdos/out/ru-repro-43uqhx89/j4/bin/wcc "-AS -Os -Zp -c -FoMEMMAKER.OBJ MEMMAKER.C"
cd /Users/ddanila/fun/msdos/out/ru-repro-43uqhx89/j4/src/CMD/SIZER && /Users/ddanila/fun/msdos/out/ru-repro-43uqhx89/j4/bin/wcc "-AS -Os -Zp -c -FoSIZER.OBJ SIZER.C"
cd /Users/ddanila/fun/msdos/out/ru-repro-43uqhx89/j4/src/CMD/POWER && /Users/ddanila/fun/msdos/out/ru-repro-43uqhx89/j4/bin/jwasm-masm "-Mx -t" "POWERD.ASM,POWERD.OBJ;"
cd /Users/ddanila/fun/msdos/out/ru-repro-43uqhx89/j4/src/CMD/POWER && /Users/ddanila/fun/msdos/out/ru-repro-43uqhx89/j4/bin/jwasm-masm "-Mx -t" "POWER.ASM,POWER.OBJ;"
cd /Users/ddanila/fun/msdos/out/ru-repro-43uqhx89/j4/src/CMD/MSCDEX && /Users/ddanila/fun/msdos/out/ru-repro-43uqhx89/j4/bin/jwasm-masm "-Mx -t" "MSCDEX.ASM,MSCDEX.OBJ;"
cd /Users/ddanila/fun/msdos/out/ru-repro-43uqhx89/j4/src/CMD/INTERLNK && /Users/ddanila/fun/msdos/out/ru-repro-43uqhx89/j4/bin/jwasm-masm "-Mx -t" "INTERLNKD.ASM,INTERLNKD.OBJ;"
cd /Users/ddanila/fun/msdos/out/ru-repro-43uqhx89/j4/src/CMD/INTERLNK && /Users/ddanila/fun/msdos/out/ru-repro-43uqhx89/j4/bin/jwasm-masm "-Mx -t" "INTERLNK.ASM,INTERLNK.OBJ;"
cd /Users/ddanila/fun/msdos/out/ru-repro-43uqhx89/j4/src/CMD/INTERSVR && nasm -f bin FXB.ASM -o FXB.COM
/Users/ddanila/fun/msdos/out/ru-repro-43uqhx89/j4/bin/jwasm-bin -Fo/Users/ddanila/fun/msdos/out/ru-repro-43uqhx89/j4/src/DEV/HIMEM/HIMEM.SYS /Users/ddanila/fun/msdos/out/ru-repro-43uqhx89/j4/src/DEV/HIMEM/HIMEM.ASM
/Users/ddanila/fun/msdos/out/ru-repro-43uqhx89/j4/bin/jwasm-bin -Fo/Users/ddanila/fun/msdos/out/ru-repro-43uqhx89/j4/src/DEV/EGA/EGA.SYS /Users/ddanila/fun/msdos/out/ru-repro-43uqhx89/j4/src/DEV/EGA/EGA.ASM
cd /Users/ddanila/fun/msdos/out/ru-repro-43uqhx89/j4/src/DEV/DRIVER && /Users/ddanila/fun/msdos/out/ru-repro-43uqhx89/j4/bin/buildmsg "..\\..\\MESSAGES\\USA-MS" DRIVER.SKL
cd /Users/ddanila/fun/msdos/out/ru-repro-43uqhx89/j4/src/DEV/ANSI && /Users/ddanila/fun/msdos/out/ru-repro-43uqhx89/j4/bin/jwasm-masm "-Mx -t -I. -ID:\\TOOLS\\INC -I..\\..\\INC -I..\\..\\DOS" "ANSI.ASM,ANSI.OBJ;"
cd /Users/ddanila/fun/msdos/out/ru-repro-43uqhx89/j4/src/DEV/ANSI && /Users/ddanila/fun/msdos/out/ru-repro-43uqhx89/j4/bin/jwasm-masm "-Mx -t -I. -ID:\\TOOLS\\INC -I..\\..\\INC -I..\\..\\DOS" "IOCTL.ASM,IOCTL.OBJ;"
IOCTL.ASM(683) : Warning A4149: Too many arguments in macro call: .if: ,lines,requested?
cd /Users/ddanila/fun/msdos/out/ru-repro-43uqhx89/j4/src/DEV/ANSI && /Users/ddanila/fun/msdos/out/ru-repro-43uqhx89/j4/bin/jwasm-masm "-Mx -t -I. -ID:\\TOOLS\\INC -I..\\..\\INC -I..\\..\\DOS" "ANSIINIT.ASM,ANSIINIT.OBJ;"
cd /Users/ddanila/fun/msdos/out/ru-repro-43uqhx89/j4/src/DEV/ANSI && /Users/ddanila/fun/msdos/out/ru-repro-43uqhx89/j4/bin/buildmsg "..\\..\\MESSAGES\\USA-MS" ANSI.SKL
cd /Users/ddanila/fun/msdos/out/ru-repro-43uqhx89/j4/src/DEV/VDISK && /Users/ddanila/fun/msdos/out/ru-repro-43uqhx89/j4/bin/buildmsg "..\\..\\MESSAGES\\USA-MS" VDISK.SKL
cd /Users/ddanila/fun/msdos/out/ru-repro-43uqhx89/j4/src/DEV/COUNTRY && /Users/ddanila/fun/msdos/out/ru-repro-43uqhx89/j4/bin/jwasm-masm "-Mx -t -I. -ID:\\TOOLS\\INC -I..\\..\\INC -I..\\..\\DOS" "MKCNTRY.ASM,MKCNTRY.OBJ;"
cd /Users/ddanila/fun/msdos/out/ru-repro-43uqhx89/j4/src/DEV/RAMDRIVE && /Users/ddanila/fun/msdos/out/ru-repro-43uqhx89/j4/bin/jwasm-masm "-Mx -t -I. -I..\\..\\INC" "RAMDRIVE.ASM,RAMDRIVE.OBJ;"
cd /Users/ddanila/fun/msdos/out/ru-repro-43uqhx89/j4/src/DEV/RAMDRIVE && /Users/ddanila/fun/msdos/out/ru-repro-43uqhx89/j4/bin/jwasm-masm "-Mx -t -I. -I..\\..\\INC" "MESSAGES.ASM,MESSAGES.OBJ;"
RAMDRIVE.ASM(2727) : Warning A4073: Size not specified, assuming: WORD
RAMDRIVE.ASM(2740) : Warning A4073: Size not specified, assuming: WORD
cd /Users/ddanila/fun/msdos/out/ru-repro-43uqhx89/j4/src/DEV/KEYBOARD && /Users/ddanila/fun/msdos/out/ru-repro-43uqhx89/j4/bin/jwasm-masm "-Mx -t -I. -I..\\..\\INC" "KDFNOW.ASM,KDFNOW.OBJ;"
RAMDRIVE.ASM(182) : Warning A4184: Instructions and initialized data not supported in AT segments
cd /Users/ddanila/fun/msdos/out/ru-repro-43uqhx89/j4/src/DEV/KEYBOARD && /Users/ddanila/fun/msdos/out/ru-repro-43uqhx89/j4/bin/jwasm-masm "-Mx -t -I. -I..\\..\\INC" "KDFFR120.ASM,KDFFR120.OBJ;"
cd /Users/ddanila/fun/msdos/out/ru-repro-43uqhx89/j4/src/DEV/KEYBOARD && /Users/ddanila/fun/msdos/out/ru-repro-43uqhx89/j4/bin/jwasm-masm "-Mx -t -I. -I..\\..\\INC" "KDFFR189.ASM,KDFFR189.OBJ;"
cd /Users/ddanila/fun/msdos/out/ru-repro-43uqhx89/j4/src/DEV/KEYBOARD && /Users/ddanila/fun/msdos/out/ru-repro-43uqhx89/j4/bin/jwasm-masm "-Mx -t -I. -I..\\..\\INC" "KDFEOF.ASM,KDFEOF.OBJ;"
cd /Users/ddanila/fun/msdos/out/ru-repro-43uqhx89/j4/src/DEV/KEYBOARD && /Users/ddanila/fun/msdos/out/ru-repro-43uqhx89/j4/bin/jwasm-masm "-Mx -t -I. -I..\\..\\INC" "KDFUK166.ASM,KDFUK166.OBJ;"
cd /Users/ddanila/fun/msdos/out/ru-repro-43uqhx89/j4/src/DEV/KEYBOARD && /Users/ddanila/fun/msdos/out/ru-repro-43uqhx89/j4/bin/jwasm-masm "-Mx -t -I. -I..\\..\\INC" "KDFUK168.ASM,KDFUK168.OBJ;"
cd /Users/ddanila/fun/msdos/out/ru-repro-43uqhx89/j4/src/DEV/KEYBOARD && /Users/ddanila/fun/msdos/out/ru-repro-43uqhx89/j4/bin/jwasm-masm "-Mx -t -I. -I..\\..\\INC" "KDFIT141.ASM,KDFIT141.OBJ;"
cd /Users/ddanila/fun/msdos/out/ru-repro-43uqhx89/j4/src/DEV/KEYBOARD && /Users/ddanila/fun/msdos/out/ru-repro-43uqhx89/j4/bin/jwasm-masm "-Mx -t -I. -I..\\..\\INC" "KDFIT142.ASM,KDFIT142.OBJ;"
cd /Users/ddanila/fun/msdos/out/ru-repro-43uqhx89/j4/src/DEV/KEYBOARD && /Users/ddanila/fun/msdos/out/ru-repro-43uqhx89/j4/bin/jwasm-masm "-Mx -t -I. -I..\\..\\INC" "KDFGE.ASM,KDFGE.OBJ;"
cd /Users/ddanila/fun/msdos/out/ru-repro-43uqhx89/j4/src/DEV/KEYBOARD && /Users/ddanila/fun/msdos/out/ru-repro-43uqhx89/j4/bin/jwasm-masm "-Mx -t -I. -I..\\..\\INC" "KDFSP.ASM,KDFSP.OBJ;"
cd /Users/ddanila/fun/msdos/out/ru-repro-43uqhx89/j4/src/DEV/KEYBOARD && /Users/ddanila/fun/msdos/out/ru-repro-43uqhx89/j4/bin/jwasm-masm "-Mx -t -I. -I..\\..\\INC" "KDFNL.ASM,KDFNL.OBJ;"
cd /Users/ddanila/fun/msdos/out/ru-repro-43uqhx89/j4/src/DEV/KEYBOARD && /Users/ddanila/fun/msdos/out/ru-repro-43uqhx89/j4/bin/jwasm-masm "-Mx -t -I. -I..\\..\\INC" "KDFNO.ASM,KDFNO.OBJ;"
cd /Users/ddanila/fun/msdos/out/ru-repro-43uqhx89/j4/src/DEV/KEYBOARD && /Users/ddanila/fun/msdos/out/ru-repro-43uqhx89/j4/bin/jwasm-masm "-Mx -t -I. -I..\\..\\INC" "KDFDK.ASM,KDFDK.OBJ;"
cd /Users/ddanila/fun/msdos/out/ru-repro-43uqhx89/j4/src/DEV/KEYBOARD && /Users/ddanila/fun/msdos/out/ru-repro-43uqhx89/j4/bin/jwasm-masm "-Mx -t -I. -I..\\..\\INC" "KDFSG.ASM,KDFSG.OBJ;"
cd /Users/ddanila/fun/msdos/out/ru-repro-43uqhx89/j4/src/DEV/KEYBOARD && /Users/ddanila/fun/msdos/out/ru-repro-43uqhx89/j4/bin/jwasm-masm "-Mx -t -I. -I..\\..\\INC" "KDFSF.ASM,KDFSF.OBJ;"
cd /Users/ddanila/fun/msdos/out/ru-repro-43uqhx89/j4/src/DEV/KEYBOARD && /Users/ddanila/fun/msdos/out/ru-repro-43uqhx89/j4/bin/jwasm-masm "-Mx -t -I. -I..\\..\\INC" "KDFPO.ASM,KDFPO.OBJ;"
cd /Users/ddanila/fun/msdos/out/ru-repro-43uqhx89/j4/src/DEV/KEYBOARD && /Users/ddanila/fun/msdos/out/ru-repro-43uqhx89/j4/bin/jwasm-masm "-Mx -t -I. -I..\\..\\INC" "KDFBE.ASM,KDFBE.OBJ;"
cd /Users/ddanila/fun/msdos/out/ru-repro-43uqhx89/j4/src/DEV/KEYBOARD && /Users/ddanila/fun/msdos/out/ru-repro-43uqhx89/j4/bin/jwasm-masm "-Mx -t -I. -I..\\..\\INC" "KDFCF.ASM,KDFCF.OBJ;"
cd /Users/ddanila/fun/msdos/out/ru-repro-43uqhx89/j4/src/DEV/KEYBOARD && /Users/ddanila/fun/msdos/out/ru-repro-43uqhx89/j4/bin/jwasm-masm "-Mx -t -I. -I..\\..\\INC" "KDFLA.ASM,KDFLA.OBJ;"
cd /Users/ddanila/fun/msdos/out/ru-repro-43uqhx89/j4/src/DEV/KEYBOARD && /Users/ddanila/fun/msdos/out/ru-repro-43uqhx89/j4/bin/jwasm-masm "-Mx -t -I. -I..\\..\\INC" "KDFSV.ASM,KDFSV.OBJ;"
cd /Users/ddanila/fun/msdos/out/ru-repro-43uqhx89/j4/src/DEV/KEYBOARD && /Users/ddanila/fun/msdos/out/ru-repro-43uqhx89/j4/bin/jwasm-masm "-Mx -t -I. -I..\\..\\INC" "KDFD5X.ASM,KDFD5X.OBJ;"
cd /Users/ddanila/fun/msdos/out/ru-repro-43uqhx89/j4/src/DEV/KEYBOARD && /Users/ddanila/fun/msdos/out/ru-repro-43uqhx89/j4/bin/jwasm-bin -I../../INC -Fo/Users/ddanila/fun/msdos/out/ru-repro-43uqhx89/j4/src/DEV/KEYBOARD/KEYBRD2.SYS KDFRU.ASM
cd /Users/ddanila/fun/msdos/out/ru-repro-43uqhx89/j4/src/DEV/PRINTER && /Users/ddanila/fun/msdos/out/ru-repro-43uqhx89/j4/bin/jwasm-masm "-Mx -t -I. -ID:\\TOOLS\\INC -I..\\..\\INC -I..\\..\\DOS" "CPSPM10.ASM,CPSPM10.OBJ;"
cd /Users/ddanila/fun/msdos/out/ru-repro-43uqhx89/j4/src/DEV/PRINTER && /Users/ddanila/fun/msdos/out/ru-repro-43uqhx89/j4/bin/jwasm-masm "-Mx -t -I. -ID:\\TOOLS\\INC -I..\\..\\INC -I..\\..\\DOS" "CPSFONT3.ASM,CPSFONT3.OBJ;"
cd /Users/ddanila/fun/msdos/out/ru-repro-43uqhx89/j4/src/DEV/PRINTER && /Users/ddanila/fun/msdos/out/ru-repro-43uqhx89/j4/bin/jwasm-masm "-Mx -t -I. -ID:\\TOOLS\\INC -I..\\..\\INC -I..\\..\\DOS" "PRTINT2F.ASM,PRTINT2F.OBJ;"
cd /Users/ddanila/fun/msdos/out/ru-repro-43uqhx89/j4/src/DEV/PRINTER && /Users/ddanila/fun/msdos/out/ru-repro-43uqhx89/j4/bin/buildmsg "..\\..\\MESSAGES\\USA-MS" PRINTER.SKL
cd /Users/ddanila/fun/msdos/out/ru-repro-43uqhx89/j4/src/DEV/PRINTER && /Users/ddanila/fun/msdos/out/ru-repro-43uqhx89/j4/bin/jwasm-masm "-Mx -t -I. -ID:\\TOOLS\\INC -I..\\..\\INC -I..\\..\\DOS" "PARSER.ASM,PARSER.OBJ;"
cd /Users/ddanila/fun/msdos/out/ru-repro-43uqhx89/j4/src/DEV/DISPLAY && /Users/ddanila/fun/msdos/out/ru-repro-43uqhx89/j4/bin/jwasm-masm "-Mx -t -I. -ID:\\TOOLS\\INC -I..\\..\\INC -I..\\..\\DOS" "DISPLAY.ASM,DISPLAY.OBJ;"
cd /Users/ddanila/fun/msdos/out/ru-repro-43uqhx89/j4/src/DEV/DISPLAY && /Users/ddanila/fun/msdos/out/ru-repro-43uqhx89/j4/bin/buildmsg "..\\..\\MESSAGES\\USA-MS" DISPLAY.SKL
INCLUDING COMP=COMMON DSN=PSDATA.INC...
INCLUDING COMP=COMMON DSN=PARSE.ASM...
CPS-FUNC.INC(249) : Warning A4073: Size not specified, assuming: BYTE
 CPS-FUNC.INC(249): Included by
  DISPLAY.ASM(365): Main line code
cd /Users/ddanila/fun/msdos/out/ru-repro-43uqhx89/j4/src/DEV/DISPLAY && /Users/ddanila/fun/msdos/out/ru-repro-43uqhx89/j4/bin/jwasm-masm "-Mx -t -I. -ID:\\TOOLS\\INC -I..\\..\\INC -I..\\..\\DOS" "PARSER.ASM,PARSER.OBJ;"
CPS-FUNC.INC(713) : Warning A4073: Size not specified, assuming: BYTE
 CPS-FUNC.INC(713): Included by
  DISPLAY.ASM(365): Main line code
WRITE.INC(55) : Warning A4073: Size not specified, assuming: BYTE
 WRITE.INC(55): Included by
  DISPLAY.ASM(366): Main line code
.Compiling:     DISPLAY.ASM
.		     ô CPS-CON driver
.		     õ Version 3.30
.Include Files:
.               -MACROS  .INC-
.               ®DEF-EQU .INC¯
.		     ®INT2FCOM.INC¯
.		     -INT10COM.INC-
.               ®CPS-FUNC.INC¯
.               ®WRITE   .INC¯
.		     ®F-PARSER.SRC¯
cd /Users/ddanila/fun/msdos/out/ru-repro-43uqhx89/j4/src/DEV/SMARTDRV && /Users/ddanila/fun/msdos/out/ru-repro-43uqhx89/j4/bin/jwasm-masm "-Mx -t -I." "SMARTDRV.ASM,SMARTDRV.OBJ;"
.               ®DEF-EQU .INC¯
INCLUDING COMP=COMMON DSN=PSDATA.INC...
INCLUDING COMP=COMMON DSN=PARSE.ASM...
cd /Users/ddanila/fun/msdos/out/ru-repro-43uqhx89/j4/src/DEV/SMARTDRV && /Users/ddanila/fun/msdos/out/ru-repro-43uqhx89/j4/bin/wcc "-AS -Os -Zp -I. -I..\\..\\H -c -FoSMARTCTL.OBJ SMARTCTL.C"
cd /Users/ddanila/fun/msdos/out/ru-repro-43uqhx89/j4/src/DEV/SMARTDRV && /Users/ddanila/fun/msdos/out/ru-repro-43uqhx89/j4/bin/jwasm-masm "-Mx -t -I. -ID:\\TOOLS\\INC -I..\\..\\INC" "FL13.ASM,FL13.OBJ;"
SMARTDRV.ASM(5227) : Warning A4073: Size not specified, assuming: WORD
SMARTDRV.ASM(5538) : Warning A4073: Size not specified, assuming: WORD
SMARTDRV.ASM(5551) : Warning A4073: Size not specified, assuming: WORD
SMARTDRV.ASM(92) : Warning A4184: Instructions and initialized data not supported in AT segments
cd /Users/ddanila/fun/msdos/out/ru-repro-43uqhx89/j4/src/DEV/SMARTDRV && /Users/ddanila/fun/msdos/out/ru-repro-43uqhx89/j4/bin/jwasm-masm "-Mx -t -I. -ID:\\TOOLS\\INC -I..\\..\\INC" "SMARTLOAD.ASM,SMARTLOAD.OBJ;"
cd /Users/ddanila/fun/msdos/out/ru-repro-43uqhx89/j4/src/DEV/SMARTDRV && /Users/ddanila/fun/msdos/out/ru-repro-43uqhx89/j4/bin/wcc "-AS -Os -Zp -I. -I..\\..\\H -c -FoFLUSH13.OBJ FLUSH13.C"
FL13.ASM(35) : Warning A4149: Too many arguments in macro call: mPush: ,1
 cBegin(35)[FL13.ASM]: Macro called from
  FL13.ASM(35): Main line code
FL13.ASM(55) : Warning A4149: Too many arguments in macro call: mPop: ,1
 cEnd(8)[FL13.ASM]: Macro called from
  FL13.ASM(55): Main line code
FL13.ASM(70) : Warning A4149: Too many arguments in macro call: mPush: ,1
 cBegin(35)[FL13.ASM]: Macro called from
  FL13.ASM(70): Main line code
FL13.ASM(74) : Warning A4149: Too many arguments in macro call: mPop: ,1
 cEnd(8)[FL13.ASM]: Macro called from
  FL13.ASM(74): Main line code
FL13.ASM(94) : Warning A4149: Too many arguments in macro call: mPush: ,1
 cBegin(35)[FL13.ASM]: Macro called from
  FL13.ASM(94): Main line code
FL13.ASM(108) : Warning A4149: Too many arguments in macro call: mPop: ,1
 cEnd(8)[FL13.ASM]: Macro called from
  FL13.ASM(108): Main line code
FL13.ASM(128) : Warning A4149: Too many arguments in macro call: mPush: ,1
 cBegin(35)[FL13.ASM]: Macro called from
  FL13.ASM(128): Main line code
FL13.ASM(142) : Warning A4149: Too many arguments in macro call: mPop: ,1
 cEnd(8)[FL13.ASM]: Macro called from
  FL13.ASM(142): Main line code
FL13.ASM(150) : Warning A4149: Too many arguments in macro call: mPush: ,1
 cBegin(35)[FL13.ASM]: Macro called from
  FL13.ASM(150): Main line code
FL13.ASM(165) : Warning A4149: Too many arguments in macro call: mPop: ,1
 cEnd(8)[FL13.ASM]: Macro called from
  FL13.ASM(165): Main line code
FL13.ASM(167) : Warning A4149: Too many arguments in macro call: sEnd: CODE
cMacros Version 1.04
! Small Model
cd /Users/ddanila/fun/msdos/out/ru-repro-43uqhx89/j4/src/DEV/SMARTDRV && /Users/ddanila/fun/msdos/out/ru-repro-43uqhx89/j4/bin/jwasm-masm "-Mx -t -I. -ID:\\TOOLS\\INC -I..\\..\\INC" "FLMES.ASM,FLMES.OBJ;"
SMARTLOAD.ASM(22) : Warning A4149: Too many arguments in macro call: mPush: ,1
 cBegin(35)[SMARTLOAD.ASM]: Macro called from
  SMARTLOAD.ASM(22): Main line code
SMARTLOAD.ASM(74) : Warning A4149: Too many arguments in macro call: mPop: ,1
 cEnd(8)[SMARTLOAD.ASM]: Macro called from
  SMARTLOAD.ASM(74): Main line code
SMARTLOAD.ASM(81) : Warning A4149: Too many arguments in macro call: mPush: ,1
 cBegin(35)[SMARTLOAD.ASM]: Macro called from
  SMARTLOAD.ASM(81): Main line code
SMARTLOAD.ASM(113) : Warning A4149: Too many arguments in macro call: mPop: ,1
 cEnd(8)[SMARTLOAD.ASM]: Macro called from
  SMARTLOAD.ASM(113): Main line code
SMARTLOAD.ASM(124) : Warning A4149: Too many arguments in macro call: sEnd: CODE
cMacros Version 1.04
! Small Model
cd /Users/ddanila/fun/msdos/out/ru-repro-43uqhx89/j4/src/DEV/XMA2EMS && /Users/ddanila/fun/msdos/out/ru-repro-43uqhx89/j4/bin/nosrvbld XMA2EMS.SKL "..\\..\\MESSAGES\\USA-MS.MSG"
cd /Users/ddanila/fun/msdos/out/ru-repro-43uqhx89/j4/src/DEV/XMAEM && /Users/ddanila/fun/msdos/out/ru-repro-43uqhx89/j4/bin/jwasm-masm "-Mx -t -I." "INDEINI.ASM,INDEINI.OBJ;"
cd /Users/ddanila/fun/msdos/out/ru-repro-43uqhx89/j4/src/DEV/XMAEM && /Users/ddanila/fun/msdos/out/ru-repro-43uqhx89/j4/bin/jwasm-masm "-Mx -t -I." "INDEEXC.ASM,INDEEXC.OBJ;"
cd /Users/ddanila/fun/msdos/out/ru-repro-43uqhx89/j4/src/DEV/XMAEM && /Users/ddanila/fun/msdos/out/ru-repro-43uqhx89/j4/bin/jwasm-masm "-Mx -t -I." "INDEEMU.ASM,INDEEMU.OBJ;"
cd /Users/ddanila/fun/msdos/out/ru-repro-43uqhx89/j4/src/DEV/XMAEM && /Users/ddanila/fun/msdos/out/ru-repro-43uqhx89/j4/bin/jwasm-masm "-Mx -t -I." "INDEXMA.ASM,INDEXMA.OBJ;"
cd /Users/ddanila/fun/msdos/out/ru-repro-43uqhx89/j4/src/DEV/XMAEM && /Users/ddanila/fun/msdos/out/ru-repro-43uqhx89/j4/bin/jwasm-masm "-Mx -t -I." "INDEDMA.ASM,INDEDMA.OBJ;"
cd /Users/ddanila/fun/msdos/out/ru-repro-43uqhx89/j4/src/DEV/XMAEM && /Users/ddanila/fun/msdos/out/ru-repro-43uqhx89/j4/bin/jwasm-masm "-Mx -t -I." "INDEI15.ASM,INDEI15.OBJ;"
cd /Users/ddanila/fun/msdos/out/ru-repro-43uqhx89/j4/src/DEV/XMAEM && /Users/ddanila/fun/msdos/out/ru-repro-43uqhx89/j4/bin/jwasm-masm "-Mx -t -I." "INDEIDT.ASM,INDEIDT.OBJ;"
cd /Users/ddanila/fun/msdos/out/ru-repro-43uqhx89/j4/src/DEV/XMAEM && /Users/ddanila/fun/msdos/out/ru-repro-43uqhx89/j4/bin/jwasm-masm "-Mx -t -I." "INDEGDT.ASM,INDEGDT.OBJ;"
cd /Users/ddanila/fun/msdos/out/ru-repro-43uqhx89/j4/src/DEV/XMAEM && /Users/ddanila/fun/msdos/out/ru-repro-43uqhx89/j4/bin/nosrvbld XMAEM.SKL "..\\..\\MESSAGES\\USA-MS.MSG"
cd /Users/ddanila/fun/msdos/out/ru-repro-43uqhx89/j4/src/DEV/XMAEM && /Users/ddanila/fun/msdos/out/ru-repro-43uqhx89/j4/bin/jwasm-masm "-Mx -t -I." "INDEPAT.ASM,INDEPAT.OBJ;"
cd /Users/ddanila/fun/msdos/out/ru-repro-43uqhx89/j4/src/DEV/DISPLAY/EGA && /Users/ddanila/fun/msdos/out/ru-repro-43uqhx89/j4/bin/jwasm-masm "-Mx -t -I. -I..\\..\\..\\INC" "CPI-HEAD.ASM,CPI-HEAD.OBJ;"
cd /Users/ddanila/fun/msdos/out/ru-repro-43uqhx89/j4/src/DEV/DISPLAY/EGA && /Users/ddanila/fun/msdos/out/ru-repro-43uqhx89/j4/bin/jwasm-masm "-Mx -t -I. -I..\\..\\..\\INC" "437-CPI.ASM,437-CPI.OBJ;"
cd /Users/ddanila/fun/msdos/out/ru-repro-43uqhx89/j4/src/DEV/DISPLAY/EGA && /Users/ddanila/fun/msdos/out/ru-repro-43uqhx89/j4/bin/jwasm-masm "-Mx -t -I. -I..\\..\\..\\INC" "850-CPI.ASM,850-CPI.OBJ;"
cd /Users/ddanila/fun/msdos/out/ru-repro-43uqhx89/j4/src/DEV/DISPLAY/EGA && /Users/ddanila/fun/msdos/out/ru-repro-43uqhx89/j4/bin/jwasm-masm "-Mx -t -I. -I..\\..\\..\\INC" "860-CPI.ASM,860-CPI.OBJ;"
EGA.CPI creation file
.
CP SRC files:
.
.       CODE PAGE:  437
cd /Users/ddanila/fun/msdos/out/ru-repro-43uqhx89/j4/src/DEV/DISPLAY/EGA && /Users/ddanila/fun/msdos/out/ru-repro-43uqhx89/j4/bin/jwasm-masm "-Mx -t -I. -I..\\..\\..\\INC" "863-CPI.ASM,863-CPI.OBJ;"
EGA.CPI creation file
.
CP SRC files:
.
.       CODE PAGE:  850
cd /Users/ddanila/fun/msdos/out/ru-repro-43uqhx89/j4/src/DEV/DISPLAY/EGA && /Users/ddanila/fun/msdos/out/ru-repro-43uqhx89/j4/bin/jwasm-masm "-Mx -t -I. -I..\\..\\..\\INC" "865-CPI.ASM,865-CPI.OBJ;"
EGA.CPI creation file
.
CP SRC files:
.
.       CODE PAGE:  860
cd /Users/ddanila/fun/msdos/out/ru-repro-43uqhx89/j4/src/DEV/DISPLAY/EGA && /Users/ddanila/fun/msdos/out/ru-repro-43uqhx89/j4/bin/jwasm-masm "-Mx -t -I. -I..\\..\\..\\INC" "COPYRIGH.ASM,COPYRIGH.OBJ;"
python3 tools/build_ru_cpi.py --output /Users/ddanila/fun/msdos/out/ru-repro-43uqhx89/j4/src/DEV/DISPLAY/EGA/EGA866.CPI
EGA.CPI creation file
.
CP SRC files:
.
.       CODE PAGE:  863
cd /Users/ddanila/fun/msdos/out/ru-repro-43uqhx89/j4/src/DEV/DISPLAY/LCD && /Users/ddanila/fun/msdos/out/ru-repro-43uqhx89/j4/bin/jwasm-masm "-Mx -t -I. -I..\\..\\..\\INC" "FONT-R3.ASM,FONT-R3.OBJ;"
EGA.CPI creation file
.
CP SRC files:
.
.       CODE PAGE:  865
cd /Users/ddanila/fun/msdos/out/ru-repro-43uqhx89/j4/src/DEV/DISPLAY/LCD && /Users/ddanila/fun/msdos/out/ru-repro-43uqhx89/j4/bin/jwasm-masm "-Mx -t -I. -I..\\..\\..\\INC" "437-CPI.ASM,437-CPI.OBJ;"
cd /Users/ddanila/fun/msdos/out/ru-repro-43uqhx89/j4/src/DEV/DISPLAY/LCD && /Users/ddanila/fun/msdos/out/ru-repro-43uqhx89/j4/bin/jwasm-masm "-Mx -t -I. -I..\\..\\..\\INC" "850-CPI.ASM,850-CPI.OBJ;"
cd /Users/ddanila/fun/msdos/out/ru-repro-43uqhx89/j4/src/DEV/DISPLAY/LCD && /Users/ddanila/fun/msdos/out/ru-repro-43uqhx89/j4/bin/jwasm-masm "-Mx -t -I. -I..\\..\\..\\INC" "860-CPI.ASM,860-CPI.OBJ;"
EGA.CPI creation file
.
CP SRC files:
.
.       CODE PAGE:  437
cd /Users/ddanila/fun/msdos/out/ru-repro-43uqhx89/j4/src/DEV/DISPLAY/LCD && /Users/ddanila/fun/msdos/out/ru-repro-43uqhx89/j4/bin/jwasm-masm "-Mx -t -I. -I..\\..\\..\\INC" "863-CPI.ASM,863-CPI.OBJ;"
EGA.CPI creation file
.
CP SRC files:
.
.          CODE PAGE:  850
cd /Users/ddanila/fun/msdos/out/ru-repro-43uqhx89/j4/src/DEV/DISPLAY/LCD && /Users/ddanila/fun/msdos/out/ru-repro-43uqhx89/j4/bin/jwasm-masm "-Mx -t -I. -I..\\..\\..\\INC" "865-CPI.ASM,865-CPI.OBJ;"
EGA.CPI creation file
.
CP SRC files:
.
.          CODE PAGE:  860
cd /Users/ddanila/fun/msdos/out/ru-repro-43uqhx89/j4/src/DEV/DISPLAY/LCD && /Users/ddanila/fun/msdos/out/ru-repro-43uqhx89/j4/bin/jwasm-masm "-Mx -t -I. -I..\\..\\..\\INC" "COPYRIGH.ASM,COPYRIGH.OBJ;"
EGA.CPI creation file
.
CP SRC files:
.
.		CODE PAGE:  863
cd /Users/ddanila/fun/msdos/out/ru-repro-43uqhx89/j4/src/DEV/PRINTER/5202 && /Users/ddanila/fun/msdos/out/ru-repro-43uqhx89/j4/bin/jwasm-masm "-Mx -t -I. -I..\\..\\..\\INC" "5202.ASM,5202.OBJ;"
EGA.CPI creation file
.
CP SRC files:
.
.		CODE PAGE:  865
cd /Users/ddanila/fun/msdos/out/ru-repro-43uqhx89/j4/src/SELECT && /Users/ddanila/fun/msdos/out/ru-repro-43uqhx89/j4/bin/buildmsg "..\\MESSAGES\\USA-MS" SELECT.SKL
cd /Users/ddanila/fun/msdos/out/ru-repro-43uqhx89/j4/src/SELECT && /Users/ddanila/fun/msdos/out/ru-repro-43uqhx89/j4/bin/asc2hlp USA.TXT SELECT.HLP
cd /Users/ddanila/fun/msdos/out/ru-repro-43uqhx89/j4/src/SELECT && /Users/ddanila/fun/msdos/out/ru-repro-43uqhx89/j4/bin/jwasm-masm "-Mx -t -I. -I..\\INC" "SELECT1.ASM,SELECT1.OBJ;"
... for DOS Version 6.22 ...
cd /Users/ddanila/fun/msdos/out/ru-repro-43uqhx89/j4/src/SELECT && /Users/ddanila/fun/msdos/out/ru-repro-43uqhx89/j4/bin/jwasm-masm "-Mx -t -I. -I..\\INC" "SELECT2.ASM,SELECT2.OBJ;"
cd /Users/ddanila/fun/msdos/out/ru-repro-43uqhx89/j4/src/SELECT && /Users/ddanila/fun/msdos/out/ru-repro-43uqhx89/j4/bin/jwasm-masm "-Mx -t -I. -I..\\INC" "SELECT2A.ASM,SELECT2A.OBJ;"
... for DOS Version 6.22 ...
cd /Users/ddanila/fun/msdos/out/ru-repro-43uqhx89/j4/src/SELECT && /Users/ddanila/fun/msdos/out/ru-repro-43uqhx89/j4/bin/jwasm-masm "-Mx -t -I. -I..\\INC" "SELECT3.ASM,SELECT3.OBJ;"
... for DOS Version 6.22 ...
cd /Users/ddanila/fun/msdos/out/ru-repro-43uqhx89/j4/src/SELECT && /Users/ddanila/fun/msdos/out/ru-repro-43uqhx89/j4/bin/jwasm-masm "-Mx -t -I. -I..\\INC" "SELECT4.ASM,SELECT4.OBJ;"
... for DOS Version 6.22 ...
cd /Users/ddanila/fun/msdos/out/ru-repro-43uqhx89/j4/src/SELECT && /Users/ddanila/fun/msdos/out/ru-repro-43uqhx89/j4/bin/jwasm-masm "-Mx -t -I. -I..\\INC" "SELECT5.ASM,SELECT5.OBJ;"
... for DOS Version 6.22 ...
cd /Users/ddanila/fun/msdos/out/ru-repro-43uqhx89/j4/src/SELECT && /Users/ddanila/fun/msdos/out/ru-repro-43uqhx89/j4/bin/jwasm-masm "-Mx -t -I. -I..\\INC" "SELECT5A.ASM,SELECT5A.OBJ;"
... for DOS Version 6.22 ...
cd /Users/ddanila/fun/msdos/out/ru-repro-43uqhx89/j4/src/SELECT && /Users/ddanila/fun/msdos/out/ru-repro-43uqhx89/j4/bin/jwasm-masm "-Mx -t -I. -I..\\INC" "SELECT6.ASM,SELECT6.OBJ;"
... for DOS Version 6.22 ...
cd /Users/ddanila/fun/msdos/out/ru-repro-43uqhx89/j4/src/SELECT && /Users/ddanila/fun/msdos/out/ru-repro-43uqhx89/j4/bin/jwasm-masm "-Mx -t -I. -I..\\INC" "SELECT7.ASM,SELECT7.OBJ;"
... for DOS Version 6.22 ...
cd /Users/ddanila/fun/msdos/out/ru-repro-43uqhx89/j4/src/SELECT && /Users/ddanila/fun/msdos/out/ru-repro-43uqhx89/j4/bin/jwasm-masm "-Mx -t -I. -I..\\INC" "SELECT8.ASM,SELECT8.OBJ;"
... for DOS Version 6.22 ...
cd /Users/ddanila/fun/msdos/out/ru-repro-43uqhx89/j4/src/SELECT && /Users/ddanila/fun/msdos/out/ru-repro-43uqhx89/j4/bin/jwasm-masm "-Mx -t -I. -I..\\INC" "SELECT9.ASM,SELECT9.OBJ;"
... for DOS Version 6.22 ...
cd /Users/ddanila/fun/msdos/out/ru-repro-43uqhx89/j4/src/SELECT && /Users/ddanila/fun/msdos/out/ru-repro-43uqhx89/j4/bin/jwasm-masm "-Mx -t -I. -I..\\INC" "ROUTINE2.ASM,ROUTINE2.OBJ;"
... for DOS Version 6.22 ...
cd /Users/ddanila/fun/msdos/out/ru-repro-43uqhx89/j4/src/SELECT && /Users/ddanila/fun/msdos/out/ru-repro-43uqhx89/j4/bin/jwasm-masm "-Mx -t -I. -I..\\INC" "GEN_COMS.ASM,GEN_COMS.OBJ;"
cd /Users/ddanila/fun/msdos/out/ru-repro-43uqhx89/j4/src/SELECT && /Users/ddanila/fun/msdos/out/ru-repro-43uqhx89/j4/bin/jwasm-masm "-Mx -t -I. -I..\\INC" "ROUTINES.ASM,ROUTINES.OBJ;"
... for DOS Version 6.22 ...
... for DOS Version 6.22 ...
cd /Users/ddanila/fun/msdos/out/ru-repro-43uqhx89/j4/src/SELECT && /Users/ddanila/fun/msdos/out/ru-repro-43uqhx89/j4/bin/jwasm-masm "-Mx -t -I. -I..\\INC" "INTVEC.ASM,INTVEC.OBJ;"
... for DOS Version 6.22 ...
cd /Users/ddanila/fun/msdos/out/ru-repro-43uqhx89/j4/src/SELECT && /Users/ddanila/fun/msdos/out/ru-repro-43uqhx89/j4/bin/jwasm-masm "-Mx -t -I. -I..\\INC" "CKDISP.ASM,CKDISP.OBJ;"
cd /Users/ddanila/fun/msdos/out/ru-repro-43uqhx89/j4/src/SELECT && /Users/ddanila/fun/msdos/out/ru-repro-43uqhx89/j4/bin/jwasm-masm "-Mx -t -I. -I..\\INC" "SCN_PARM.ASM,SCN_PARM.OBJ;"
... for DOS Version 6.22 ...
... for DOS Version 6.22 ...
cd /Users/ddanila/fun/msdos/out/ru-repro-43uqhx89/j4/src/SELECT && /Users/ddanila/fun/msdos/out/ru-repro-43uqhx89/j4/bin/jwasm-masm "-Mx -t -I. -I..\\INC" "PRN_DEF.ASM,PRN_DEF.OBJ;"
cd /Users/ddanila/fun/msdos/out/ru-repro-43uqhx89/j4/src/SELECT && /Users/ddanila/fun/msdos/out/ru-repro-43uqhx89/j4/bin/jwasm-masm "-Mx -t -I. -I..\\INC" "VAR.ASM,VAR.OBJ;"
... for DOS Version 6.22 ...
... for DOS Version 6.22 ...
cd /Users/ddanila/fun/msdos/out/ru-repro-43uqhx89/j4/src/SELECT && /Users/ddanila/fun/msdos/out/ru-repro-43uqhx89/j4/bin/jwasm-masm "-Mx -t -I. -I..\\INC" "CASERVIC.ASM,CASERVIC.OBJ;"
... for DOS Version 6.22 ...
cd /Users/ddanila/fun/msdos/out/ru-repro-43uqhx89/j4/src/SELECT && /Users/ddanila/fun/msdos/out/ru-repro-43uqhx89/j4/bin/jwasm-masm "-Mx -t -I. -I..\\INC" "INPUT.ASM,INPUT.OBJ;"
... for DOS Version 6.22 ...
cd /Users/ddanila/fun/msdos/out/ru-repro-43uqhx89/j4/src/SELECT && /Users/ddanila/fun/msdos/out/ru-repro-43uqhx89/j4/bin/jwasm-masm "-Mx -t -I. -I..\\INC" "INITMEM.ASM,INITMEM.OBJ;"
... for DOS Version 6.22 ...
cd /Users/ddanila/fun/msdos/out/ru-repro-43uqhx89/j4/src/SELECT && /Users/ddanila/fun/msdos/out/ru-repro-43uqhx89/j4/bin/jwasm-masm "-Mx -t -I. -I..\\INC" "MPARSE.ASM,MPARSE.OBJ;"
cd /Users/ddanila/fun/msdos/out/ru-repro-43uqhx89/j4/src/SELECT && /Users/ddanila/fun/msdos/out/ru-repro-43uqhx89/j4/bin/jwasm-masm "-Mx -t -I. -I..\\INC" "MOD_COPY.ASM,MOD_COPY.OBJ;"
... for DOS Version 6.22 ...
cd /Users/ddanila/fun/msdos/out/ru-repro-43uqhx89/j4/src/SELECT && /Users/ddanila/fun/msdos/out/ru-repro-43uqhx89/j4/bin/jwasm-masm "-Mx -t -I. -I..\\INC" "S_DISPLY.ASM,S_DISPLY.OBJ;"
... for DOS Version 6.22 ...
cd /Users/ddanila/fun/msdos/out/ru-repro-43uqhx89/j4/src/SELECT && /Users/ddanila/fun/msdos/out/ru-repro-43uqhx89/j4/bin/jwasm-masm "-Mx -t -I. -I..\\INC" "BRIDGE.ASM,BRIDGE.OBJ;"
INCLUDING COMP=COMMON DSN=PSDATA.INC...
INCLUDING COMP=COMMON DSN=PARSE.ASM...
cd /Users/ddanila/fun/msdos/out/ru-repro-43uqhx89/j4/src/SELECT && /Users/ddanila/fun/msdos/out/ru-repro-43uqhx89/j4/bin/jwasm-masm "-Mx -t -I. -I..\\INC" "ASM2C.ASM,ASM2C.OBJ;"
cd /Users/ddanila/fun/msdos/out/ru-repro-43uqhx89/j4/src/SELECT && /Users/ddanila/fun/msdos/out/ru-repro-43uqhx89/j4/bin/wcc "-AS -Os -Zp -I. -c -FoGET_STAT.OBJ GET_STAT.C"
cd /Users/ddanila/fun/msdos/out/ru-repro-43uqhx89/j4/src/SELECT && /Users/ddanila/fun/msdos/out/ru-repro-43uqhx89/j4/bin/wcc "-AS -Os -Zp -I. -c -FoGLOBAL.OBJ GLOBAL.C"
cd /Users/ddanila/fun/msdos/out/ru-repro-43uqhx89/j4/src/SELECT && /Users/ddanila/fun/msdos/out/ru-repro-43uqhx89/j4/bin/wcc "-AS -Os -Zp -I. -c -FoINT13.OBJ INT13.C"
cd /Users/ddanila/fun/msdos/out/ru-repro-43uqhx89/j4/src/SELECT && /Users/ddanila/fun/msdos/out/ru-repro-43uqhx89/j4/bin/jwasm-masm "-Mx -t -I. -I..\\INC" "SELQUIT.ASM,SELQUIT.OBJ;"
... for DOS Version 6.22 ...
cd /Users/ddanila/fun/msdos/out/ru-repro-43uqhx89/j4/src/SELECT && /Users/ddanila/fun/msdos/out/ru-repro-43uqhx89/j4/bin/jwasm-masm "-Mx -t -I. -I..\\INC" "SELCHILD.ASM,SELCHILD.OBJ;"
... for DOS Version 6.22 ...
cd /Users/ddanila/fun/msdos/out/ru-repro-43uqhx89/j4/src/SELECT && /Users/ddanila/fun/msdos/out/ru-repro-43uqhx89/j4/bin/jwasm-masm "-Mx -t -I. -I..\\INC" "SERVICES.ASM,SERVICES.OBJ;"
cd /Users/ddanila/fun/msdos/out/ru-repro-43uqhx89/j4/src/SELECT && /Users/ddanila/fun/msdos/out/ru-repro-43uqhx89/j4/bin/jwasm-masm "-Mx -t -I. -I..\\INC" "GET_HELP.ASM,GET_HELP.OBJ;"
cd /Users/ddanila/fun/msdos/out/ru-repro-43uqhx89/j4/src/SELECT && /Users/ddanila/fun/msdos/out/ru-repro-43uqhx89/j4/bin/jwasm-masm "-Mx -t -I. -I..\\INC" "SELSERV.ASM,SELSERV.OBJ;"
... for DOS Version 6.22 ...
cd /Users/ddanila/fun/msdos/out/ru-repro-43uqhx89/j4/src/SELECT && /Users/ddanila/fun/msdos/out/ru-repro-43uqhx89/j4/bin/jwasm-masm "-Mx -t -I. -I..\\INC" "SEL-PAN.ASM,SEL-PAN.OBJ;"
cp /Users/ddanila/fun/msdos/out/ru-repro-43uqhx89/j4/src/SELECT/USA.INF /Users/ddanila/fun/msdos/out/ru-repro-43uqhx89/j4/src/SELECT/PANEL.INF
cd /Users/ddanila/fun/msdos/out/ru-repro-43uqhx89/j4/src/SELECT && /Users/ddanila/fun/msdos/out/ru-repro-43uqhx89/j4/bin/jwasm-masm "-Mx -t -I." "COLORS.ASM,COLORS.OBJ;"
cd /Users/ddanila/fun/msdos/out/ru-repro-43uqhx89/j4/src/MEMM/MEMM && /Users/ddanila/fun/msdos/out/ru-repro-43uqhx89/j4/bin/jwasm-masm "-Mx -t -DI386 -DNoBugMode -DNOHIMEM -I. -I..\\EMM" "MEMMLOW.ASM,MEMM386.OBJ;"
cd /Users/ddanila/fun/msdos/out/ru-repro-43uqhx89/j4/src/MEMM/MEMM && /Users/ddanila/fun/msdos/out/ru-repro-43uqhx89/j4/bin/jwasm-masm "-Mx -t -DI386 -DNoBugMode -DNOHIMEM -I. -I..\\EMM" "ELIMFUNC.ASM,ELIMFUNC.OBJ;"
cd /Users/ddanila/fun/msdos/out/ru-repro-43uqhx89/j4/src/MEMM/MEMM && /Users/ddanila/fun/msdos/out/ru-repro-43uqhx89/j4/bin/jwasm-masm "-Mx -t -DI386 -DNoBugMode -DNOHIMEM -I. -I..\\EMM" "EMM.ASM,EMM.OBJ;"
cd /Users/ddanila/fun/msdos/out/ru-repro-43uqhx89/j4/src/MEMM/MEMM && /Users/ddanila/fun/msdos/out/ru-repro-43uqhx89/j4/bin/jwasm-masm "-Mx -t -DI386 -DNoBugMode -DNOHIMEM -I. -I..\\EMM" "EMMMES.ASM,EMMMES.OBJ;"
cd /Users/ddanila/fun/msdos/out/ru-repro-43uqhx89/j4/src/MEMM/MEMM && /Users/ddanila/fun/msdos/out/ru-repro-43uqhx89/j4/bin/jwasm-masm "-Mx -t -DI386 -DNoBugMode -DNOHIMEM -I. -I..\\EMM" "EMMINIT.ASM,EMMINIT.OBJ;"
cd /Users/ddanila/fun/msdos/out/ru-repro-43uqhx89/j4/src/MEMM/MEMM && /Users/ddanila/fun/msdos/out/ru-repro-43uqhx89/j4/bin/jwasm-masm "-Mx -t -DI386 -DNoBugMode -DNOHIMEM -I. -I..\\EMM" "MEMMONF.ASM,MEMMONF.OBJ;"
cd /Users/ddanila/fun/msdos/out/ru-repro-43uqhx89/j4/src/MEMM/MEMM && /Users/ddanila/fun/msdos/out/ru-repro-43uqhx89/j4/bin/jwasm-masm "-Mx -t -DI386 -DNoBugMode -DNOHIMEM -I. -I..\\EMM" "INIT.ASM,INIT.OBJ;"
cd /Users/ddanila/fun/msdos/out/ru-repro-43uqhx89/j4/src/MEMM/MEMM && /Users/ddanila/fun/msdos/out/ru-repro-43uqhx89/j4/bin/jwasm-masm "-Mx -t -DI386 -DNoBugMode -DNOHIMEM -I. -I..\\EMM" "M_STATE.ASM,M_STATE.OBJ;"
cd /Users/ddanila/fun/msdos/out/ru-repro-43uqhx89/j4/src/MEMM/MEMM && /Users/ddanila/fun/msdos/out/ru-repro-43uqhx89/j4/bin/jwasm-masm "-Mx -t -DI386 -DNoBugMode -DNOHIMEM -I. -I..\\EMM" "ROM_SRCH.ASM,ROM_SRCH.OBJ;"
cd /Users/ddanila/fun/msdos/out/ru-repro-43uqhx89/j4/src/MEMM/MEMM && /Users/ddanila/fun/msdos/out/ru-repro-43uqhx89/j4/bin/jwasm-masm "-Mx -t -DI386 -DNoBugMode -DNOHIMEM -I. -I..\\EMM" "PPAGE.ASM,PPAGE.OBJ;"
cd /Users/ddanila/fun/msdos/out/ru-repro-43uqhx89/j4/src/MEMM/MEMM && /Users/ddanila/fun/msdos/out/ru-repro-43uqhx89/j4/bin/jwasm-masm "-Mx -t -DI386 -DNoBugMode -DNOHIMEM -I. -I..\\EMM" "ALLOCMEM.ASM,ALLOCMEM.OBJ;"
INIT.ASM(126) : Warning A4184: Instructions and initialized data not supported in AT segments
INIT.ASM(127) : Warning A4184: Instructions and initialized data not supported in AT segments
INIT.ASM(130) : Warning A4184: Instructions and initialized data not supported in AT segments
INIT.ASM(131) : Warning A4184: Instructions and initialized data not supported in AT segments
cd /Users/ddanila/fun/msdos/out/ru-repro-43uqhx89/j4/src/MEMM/MEMM && /Users/ddanila/fun/msdos/out/ru-repro-43uqhx89/j4/bin/jwasm-masm "-Mx -t -DI386 -DNoBugMode -DNOHIMEM -I. -I..\\EMM" "INITTAB.ASM,INITTAB.OBJ;"
ROM_SRCH.ASM(238) : Warning A4073: Size not specified, assuming: WORD
ROM_SRCH.ASM(242) : Warning A4073: Size not specified, assuming: WORD
cd /Users/ddanila/fun/msdos/out/ru-repro-43uqhx89/j4/src/MEMM/MEMM && /Users/ddanila/fun/msdos/out/ru-repro-43uqhx89/j4/bin/jwasm-masm "-Mx -t -DI386 -DNoBugMode -DNOHIMEM -I. -I..\\EMM" "SHIPHI.ASM,SHIPHI.OBJ;"
cd /Users/ddanila/fun/msdos/out/ru-repro-43uqhx89/j4/src/MEMM/MEMM && /Users/ddanila/fun/msdos/out/ru-repro-43uqhx89/j4/bin/jwasm-masm "-Mx -t -DI386 -DNoBugMode -DNOHIMEM -I. -I..\\EMM" "EXTPOOL.ASM,EXTPOOL.OBJ;"
cd /Users/ddanila/fun/msdos/out/ru-repro-43uqhx89/j4/src/MEMM/MEMM && /Users/ddanila/fun/msdos/out/ru-repro-43uqhx89/j4/bin/jwasm-masm "-Mx -t -DI386 -DNoBugMode -DNOHIMEM -I. -I..\\EMM" "VDMINIT.ASM,VDMINIT.OBJ;"
cd /Users/ddanila/fun/msdos/out/ru-repro-43uqhx89/j4/src/MEMM/MEMM && /Users/ddanila/fun/msdos/out/ru-repro-43uqhx89/j4/bin/jwasm-masm "-Mx -t -DI386 -DNoBugMode -DNOHIMEM -I. -I..\\EMM" "I286.ASM,I286.OBJ;"
cd /Users/ddanila/fun/msdos/out/ru-repro-43uqhx89/j4/src/MEMM/MEMM && /Users/ddanila/fun/msdos/out/ru-repro-43uqhx89/j4/bin/jwasm-masm "-Mx -t -DI386 -DNoBugMode -DNOHIMEM -I. -I..\\EMM" "I386.ASM,I386.OBJ;"
cd /Users/ddanila/fun/msdos/out/ru-repro-43uqhx89/j4/src/MEMM/MEMM && /Users/ddanila/fun/msdos/out/ru-repro-43uqhx89/j4/bin/jwasm-masm "-Mx -t -DI386 -DNoBugMode -DNOHIMEM -I. -I..\\EMM" "TABDEF.ASM,TABDEF.OBJ;"
cd /Users/ddanila/fun/msdos/out/ru-repro-43uqhx89/j4/src/MEMM/MEMM && /Users/ddanila/fun/msdos/out/ru-repro-43uqhx89/j4/bin/jwasm-masm "-Mx -t -DI386 -DNoBugMode -DNOHIMEM -I. -I..\\EMM" "TRAPDEF.ASM,TRAPDEF.OBJ;"
cd /Users/ddanila/fun/msdos/out/ru-repro-43uqhx89/j4/src/MEMM/MEMM && /Users/ddanila/fun/msdos/out/ru-repro-43uqhx89/j4/bin/jwasm-masm "-Mx -t -DI386 -DNoBugMode -DNOHIMEM -I. -I..\\EMM" "VMTRAP.ASM,VMTRAP.OBJ;"
cd /Users/ddanila/fun/msdos/out/ru-repro-43uqhx89/j4/src/MEMM/MEMM && /Users/ddanila/fun/msdos/out/ru-repro-43uqhx89/j4/bin/jwasm-masm "-Mx -t -DI386 -DNoBugMode -DNOHIMEM -I. -I..\\EMM" "VMINST.ASM,VMINST.OBJ;"
cd /Users/ddanila/fun/msdos/out/ru-repro-43uqhx89/j4/src/MEMM/MEMM && /Users/ddanila/fun/msdos/out/ru-repro-43uqhx89/j4/bin/jwasm-masm "-Mx -t -DI386 -DNoBugMode -DNOHIMEM -I. -I..\\EMM" "ELIMTRAP.ASM,ELIMTRAP.OBJ;"
cd /Users/ddanila/fun/msdos/out/ru-repro-43uqhx89/j4/src/MEMM/MEMM && /Users/ddanila/fun/msdos/out/ru-repro-43uqhx89/j4/bin/jwasm-masm "-Mx -t -DI386 -DNoBugMode -DNOHIMEM -I. -I..\\EMM" "IOTRAP.ASM,IOTRAP.OBJ;"
cd /Users/ddanila/fun/msdos/out/ru-repro-43uqhx89/j4/src/MEMM/MEMM && /Users/ddanila/fun/msdos/out/ru-repro-43uqhx89/j4/bin/jwasm-masm "-Mx -t -DI386 -DNoBugMode -DNOHIMEM -I. -I..\\EMM -DEMM_PROTECTED_ENTRY" "EMM.ASM,EMMPENT.OBJ;"
cd /Users/ddanila/fun/msdos/out/ru-repro-43uqhx89/j4/src/MEMM/MEMM && /Users/ddanila/fun/msdos/out/ru-repro-43uqhx89/j4/bin/jwasm-masm "-Mx -t -DI386 -DNoBugMode -DNOHIMEM -I. -I..\\EMM -DA20TRAP_LOW_ONLY" "A20TRAP.ASM,A20TRAP.OBJ;"
cd /Users/ddanila/fun/msdos/out/ru-repro-43uqhx89/j4/src/MEMM/MEMM && /Users/ddanila/fun/msdos/out/ru-repro-43uqhx89/j4/bin/jwasm-masm "-Mx -t -DI386 -DNoBugMode -DNOHIMEM -I. -I..\\EMM -DOMIT_DISABLE_NMI -DOEMPROC_LOW_ONLY" "OEMPROC.ASM,OEMPROC.OBJ;"
cd /Users/ddanila/fun/msdos/out/ru-repro-43uqhx89/j4/src/MEMM/MEMM && /Users/ddanila/fun/msdos/out/ru-repro-43uqhx89/j4/bin/jwasm-masm "-Mx -t -DI386 -DNoBugMode -DNOHIMEM -I. -I..\\EMM" "INITEPG.ASM,INITEPG.OBJ;"
cd /Users/ddanila/fun/msdos/out/ru-repro-43uqhx89/j4/src/MEMM/MEMM && /Users/ddanila/fun/msdos/out/ru-repro-43uqhx89/j4/bin/jwasm-masm "-Mx -t -DI386 -DNoBugMode -DNOHIMEM -I. -I..\\EMM" "VMINIT.ASM,VMINIT.OBJ;"
cd /Users/ddanila/fun/msdos/out/ru-repro-43uqhx89/j4/src/MEMM/MEMM && /Users/ddanila/fun/msdos/out/ru-repro-43uqhx89/j4/bin/jwasm-masm "-Mx -t -DI386 -DNoBugMode -DNOHIMEM -I. -I..\\EMM" "EM286LL.ASM,EM286LL.OBJ;"
cd /Users/ddanila/fun/msdos/out/ru-repro-43uqhx89/j4/src/MEMM/MEMM && /Users/ddanila/fun/msdos/out/ru-repro-43uqhx89/j4/bin/jwasm-masm "-Mx -t -DI386 -DNoBugMode -DNOHIMEM -I. -I..\\EMM" "EM386LL.ASM,EM386LL.OBJ;"
cd /Users/ddanila/fun/msdos/out/ru-repro-43uqhx89/j4/src/MEMM/MEMM && /Users/ddanila/fun/msdos/out/ru-repro-43uqhx89/j4/bin/jwasm-masm "-Mx -t -DI386 -DNoBugMode -DNOHIMEM -I. -I..\\EMM" "MOVEB.ASM,MOVEB.OBJ;"
cd /Users/ddanila/fun/msdos/out/ru-repro-43uqhx89/j4/src/MEMM/MEMM && /Users/ddanila/fun/msdos/out/ru-repro-43uqhx89/j4/bin/jwasm-masm "-Mx -t -DI386 -DNoBugMode -DNOHIMEM -I. -I..\\EMM" "MAPLIN.ASM,MAPLIN.OBJ;"
EM286LL.ASM(124) : Warning A4184: Instructions and initialized data not supported in AT segments
EM286LL.ASM(124) : Warning A4184: Instructions and initialized data not supported in AT segments
EM286LL.ASM(124) : Warning A4184: Instructions and initialized data not supported in AT segments
EM286LL.ASM(124) : Warning A4184: Instructions and initialized data not supported in AT segments
EM286LL.ASM(124) : Warning A4184: Instructions and initialized data not supported in AT segments
EM286LL.ASM(124) : Warning A4184: Instructions and initialized data not supported in AT segments
EM286LL.ASM(124) : Warning A4184: Instructions and initialized data not supported in AT segments
EM286LL.ASM(124) : Warning A4184: Instructions and initialized data not supported in AT segments
EM286LL.ASM(124) : Warning A4184: Instructions and initialized data not supported in AT segments
EM286LL.ASM(124) : Warning A4184: Instructions and initialized data not supported in AT segments
EM286LL.ASM(124) : Warning A4184: Instructions and initialized data not supported in AT segments
EM286LL.ASM(124) : Warning A4184: Instructions and initialized data not supported in AT segments
EM286LL.ASM(124) : Warning A4184: Instructions and initialized data not supported in AT segments
EM286LL.ASM(124) : Warning A4184: Instructions and initialized data not supported in AT segments
EM286LL.ASM(124) : Warning A4184: Instructions and initialized data not supported in AT segments
EM286LL.ASM(124) : Warning A4184: Instructions and initialized data not supported in AT segments
EM286LL.ASM(124) : Warning A4184: Instructions and initialized data not supported in AT segments
EM286LL.ASM(124) : Warning A4184: Instructions and initialized data not supported in AT segments
EM286LL.ASM(124) : Warning A4184: Instructions and initialized data not supported in AT segments
EM286LL.ASM(124) : Warning A4184: Instructions and initialized data not supported in AT segments
EM286LL.ASM(124) : Warning A4184: Instructions and initialized data not supported in AT segments
EM286LL.ASM(124) : Warning A4184: Instructions and initialized data not supported in AT segments
EM286LL.ASM(124) : Warning A4184: Instructions and initialized data not supported in AT segments
EM286LL.ASM(124) : Warning A4184: Instructions and initialized data not supported in AT segments
EM286LL.ASM(124) : Warning A4184: Instructions and initialized data not supported in AT segments
EM286LL.ASM(124) : Warning A4184: Instructions and initialized data not supported in AT segments
EM286LL.ASM(124) : Warning A4184: Instructions and initialized data not supported in AT segments
cd /Users/ddanila/fun/msdos/out/ru-repro-43uqhx89/j4/src/MEMM/MEMM && /Users/ddanila/fun/msdos/out/ru-repro-43uqhx89/j4/bin/jwasm-masm "-Mx -t -DI386 -DNoBugMode -DNOHIMEM -I. -I..\\EMM -DRETREAL_LOW_ONLY" "RETREAL.ASM,RETREAL.OBJ;"
cd /Users/ddanila/fun/msdos/out/ru-repro-43uqhx89/j4/src/MEMM/MEMM && /Users/ddanila/fun/msdos/out/ru-repro-43uqhx89/j4/bin/jwasm-masm "-Mx -t -DI386 -DNoBugMode -DNOHIMEM -I. -I..\\EMM -DRRTRAP_LOW_ONLY" "RRTRAP.ASM,RRTRAP.OBJ;"
cd /Users/ddanila/fun/msdos/out/ru-repro-43uqhx89/j4/src/MEMM/MEMM && /Users/ddanila/fun/msdos/out/ru-repro-43uqhx89/j4/bin/jwasm-masm "-Mx -t -DI386 -DNoBugMode -DNOHIMEM -I. -I..\\EMM -DERRHNDLR_LOW_ONLY" "ERRHNDLR.ASM,ERRHNDLR.OBJ;"
cd /Users/ddanila/fun/msdos/out/ru-repro-43uqhx89/j4/src/MEMM/MEMM && /Users/ddanila/fun/msdos/out/ru-repro-43uqhx89/j4/bin/jwasm-masm "-Mx -t -DI386 -DNoBugMode -DNOHIMEM -I. -I..\\EMM" "EKBD.ASM,EKBD.OBJ;"
cd /Users/ddanila/fun/msdos/out/ru-repro-43uqhx89/j4/src/MEMM/MEMM && /Users/ddanila/fun/msdos/out/ru-repro-43uqhx89/j4/bin/jwasm-masm "-Mx -t -DI386 -DNoBugMode -DNOHIMEM -I. -I..\\EMM -DUTIL_LOW_ONLY" "UTIL.ASM,UTIL.OBJ;"
cd /Users/ddanila/fun/msdos/out/ru-repro-43uqhx89/j4/src/MEMM/MEMM && /Users/ddanila/fun/msdos/out/ru-repro-43uqhx89/j4/bin/jwasm-masm "-Mx -t -DI386 -DNoBugMode -DNOHIMEM -I. -I..\\EMM" "INITDEB.ASM,INITDEB.OBJ;"
cd /Users/ddanila/fun/msdos/out/ru-repro-43uqhx89/j4/src/MEMM/MEMM && /Users/ddanila/fun/msdos/out/ru-repro-43uqhx89/j4/bin/wcc "-AS -2 -Os -Zp -zl -I..\\EMM -c -FoMAPDMA.OBJ MAPDMA.C"
cd /Users/ddanila/fun/msdos/out/ru-repro-43uqhx89/j4/src/MEMM/EMM && /Users/ddanila/fun/msdos/out/ru-repro-43uqhx89/j4/bin/jwasm-masm "-Mx -t -DI386 -DNoBugMode -DNOHIMEM -I..\\MEMM" "EMMDATA.ASM,EMMDATA.OBJ;"
cd /Users/ddanila/fun/msdos/out/ru-repro-43uqhx89/j4/src/MEMM/EMM && /Users/ddanila/fun/msdos/out/ru-repro-43uqhx89/j4/bin/jwasm-masm "-Mx -t -DI386 -DNoBugMode -DNOHIMEM -I..\\MEMM" "EMMINC.ASM,EMMINC.OBJ;"
cd /Users/ddanila/fun/msdos/out/ru-repro-43uqhx89/j4/src/MEMM/EMM && /Users/ddanila/fun/msdos/out/ru-repro-43uqhx89/j4/bin/wcc "-AS -2 -Os -Zp -zl -I. -c -DEMM_ALLOC_ONLY -FoEMMALLOC.OBJ EMMFUNCT.C"
cd /Users/ddanila/fun/msdos/out/ru-repro-43uqhx89/j4/src/MEMM/EMM && /Users/ddanila/fun/msdos/out/ru-repro-43uqhx89/j4/bin/wcc "-AS -2 -Os -Zp -zl -I. -c -DEMM40_REALLOC_ONLY -FoEMMREALLOC.OBJ EMM40.C"
cd /Users/ddanila/fun/msdos/out/ru-repro-43uqhx89/j4/src/MEMM/EMM && /Users/ddanila/fun/msdos/out/ru-repro-43uqhx89/j4/bin/wcc "-AS -2 -Os -Zp -zl -I. -c -DEMM40_INFO_ONLY -FoEMMINFO.OBJ EMM40.C"
EMMFUNCT.C(296): Warning! W131: No prototype found for function 'AllocateRawPages'
EMMFUNCT.C(297): Warning! W107: Missing return value for function 'AllocatePages'
EMMFUNCT.C(354): Warning! W107: Missing return value for function 'AllocateRawPages'
EMMFUNCT.C(375): Warning! W131: No prototype found for function 'ReallocatePages'
EMMFUNCT.C(399): Warning! W107: Missing return value for function 'DeallocatePages'
cd /Users/ddanila/fun/msdos/out/ru-repro-43uqhx89/j4/src/MEMM/EMM && /Users/ddanila/fun/msdos/out/ru-repro-43uqhx89/j4/bin/wcc "-AS -2 -Os -Zp -zl -I. -c -DEMM_QUERY_ONLY -FoEMMFUNCT.OBJ EMMFUNCT.C"
cd /Users/ddanila/fun/msdos/out/ru-repro-43uqhx89/j4/src/MEMM/EMM && /Users/ddanila/fun/msdos/out/ru-repro-43uqhx89/j4/bin/wcc "-AS -2 -Os -Zp -zl -I. -c -DEMM40_NAMES_ONLY -FoEMMNAMES.OBJ EMM40.C"
EMM40.C(213): Warning! W131: No prototype found for function 'GetUnallocatedPageCount'
EMM40.C(216): Warning! W107: Missing return value for function 'GetInformation'
EMM40.C(147): Warning! W131: No prototype found for function 'get_pages'
EMM40.C(158): Warning! W131: No prototype found for function 'free_pages'
EMM40.C(165): Warning! W107: Missing return value for function 'ReallocatePages'
cd /Users/ddanila/fun/msdos/out/ru-repro-43uqhx89/j4/src/MEMM/EMM && /Users/ddanila/fun/msdos/out/ru-repro-43uqhx89/j4/bin/jwasm-masm "-Mx -t -DI386 -DNoBugMode -DNOHIMEM -I..\\MEMM -DEMMP_QUERY_ONLY -DEMMP_ATTR_ONLY -DEMMP_CORE_EXCLUDE -DEMMP_SAVE_EXCLUDE -DEMMP_MAPPABLE_EXCLUDE" "EMMP.ASM,EMMATTR.OBJ;"
cd /Users/ddanila/fun/msdos/out/ru-repro-43uqhx89/j4/src/MEMM/EMM && /Users/ddanila/fun/msdos/out/ru-repro-43uqhx89/j4/bin/jwasm-masm "-Mx -t -DI386 -DNoBugMode -DNOHIMEM -I..\\MEMM -DEMMP_QUERY_ONLY -DEMMP_ATTR_EXCLUDE -DEMMP_CORE_ONLY -DEMMP_SAVE_EXCLUDE -DEMMP_MAPPABLE_EXCLUDE" "EMMP.ASM,EMMCORE.OBJ;"
cd /Users/ddanila/fun/msdos/out/ru-repro-43uqhx89/j4/src/MEMM/EMM && /Users/ddanila/fun/msdos/out/ru-repro-43uqhx89/j4/bin/jwasm-masm "-Mx -t -DI386 -DNoBugMode -DNOHIMEM -I..\\MEMM -DEMMP_QUERY_ONLY -DEMMP_ATTR_EXCLUDE -DEMMP_CORE_EXCLUDE -DEMMP_SAVE_EXCLUDE -DEMMP_MAPPABLE_ONLY" "EMMP.ASM,EMMMAPP.OBJ;"
cd /Users/ddanila/fun/msdos/out/ru-repro-43uqhx89/j4/src/MEMM/EMM && /Users/ddanila/fun/msdos/out/ru-repro-43uqhx89/j4/bin/jwasm-masm "-Mx -t -DI386 -DNoBugMode -DNOHIMEM -I..\\MEMM -DEMMP_QUERY_ONLY -DEMMP_ATTR_EXCLUDE -DEMMP_CORE_EXCLUDE -DEMMP_SAVE_ONLY -DEMMP_MAPPABLE_EXCLUDE" "EMMP.ASM,EMMSAVE.OBJ;"
EMMP.ASM(840) : Warning A4130: Incompatible with segment alignment: 4
 Dword_Align(1)[emmdef.inc]: Macro called from
  EMMP.ASM(840): Main line code
cd /Users/ddanila/fun/msdos/out/ru-repro-43uqhx89/j4/src/MEMM/EMM && /Users/ddanila/fun/msdos/out/ru-repro-43uqhx89/j4/bin/jwasm-masm "-Mx -t -DI386 -DNoBugMode -DNOHIMEM -I..\\MEMM -DEMMP_QUERY_ONLY -DEMMP_ATTR_EXCLUDE -DEMMP_CORE_EXCLUDE -DEMMP_SAVE_EXCLUDE -DEMMP_MAPPABLE_EXCLUDE -DEMMP_KEY_EXCLUDE" "EMMP.ASM,EMMP.OBJ;"
cd /Users/ddanila/fun/msdos/out/ru-repro-43uqhx89/j4/src/MEMM/EMM && /Users/ddanila/fun/msdos/out/ru-repro-43uqhx89/j4/bin/jwasm-masm "-Mx -t -DI386 -DNoBugMode -DNOHIMEM -I..\\MEMM" "EMMDISP.ASM,EMMDISP.OBJ;"
EMMFUNCT.C(424): Warning! W107: Missing return value for function 'GetEMMHandlePages'
EMM40.C(268): Warning! W131: No prototype found for function 'GetHandleDirectory'
EMMFUNCT.C(458): Warning! W107: Missing return value for function 'GetAllEMMHandlePages'
EMM40.C(286): Warning! W107: Missing return value for function 'GetSetHandleName'
EMM40.C(347): Warning! W131: No prototype found for function 'copyin'
EMM40.C(378): Warning! W107: Missing return value for function 'GetHandleDirectory'
cd /Users/ddanila/fun/msdos/out/ru-repro-43uqhx89/j4/src/MEMM/EMM && /Users/ddanila/fun/msdos/out/ru-repro-43uqhx89/j4/bin/wcc "-AS -2 -Os -Zp -zl -I. -c -DEMM40_QUERY_ONLY -FoEMM40.OBJ EMM40.C"
cd /Users/ddanila/fun/msdos/out/ru-repro-43uqhx89/j4/src/MEMM/EMM && /Users/ddanila/fun/msdos/out/ru-repro-43uqhx89/j4/bin/jwasm-masm "-Mx -t -DI386 -DNoBugMode -DNOHIMEM -I..\\MEMM -DEMMP_QUERY_ONLY -DEMMP_ATTR_EXCLUDE -DEMMP_CORE_EXCLUDE -DEMMP_SAVE_EXCLUDE -DEMMP_MAPPABLE_EXCLUDE -DEMMP_KEY_ONLY" "EMMP.ASM,EMMKEY.OBJ;"
cd /Users/ddanila/fun/msdos/out/ru-repro-43uqhx89/j4/src/MEMM/EMM && /Users/ddanila/fun/msdos/out/ru-repro-43uqhx89/j4/bin/jwasm-masm "-Mx -t -DI386 -DNoBugMode -DNOHIMEM -I..\\MEMM" "EMMSUP.ASM,EMMSUP.OBJ;"
cd /Users/ddanila/fun/msdos/out/ru-repro-43uqhx89/j4/src/MEMM/EMM && /Users/ddanila/fun/msdos/out/ru-repro-43uqhx89/j4/bin/jwasm-masm "-Mx -t -DI386 -DNoBugMode -DNOHIMEM -I..\\MEMM -DEMMP_PROT_ONLY" "EMMP.ASM,EMMPROT.OBJ;"
cd /Users/ddanila/fun/msdos/out/ru-repro-43uqhx89/j4/src/MEMM/MEMM && /Users/ddanila/fun/msdos/out/ru-repro-43uqhx89/j4/bin/jwasm-masm "-Mx -t -DI386 -DNoBugMode -DNOHIMEM -I. -I..\\EMM -DRRTRAP_HIGH_ONLY" "RRTRAP.ASM,RRTRAPHI.OBJ;"
cd /Users/ddanila/fun/msdos/out/ru-repro-43uqhx89/j4/src/MEMM/MEMM && /Users/ddanila/fun/msdos/out/ru-repro-43uqhx89/j4/bin/jwasm-masm "-Mx -t -DI386 -DNoBugMode -DNOHIMEM -I. -I..\\EMM -DRETREAL_HIGH_ONLY" "RETREAL.ASM,RETREALHI.OBJ;"
EMMP.ASM(788) : Warning A4130: Incompatible with segment alignment: 4
 Dword_Align(1)[emmdef.inc]: Macro called from
  EMMP.ASM(788): Main line code
EMMP.ASM(898) : Warning A4130: Incompatible with segment alignment: 4
 Dword_Align(1)[emmdef.inc]: Macro called from
  EMMP.ASM(898): Main line code
EMMP.ASM(1002) : Warning A4130: Incompatible with segment alignment: 4
 Dword_Align(1)[emmdef.inc]: Macro called from
  EMMP.ASM(1002): Main line code
EMMP.ASM(1054) : Warning A4130: Incompatible with segment alignment: 4
 Dword_Align(1)[emmdef.inc]: Macro called from
  EMMP.ASM(1054): Main line code
EMMP.ASM(1095) : Warning A4130: Incompatible with segment alignment: 4
 Dword_Align(1)[emmdef.inc]: Macro called from
  EMMP.ASM(1095): Main line code
EMMP.ASM(1482) : Warning A4130: Incompatible with segment alignment: 4
 Dword_Align(1)[emmdef.inc]: Macro called from
  EMMP.ASM(1482): Main line code
EMMP.ASM(2968) : Warning A4130: Incompatible with segment alignment: 4
 Dword_Align(1)[emmdef.inc]: Macro called from
  EMMP.ASM(2968): Main line code
EMMP.ASM(2999) : Warning A4130: Incompatible with segment alignment: 4
 Dword_Align(1)[emmdef.inc]: Macro called from
  EMMP.ASM(2999): Main line code
EMMP.ASM(3032) : Warning A4130: Incompatible with segment alignment: 4
 Dword_Align(1)[emmdef.inc]: Macro called from
  EMMP.ASM(3032): Main line code
EMMP.ASM(3079) : Warning A4130: Incompatible with segment alignment: 4
 Dword_Align(1)[emmdef.inc]: Macro called from
  EMMP.ASM(3079): Main line code
cd /Users/ddanila/fun/msdos/out/ru-repro-43uqhx89/j4/src/MEMM/MEMM && /Users/ddanila/fun/msdos/out/ru-repro-43uqhx89/j4/bin/jwasm-masm "-Mx -t -DI386 -DNoBugMode -DNOHIMEM -I. -I..\\EMM -DERRHNDLR_HIGH_ONLY" "ERRHNDLR.ASM,ERRHNDHI.OBJ;"
cd /Users/ddanila/fun/msdos/out/ru-repro-43uqhx89/j4/src/MEMM/MEMM && /Users/ddanila/fun/msdos/out/ru-repro-43uqhx89/j4/bin/jwasm-masm "-Mx -t -DI386 -DNoBugMode -DNOHIMEM -I. -I..\\EMM -DA20TRAP_HIGH_ONLY" "A20TRAP.ASM,A20TRAPHI.OBJ;"
cd /Users/ddanila/fun/msdos/out/ru-repro-43uqhx89/j4/src/MEMM/MEMM && /Users/ddanila/fun/msdos/out/ru-repro-43uqhx89/j4/bin/jwasm-masm "-Mx -t -DI386 -DNoBugMode -DNOHIMEM -I. -I..\\EMM -DOEMPROC_DISABLE_ONLY" "OEMPROC.ASM,OEMNMIHI.OBJ;"
cd /Users/ddanila/fun/msdos/out/ru-repro-43uqhx89/j4/src/MEMM/MEMM && /Users/ddanila/fun/msdos/out/ru-repro-43uqhx89/j4/bin/jwasm-masm "-Mx -t -DI386 -DNoBugMode -DNOHIMEM -I. -I..\\EMM -DOMIT_DISABLE_NMI -DOEMPROC_PROTECTED_ONLY" "OEMPROC.ASM,OEMPROTHI.OBJ;"
EMM40.C(415): Warning! W131: No prototype found for function 'Get_Key_Val'
EMM40.C(433): Warning! W107: Missing return value for function 'OSDisable'
cd /Users/ddanila/fun/msdos/out/ru-repro-43uqhx89/j4/src/MEMM/MEMM && /Users/ddanila/fun/msdos/out/ru-repro-43uqhx89/j4/bin/jwasm-masm "-Mx -t -DI386 -DNoBugMode -DNOHIMEM -I. -I..\\EMM -DUTIL_HIGH_ONLY" "UTIL.ASM,UTILHI.OBJ;"
cd /Users/ddanila/fun/msdos/out/ru-repro-43uqhx89/j4/src/MEMM/MEMM && /Users/ddanila/fun/msdos/out/ru-repro-43uqhx89/j4/bin/jwasm-masm "-Mx -t -DI386 -DNoBugMode -DNOHIMEM -I. -I..\\EMM" "MEMMUTIL.ASM,MEMMUTIL.OBJ;"
cd /Users/ddanila/fun/msdos/out/ru-repro-43uqhx89/j4/src/MAPPER && /Users/ddanila/fun/msdos/out/ru-repro-43uqhx89/j4/bin/wlib @mapper.lbr
cd /Users/ddanila/fun/msdos/out/ru-repro-43uqhx89/j4/src/BOOT && /Users/ddanila/fun/msdos/out/ru-repro-43uqhx89/j4/bin/jwasm-masm "-Mx -t -I. -ID:\\TOOLS\\INC -I..\\INC" "MSBOOT.ASM,MSBOOT.OBJ;"
cd /Users/ddanila/fun/msdos/out/ru-repro-43uqhx89/j4/src/INC && /Users/ddanila/fun/msdos/out/ru-repro-43uqhx89/j4/bin/jwasm-masm "-Mx -t -I. -ID:\\TOOLS\\INC -I..\\DOS" "MSDOSME.ASM,MSDOSME.OBJ;"
cd /Users/ddanila/fun/msdos/out/ru-repro-43uqhx89/j4/src/BIOS && /Users/ddanila/fun/msdos/out/ru-repro-43uqhx89/j4/bin/jwasm-masm "-Mx -t -I. -ID:\\TOOLS\\INC -I..\\INC" "MSLOAD.ASM,MSLOAD.OBJ;"
... CLONE version build switch on ...
cd /Users/ddanila/fun/msdos/out/ru-repro-43uqhx89/j4/src/BIOS && /Users/ddanila/fun/msdos/out/ru-repro-43uqhx89/j4/bin/jwasm-masm "-Mx -t -I. -ID:\\TOOLS\\INC -I..\\INC" "MSBIO2.ASM,MSBIO2.OBJ;"
dosmac.INC(422) : Warning A4149: Too many arguments in macro call: AsmVar: ,$temp
 dosmac.INC(422): Included by
  dossym.inc(11): Included by
   ../DOS/dosmes.asm(14): Included by
    MSDOSME.ASM(15): Main line code
ASSEMBLING: Non-Contiguous IBMBIO Loader (MSLOAD)

BOOTFORM.INC...
... for DOS Version 6.22 ...
cd /Users/ddanila/fun/msdos/out/ru-repro-43uqhx89/j4/src/CMD/COMMAND && /Users/ddanila/fun/msdos/out/ru-repro-43uqhx89/j4/bin/jwasm-masm "-Mx -t -I. -ID:\\TOOLS\\INC -I..\\..\\INC -I..\\..\\DOS" "COMMAND1.ASM,COMMAND1.OBJ;"
dosmac.inc(422) : Warning A4149: Too many arguments in macro call: AsmVar: ,$temp
 dosmac.inc(422): Included by
  ../DOS/dosmes.asm(15): Included by
   MSDOSME.ASM(15): Main line code
... CLONE version build switch on ...
... for DOS Version 6.22 ...
DOSSYM in Pass 2
BPB.INC...
... CLONE version build switch on ...
MAP_CASE... pass 1
MAP_CASE... pass 2
OEMFunctionKey... pass 1
OEMFunctionKey... pass 2
cd /Users/ddanila/fun/msdos/out/ru-repro-43uqhx89/j4/src/CMD/COMMAND && /Users/ddanila/fun/msdos/out/ru-repro-43uqhx89/j4/bin/jwasm-masm "-Mx -t -I. -ID:\\TOOLS\\INC -I..\\..\\INC -I..\\..\\DOS" "COMMAND2.ASM,COMMAND2.OBJ;"
BDSPROC.INC(13) : Warning A4149: Too many arguments in macro call: Message: FTESTINIT,<"INT2F_DISK",CR,LF>
 BDSPROC.INC(13): Included by
  MSBIO2.ASM(244): Main line code
BDSPROC.INC(59) : Warning A4149: Too many arguments in macro call: Message: FTESTINIT,<"INSTALL BDS",CR,LF>
 BDSPROC.INC(59): Included by
  MSBIO2.ASM(244): Main line code
BDSPROC.INC(75) : Warning A4149: Too many arguments in macro call: Message: FTESTINIT,<"LOGICAL DRIVES",CR,LF>
 BDSPROC.INC(75): Included by
  MSBIO2.ASM(244): Main line code
MSBIO2.ASM(254) : Warning A4149: Too many arguments in macro call: Message: FTESTINIT,<"REINIT",CR,LF>
MS96TPI.INC(10) : Warning A4149: Too many arguments in macro call: Message: FTESTDISK,<"DISK OPEN ">
 MS96TPI.INC(10): Included by
  MSBIO2.ASM(369): Main line code
MS96TPI.INC(11) : Warning A4149: Too many arguments in macro call: MNUM: FTESTDISK,AX
 MS96TPI.INC(11): Included by
  MSBIO2.ASM(369): Main line code
MS96TPI.INC(12) : Warning A4149: Too many arguments in macro call: Message: FTESTDISK,<CR,LF>
 MS96TPI.INC(12): Included by
  MSBIO2.ASM(369): Main line code
MS96TPI.INC(21) : Warning A4149: Too many arguments in macro call: Message: FTESTDISK,<"DISK CLOSE ">
 MS96TPI.INC(21): Included by
  MSBIO2.ASM(369): Main line code
MS96TPI.INC(22) : Warning A4149: Too many arguments in macro call: MNUM: FTESTDISK,AX
 MS96TPI.INC(22): Included by
  MSBIO2.ASM(369): Main line code
MS96TPI.INC(23) : Warning A4149: Too many arguments in macro call: Message: FTESTDISK,<CR,LF>
 MS96TPI.INC(23): Included by
  MSBIO2.ASM(369): Main line code
MS96TPI.INC(36) : Warning A4149: Too many arguments in macro call: Message: FTEST96,<"CHECK OPEN COUNT ">
 MS96TPI.INC(36): Included by
  MSBIO2.ASM(369): Main line code
MS96TPI.INC(37) : Warning A4149: Too many arguments in macro call: MNUM: FTEST96,AX
 MS96TPI.INC(37): Included by
  MSBIO2.ASM(369): Main line code
MS96TPI.INC(38) : Warning A4149: Too many arguments in macro call: Message: FTEST96,<CR,LF>
 MS96TPI.INC(38): Included by
  MSBIO2.ASM(369): Main line code
MS96TPI.INC(124) : Warning A4149: Too many arguments in macro call: Message: FTEST96,<"CHECKROMCHANGE SAYS YES...",CR,LF>
 MS96TPI.INC(124): Included by
  MSBIO2.ASM(369): Main line code
MS96TPI.INC(145) : Warning A4149: Too many arguments in macro call: Message: FTEST96,<"CHECK FAT",CR,LF>
 MS96TPI.INC(145): Included by
  MSBIO2.ASM(369): Main line code
MS96TPI.INC(165) : Warning A4149: Too many arguments in macro call: Message: FTEST96,<"CHECK VID",CR,LF>
 MS96TPI.INC(165): Included by
  MSBIO2.ASM(369): Main line code
MS96TPI.INC(186) : Warning A4149: Too many arguments in macro call: Message: FTEST96,<"VID NOT CHANGED",CR,LF>
 MS96TPI.INC(186): Included by
  MSBIO2.ASM(369): Main line code
MS96TPI.INC(272) : Warning A4149: Too many arguments in macro call: Message: FTEST96,<"RETURN VID",CR,LF>
 MS96TPI.INC(272): Included by
  MSBIO2.ASM(369): Main line code
MS96TPI.INC(375) : Warning A4149: Too many arguments in macro call: Message: FTEST13,<"*">
 MS96TPI.INC(375): Included by
  MSBIO2.ASM(369): Main line code
MS96TPI.INC(381) : Warning A4149: Too many arguments in macro call: Message: FTEST13,<"INT 13 ERROR ">
 MS96TPI.INC(381): Included by
  MSBIO2.ASM(369): Main line code
MS96TPI.INC(382) : Warning A4149: Too many arguments in macro call: MNUM: FTEST13,AX
 MS96TPI.INC(382): Included by
  MSBIO2.ASM(369): Main line code
MS96TPI.INC(383) : Warning A4149: Too many arguments in macro call: Message: FTEST13,<CR,LF>
 MS96TPI.INC(383): Included by
  MSBIO2.ASM(369): Main line code
MS96TPI.INC(408) : Warning A4149: Too many arguments in macro call: Message: FTEST96,<"SET CHANGED",CR,LF>
 MS96TPI.INC(408): Included by
  MSBIO2.ASM(369): Main line code
MS96TPI.INC(456) : Warning A4149: Too many arguments in macro call: Message: FTEST13,<"CHECKROM ">
 MS96TPI.INC(456): Included by
  MSBIO2.ASM(369): Main line code
MS96TPI.INC(457) : Warning A4149: Too many arguments in macro call: MNUM: FTEST13
 MS96TPI.INC(457): Included by
  MSBIO2.ASM(369): Main line code
MS96TPI.INC(458) : Warning A4149: Too many arguments in macro call: Message: FTEST13,<CR,LF>
 MS96TPI.INC(458): Included by
  MSBIO2.ASM(369): Main line code
MS96TPI.INC(471) : Warning A4149: Too many arguments in macro call: Message: FTEST13,<"RESETCHANGED ">
 MS96TPI.INC(471): Included by
  MSBIO2.ASM(369): Main line code
MS96TPI.INC(472) : Warning A4149: Too many arguments in macro call: MNUM: FTEST13
 MS96TPI.INC(472): Included by
  MSBIO2.ASM(369): Main line code
MS96TPI.INC(473) : Warning A4149: Too many arguments in macro call: Message: FTEST13,<CR,LF>
 MS96TPI.INC(473): Included by
  MSBIO2.ASM(369): Main line code
MS96TPI.INC(487) : Warning A4149: Too many arguments in macro call: Message: FTEST13,<"HASCHANGE ">
 MS96TPI.INC(487): Included by
  MSBIO2.ASM(369): Main line code
MS96TPI.INC(488) : Warning A4149: Too many arguments in macro call: MNUM: FTEST13
 MS96TPI.INC(488): Included by
  MSBIO2.ASM(369): Main line code
MS96TPI.INC(489) : Warning A4149: Too many arguments in macro call: Message: FTEST13,<CR,LF>
 MS96TPI.INC(489): Included by
  MSBIO2.ASM(369): Main line code
...MSBIO2.ASM
MSEQU.INC...
MSBDS.INC...
DEVSYM.INC...
MS96TPI.INC...
cd /Users/ddanila/fun/msdos/out/ru-repro-43uqhx89/j4/src/CMD/COMMAND && /Users/ddanila/fun/msdos/out/ru-repro-43uqhx89/j4/bin/jwasm-masm "-Mx -t -I. -ID:\\TOOLS\\INC -I..\\..\\INC -I..\\..\\DOS" "RUCODE.ASM,RUCODE.OBJ;"
../../INC/dosmac.INC(422) : Warning A4149: Too many arguments in macro call: AsmVar: ,$temp
 ../../INC/dosmac.INC(422): Included by
  ../../INC/DOSSYM.INC(11): Included by
   COMMAND1.ASM(61): Main line code
../../INC/dosmac.INC(422) : Warning A4149: Too many arguments in macro call: AsmVar: ,$temp
 ../../INC/dosmac.INC(422): Included by
  ../../INC/DOSSYM.INC(11): Included by
   COMMAND2.ASM(6): Main line code
... for DOS Version 6.22 ...
DOSSYM in Pass 2
BPB.INC...
... CLONE version build switch on ...
... CLONE version build switch on ...
python3 tools/layout_command_critical_catalog.py \
	/Users/ddanila/fun/msdos/out/ru-repro-43uqhx89/j4/src/CMD/COMMAND/COMMAND.CLD /Users/ddanila/fun/msdos/out/ru-repro-43uqhx89/j4/src/CMD/COMMAND/COMMAND.CDH
... for DOS Version 6.22 ...
DOSSYM in Pass 2
BPB.INC...
... CLONE version build switch on ...
... CLONE version build switch on ...
SetSize... pass 1
SetSize... pass 2
cd /Users/ddanila/fun/msdos/out/ru-repro-43uqhx89/j4/src/CMD/COMMAND && /Users/ddanila/fun/msdos/out/ru-repro-43uqhx89/j4/bin/jwasm-masm "-Mx -t -I. -ID:\\TOOLS\\INC -I..\\..\\INC -I..\\..\\DOS" "INIT.ASM,INIT.OBJ;"
../../INC/dosmac.INC(422) : Warning A4149: Too many arguments in macro call: AsmVar: ,$temp
 ../../INC/dosmac.INC(422): Included by
  ../../INC/DOSSYM.INC(11): Included by
   RUCODE.ASM(7): Main line code
../../INC/dosmac.INC(422) : Warning A4149: Too many arguments in macro call: AsmVar: ,$temp
 ../../INC/dosmac.INC(422): Included by
  ../../INC/DOSSYM.INC(11): Included by
   INIT.ASM(8): Main line code
... for DOS Version 6.22 ...
DOSSYM in Pass 2
BPB.INC...
... CLONE version build switch on ...
DEVSYM.INC...
... CLONE version build switch on ...
... for DOS Version 6.22 ...
cd /Users/ddanila/fun/msdos/out/ru-repro-43uqhx89/j4/src/CMD/COMMAND && /Users/ddanila/fun/msdos/out/ru-repro-43uqhx89/j4/bin/jwasm-masm "-Mx -t -I. -ID:\\TOOLS\\INC -I..\\..\\INC -I..\\..\\DOS" "UINIT.ASM,UINIT.OBJ;"
... CLONE version build switch on ...
... for DOS Version 6.22 ...
DOSSYM in Pass 2
BPB.INC...
... CLONE version build switch on ...
... for DOS Version 6.22 ...
cd /Users/ddanila/fun/msdos/out/ru-repro-43uqhx89/j4/src/CMD/COMMAND && /Users/ddanila/fun/msdos/out/ru-repro-43uqhx89/j4/bin/jwasm-masm "-Mx -t -I. -ID:\\TOOLS\\INC -I..\\..\\INC -I..\\..\\DOS" "TPRINTF.ASM,TPRINTF.OBJ;"
cd /Users/ddanila/fun/msdos/out/ru-repro-43uqhx89/j4/src/CMD/COMMAND && /Users/ddanila/fun/msdos/out/ru-repro-43uqhx89/j4/bin/jwasm-masm "-Mx -t -I. -ID:\\TOOLS\\INC -I..\\..\\INC -I..\\..\\DOS" "TDATA.ASM,TDATA.OBJ;"
../../INC/dosmac.INC(422) : Warning A4149: Too many arguments in macro call: AsmVar: ,$temp
 ../../INC/dosmac.INC(422): Included by
  ../../INC/DOSSYM.INC(11): Included by
   TPRINTF.ASM(34): Main line code
... CLONE version build switch on ...
DBCS Enabled IBM  version
... for DOS Version 6.22 ...
... Including message Class B
cd /Users/ddanila/fun/msdos/out/ru-repro-43uqhx89/j4/src/CMD/SYS && /Users/ddanila/fun/msdos/out/ru-repro-43uqhx89/j4/bin/jwasm-masm "-Mx -t -I. -ID:\\TOOLS\\INC -I..\\..\\INC" "SYS2.ASM,SYS2.OBJ;"
... CLONE version build switch on ...
DBCS Enabled IBM  version
... for DOS Version 6.22 ...
... Including message Class F
... Including message Class 1
... Including message Class 2
cd /Users/ddanila/fun/msdos/out/ru-repro-43uqhx89/j4/src/CMD/SYS && /Users/ddanila/fun/msdos/out/ru-repro-43uqhx89/j4/bin/jwasm-masm "-Mx -t -I. -ID:\\TOOLS\\INC -I..\\..\\INC" "SYSSR.ASM,SYSSR.OBJ;"
... CLONE version build switch on ...
... for DOS Version 6.22 ...
DOSSYM in Pass 2
BPB.INC...
... CLONE version build switch on ...
... for DOS Version 6.22 ...
cd /Users/ddanila/fun/msdos/out/ru-repro-43uqhx89/j4/src/CMD/FORMAT && /Users/ddanila/fun/msdos/out/ru-repro-43uqhx89/j4/bin/jwasm-masm "-Mx -t -I. -ID:\\TOOLS\\INC -I..\\..\\INC" "DISPLAY.ASM,DISPLAY.OBJ;"
../../INC/dosmac.INC(422) : Warning A4149: Too many arguments in macro call: AsmVar: ,$temp
 ../../INC/dosmac.INC(422): Included by
  ../../INC/DOSSYM.INC(11): Included by
   SYSHDR.INC(145): Included by
    SYS2.ASM(3): Main line code
... CLONE version build switch on ...
... for DOS Version 6.22 ...
DOSSYM in Pass 2
BPB.INC...
... CLONE version build switch on ...
IOCTL.INC...
BOOTFORM.INC...
COMPONENT=COMMON, MODULE=PATHMAC.INC ...
cd /Users/ddanila/fun/msdos/out/ru-repro-43uqhx89/j4/src/CMD/FORMAT && /Users/ddanila/fun/msdos/out/ru-repro-43uqhx89/j4/bin/jwasm-masm "-Mx -t -I. -ID:\\TOOLS\\INC -I..\\..\\INC" "FORINIT.ASM,FORINIT.OBJ;"
../../INC/dosmac.INC(422) : Warning A4149: Too many arguments in macro call: AsmVar: ,$temp
 ../../INC/dosmac.INC(422): Included by
  ../../INC/DOSSYM.INC(11): Included by
   SYSHDR.INC(145): Included by
    SYSSR.ASM(1): Main line code
... for DOS Version 6.22 ...
DOSSYM in Pass 2
BPB.INC...
... CLONE version build switch on ...
IOCTL.INC...
BOOTFORM.INC...
COMPONENT=COMMON, MODULE=PATHMAC.INC ...
... for DOS Version 6.22 ...
... Including message Class 1
... Including message Class 2
... Including message Class A
... Including message Class B
... Including message Class C
... Including message Class D
INCLUDING COMP=COMMON DSN=PSDATA.INC...
INCLUDING COMP=COMMON DSN=PARSE.ASM...
cd /Users/ddanila/fun/msdos/out/ru-repro-43uqhx89/j4/src/CMD/FORMAT && /Users/ddanila/fun/msdos/out/ru-repro-43uqhx89/j4/bin/jwasm-masm "-Mx -t -I. -ID:\\TOOLS\\INC -I..\\..\\INC" "FORLABEL.ASM,FORLABEL.OBJ;"
IOCTL.INC...
BPB.INC...
INCLUDING COMP=COMMON DSN=PSDATA.INC...
INCLUDING COMP=COMMON DSN=PARSE.ASM...
cd /Users/ddanila/fun/msdos/out/ru-repro-43uqhx89/j4/src/CMD/FORMAT && /Users/ddanila/fun/msdos/out/ru-repro-43uqhx89/j4/bin/jwasm-masm "-Mx -t -I. -ID:\\TOOLS\\INC -I..\\..\\INC" "FORMAT.ASM,FORMAT.OBJ;"
... for DOS Version 6.22 ...
... Including message Class A
... Including message Class B
... Including message Class C
... Including message Class 1
... Including message Class 2
cd /Users/ddanila/fun/msdos/out/ru-repro-43uqhx89/j4/src/CMD/FORMAT && /Users/ddanila/fun/msdos/out/ru-repro-43uqhx89/j4/bin/jwasm-masm "-Mx -t -I. -ID:\\TOOLS\\INC -I..\\..\\INC" "FORPROC.ASM,FORPROC.OBJ;"
cd /Users/ddanila/fun/msdos/out/ru-repro-43uqhx89/j4/src/CMD/FORMAT && /Users/ddanila/fun/msdos/out/ru-repro-43uqhx89/j4/bin/jwasm-masm "-Mx -t -I. -ID:\\TOOLS\\INC -I..\\..\\INC" "MSFOR.ASM,MSFOR.OBJ;"
../../INC/DOSMAC.INC(422) : Warning A4149: Too many arguments in macro call: AsmVar: ,$temp
 ../../INC/DOSMAC.INC(422): Included by
  FORMAT.ASM(239): Main line code
IOCTL.INC...
BPB.INC...
cd /Users/ddanila/fun/msdos/out/ru-repro-43uqhx89/j4/src/CMD/CHKDSK && /Users/ddanila/fun/msdos/out/ru-repro-43uqhx89/j4/bin/jwasm-masm "-Mx -t -I. -ID:\\TOOLS\\INC -I..\\..\\INC" "CHKDISP.ASM,CHKDISP.OBJ;"
... for DOS Version 6.22 ...
BPB.INC...
IOCTL.INC...
... CLONE version build switch on ...
cd /Users/ddanila/fun/msdos/out/ru-repro-43uqhx89/j4/src/CMD/DEBUG && /Users/ddanila/fun/msdos/out/ru-repro-43uqhx89/j4/bin/jwasm-masm "-Mx -t -I. -ID:\\TOOLS\\INC -I..\\..\\INC" "DEBUG.ASM,DEBUG.OBJ;"
../../INC/DOSMAC.INC(422) : Warning A4149: Too many arguments in macro call: AsmVar: ,$temp
 ../../INC/DOSMAC.INC(422): Included by
  MSFOR.ASM(123): Main line code
..filesize.inc
IOCTL.INC...
BPB.INC...
... CLONE version build switch on ...
BOOTFORM.INC...
cd /Users/ddanila/fun/msdos/out/ru-repro-43uqhx89/j4/src/CMD/DEBUG && /Users/ddanila/fun/msdos/out/ru-repro-43uqhx89/j4/bin/jwasm-masm "-Mx -t -I. -ID:\\TOOLS\\INC -I..\\..\\INC" "DEBCOM1.ASM,DEBCOM1.OBJ;"
../../INC/dosmac.INC(422) : Warning A4149: Too many arguments in macro call: AsmVar: ,$temp
 ../../INC/dosmac.INC(422): Included by
  ../../INC/DOSSYM.INC(11): Included by
   DEBUG.ASM(46): Main line code
COMPONENT=DEBUG, MODULE=DEBUG
... for DOS Version 6.22 ...
DOSSYM in Pass 2
BPB.INC...
... CLONE version build switch on ...
Including DEBEQU.ASM...
Including ..SYSVER.FAL..
cd /Users/ddanila/fun/msdos/out/ru-repro-43uqhx89/j4/src/CMD/DEBUG && /Users/ddanila/fun/msdos/out/ru-repro-43uqhx89/j4/bin/jwasm-masm "-Mx -t -I. -ID:\\TOOLS\\INC -I..\\..\\INC" "DEBCOM2.ASM,DEBCOM2.OBJ;"
../../INC/dosmac.INC(422) : Warning A4149: Too many arguments in macro call: AsmVar: ,$temp
 ../../INC/dosmac.INC(422): Included by
  ../../INC/DOSSYM.INC(11): Included by
   DEBCOM1.ASM(46): Main line code
COMPONENT=DEBUG, MODULE=DEBCOM1
... for DOS Version 6.22 ...
DOSSYM in Pass 2
BPB.INC...
... CLONE version build switch on ...
Including DEBEQU.ASM...
Including ..SYSVER.FAL..
cd /Users/ddanila/fun/msdos/out/ru-repro-43uqhx89/j4/src/CMD/DEBUG && /Users/ddanila/fun/msdos/out/ru-repro-43uqhx89/j4/bin/jwasm-masm "-Mx -t -I. -ID:\\TOOLS\\INC -I..\\..\\INC" "DEBCOM3.ASM,DEBCOM3.OBJ;"
... for DOS Version 6.22 ...
... Including message Class A
... Including message Class B
... Including message Class C
... Including message Class D
... Including message Class 1
... Including message Class 2
cd /Users/ddanila/fun/msdos/out/ru-repro-43uqhx89/j4/src/CMD/DEBUG && /Users/ddanila/fun/msdos/out/ru-repro-43uqhx89/j4/bin/jwasm-masm "-Mx -t -I. -ID:\\TOOLS\\INC -I..\\..\\INC" "DEBASM.ASM,DEBASM.OBJ;"
../../INC/dosmac.INC(422) : Warning A4149: Too many arguments in macro call: AsmVar: ,$temp
 ../../INC/dosmac.INC(422): Included by
  ../../INC/DOSSYM.INC(11): Included by
   DEBCOM2.ASM(46): Main line code
COMPONENT=DEBUG, MODULE=DEBCOM2
... for DOS Version 6.22 ...
DOSSYM in Pass 2
BPB.INC...
... CLONE version build switch on ...
Including DEBEQU.ASM...
Including ..SYSVER.FAL..
cd /Users/ddanila/fun/msdos/out/ru-repro-43uqhx89/j4/src/CMD/DEBUG && /Users/ddanila/fun/msdos/out/ru-repro-43uqhx89/j4/bin/jwasm-masm "-Mx -t -I. -ID:\\TOOLS\\INC -I..\\..\\INC" "DEBUASM.ASM,DEBUASM.OBJ;"
../../INC/dosmac.INC(422) : Warning A4149: Too many arguments in macro call: AsmVar: ,$temp
 ../../INC/dosmac.INC(422): Included by
  ../../INC/DOSSYM.INC(11): Included by
   DEBCOM3.ASM(10): Main line code
COMPONENT=DEBUG, MODULE=DEBCOM3
... for DOS Version 6.22 ...
DOSSYM in Pass 2
BPB.INC...
... CLONE version build switch on ...
Including DEBEQU.ASM...
Including ..SYSVER.FAL..
CHECKNONE... pass 1
CHECKNONE... pass 2
cd /Users/ddanila/fun/msdos/out/ru-repro-43uqhx89/j4/src/CMD/DEBUG && /Users/ddanila/fun/msdos/out/ru-repro-43uqhx89/j4/bin/jwasm-masm "-Mx -t -I. -ID:\\TOOLS\\INC -I..\\..\\INC" "DEBERR.ASM,DEBERR.OBJ;"
../../INC/dosmac.INC(422) : Warning A4149: Too many arguments in macro call: AsmVar: ,$temp
 ../../INC/dosmac.INC(422): Included by
  ../../INC/DOSSYM.INC(11): Included by
   DEBASM.ASM(10): Main line code
COMPONENT=DEBUG, MODULE=DEBASM
... for DOS Version 6.22 ...
DOSSYM in Pass 2
BPB.INC...
... CLONE version build switch on ...
Including DEBEQU.ASM...
Including ..SYSVER.FAL..
../../INC/dosmac.INC(422) : Warning A4149: Too many arguments in macro call: AsmVar: ,$temp
 ../../INC/dosmac.INC(422): Included by
  ../../INC/DOSSYM.INC(11): Included by
   DEBUASM.ASM(10): Main line code
cd /Users/ddanila/fun/msdos/out/ru-repro-43uqhx89/j4/src/CMD/DEBUG && /Users/ddanila/fun/msdos/out/ru-repro-43uqhx89/j4/bin/jwasm-masm "-Mx -t -I. -ID:\\TOOLS\\INC -I..\\..\\INC" "DEBCONST.ASM,DEBCONST.OBJ;"
COMPONENT=DEBUG, MODULE=DEBUASM
... for DOS Version 6.22 ...
DOSSYM in Pass 2
BPB.INC...
... CLONE version build switch on ...
Including DEBEQU.ASM...
Including ..SYSVER.FAL..
cd /Users/ddanila/fun/msdos/out/ru-repro-43uqhx89/j4/src/CMD/DEBUG && /Users/ddanila/fun/msdos/out/ru-repro-43uqhx89/j4/bin/jwasm-masm "-Mx -t -I. -ID:\\TOOLS\\INC -I..\\..\\INC" "DEBMES.ASM,DEBMES.OBJ;"
../../INC/dosmac.INC(422) : Warning A4149: Too many arguments in macro call: AsmVar: ,$temp
 ../../INC/dosmac.INC(422): Included by
  ../../INC/DOSSYM.INC(11): Included by
   DEBERR.ASM(43): Main line code
COMPONENT=DEBUG, MODULE=DEBERR
... for DOS Version 6.22 ...
DOSSYM in Pass 2
BPB.INC...
... CLONE version build switch on ...
Including DEBEQU.ASM...
Including ..SYSVER.FAL..
cd /Users/ddanila/fun/msdos/out/ru-repro-43uqhx89/j4/src/CMD/DEBUG && /Users/ddanila/fun/msdos/out/ru-repro-43uqhx89/j4/bin/jwasm-masm "-Mx -t -I. -ID:\\TOOLS\\INC -I..\\..\\INC" "DEBDATA.ASM,DEBDATA.OBJ;"
../../INC/dosmac.INC(422) : Warning A4149: Too many arguments in macro call: AsmVar: ,$temp
 ../../INC/dosmac.INC(422): Included by
  ../../INC/DOSSYM.INC(11): Included by
   DEBCONST.ASM(8): Main line code
COMPONENT=DEBUG, MODULE=DEBCONST
... for DOS Version 6.22 ...
DOSSYM in Pass 2
BPB.INC...
... CLONE version build switch on ...
Including DEBEQU.ASM...
Including ..SYSVER.FAL..
cd /Users/ddanila/fun/msdos/out/ru-repro-43uqhx89/j4/src/CMD/MEM && /Users/ddanila/fun/msdos/out/ru-repro-43uqhx89/j4/bin/wcc "-AS -Os -Zp -I. -I..\\..\\H -c -FoMEM.OBJ MEM.C"
../../INC/dosmac.INC(422) : Warning A4149: Too many arguments in macro call: AsmVar: ,$temp
 ../../INC/dosmac.INC(422): Included by
  ../../INC/DOSSYM.INC(11): Included by
   DEBDATA.ASM(38): Main line code
COMPONENT=DEBUG, MODULE=DEBDATA
... for DOS Version 6.22 ...
DOSSYM in Pass 2
BPB.INC...
... CLONE version build switch on ...
Including DEBEQU.ASM...
Including ..SYSVER.FAL..
cd /Users/ddanila/fun/msdos/out/ru-repro-43uqhx89/j4/src/CMD/MEM && /Users/ddanila/fun/msdos/out/ru-repro-43uqhx89/j4/bin/jwasm-masm "-Mx -t -I. -ID:\\TOOLS\\INC -I..\\..\\INC" "_MSGRET.ASM,_MSGRET.OBJ;"
COMPONENT=DEBUG, MODULE=DEBMES
... for DOS Version 6.22 ...
Including ..SYSVER.FAL..
... Including message Class A
... Including message Class B
... Including message Class C
... Including message Class D
... Including message Class 1
... Including message Class 2
cd /Users/ddanila/fun/msdos/out/ru-repro-43uqhx89/j4/src/CMD/FDISK && /Users/ddanila/fun/msdos/out/ru-repro-43uqhx89/j4/bin/wcc "-AS -Os -s -Zp -I. -I..\\..\\H -c -FoMAIN.OBJ MAIN.C"
... for DOS Version 6.22 ...
... Including message Class A
... Including message Class B
... Including message Class 1
... Including message Class 2
cd /Users/ddanila/fun/msdos/out/ru-repro-43uqhx89/j4/src/CMD/FDISK && /Users/ddanila/fun/msdos/out/ru-repro-43uqhx89/j4/bin/wcc "-AS -Os -s -Zp -I. -I..\\..\\H -c -FoFDISK.OBJ FDISK.C"
cd /Users/ddanila/fun/msdos/out/ru-repro-43uqhx89/j4/src/CMD/FDISK && /Users/ddanila/fun/msdos/out/ru-repro-43uqhx89/j4/bin/wcc "-AS -Os -s -Zp -I. -I..\\..\\H -c -FoFDISKM.OBJ FDISKM.C"
cd /Users/ddanila/fun/msdos/out/ru-repro-43uqhx89/j4/src/CMD/FDISK && /Users/ddanila/fun/msdos/out/ru-repro-43uqhx89/j4/bin/jwasm-masm "-Mx -t -I." "FDBOOT.ASM,FDBOOT.OBJ;"
cd /Users/ddanila/fun/msdos/out/ru-repro-43uqhx89/j4/src/CMD/MORE && /Users/ddanila/fun/msdos/out/ru-repro-43uqhx89/j4/bin/jwasm-masm "-Mx -t -I. -ID:\\TOOLS\\INC -I..\\..\\INC" "MORE.ASM,MORE.OBJ;"
cd /Users/ddanila/fun/msdos/out/ru-repro-43uqhx89/j4/src/CMD/SORT && /Users/ddanila/fun/msdos/out/ru-repro-43uqhx89/j4/bin/jwasm-masm "-Mx -t -I. -ID:\\TOOLS\\INC -I..\\..\\INC" "SORT.ASM,SORT.OBJ;"
cd /Users/ddanila/fun/msdos/out/ru-repro-43uqhx89/j4/src/CMD/SORT && /Users/ddanila/fun/msdos/out/ru-repro-43uqhx89/j4/bin/jwasm-masm "-Mx -t -I. -ID:\\TOOLS\\INC -I..\\..\\INC" "SORTMES.ASM,SORTMES.OBJ;"
... for DOS Version 6.22 ...
... Including message Class 1
... Including message Class 2
... Including message Class A
cd /Users/ddanila/fun/msdos/out/ru-repro-43uqhx89/j4/src/CMD/LABEL && /Users/ddanila/fun/msdos/out/ru-repro-43uqhx89/j4/bin/jwasm-masm "-Mx -t -I. -ID:\\TOOLS\\INC -I..\\..\\INC" "LABEL.ASM,LABEL.OBJ;"
cd /Users/ddanila/fun/msdos/out/ru-repro-43uqhx89/j4/src/CMD/LABEL && /Users/ddanila/fun/msdos/out/ru-repro-43uqhx89/j4/bin/jwasm-masm "-Mx -t -I. -ID:\\TOOLS\\INC -I..\\..\\INC" "LABELM.ASM,LABELM.OBJ;"
cd /Users/ddanila/fun/msdos/out/ru-repro-43uqhx89/j4/src/CMD/FIND && /Users/ddanila/fun/msdos/out/ru-repro-43uqhx89/j4/bin/jwasm-masm "-Mx -t -I. -ID:\\TOOLS\\INC -I..\\..\\INC" "FIND.ASM,FIND.OBJ;"
COMPONENT=LABEL, MODULE=LABEL.SAL
cd /Users/ddanila/fun/msdos/out/ru-repro-43uqhx89/j4/src/CMD/FIND && /Users/ddanila/fun/msdos/out/ru-repro-43uqhx89/j4/bin/jwasm-masm "-Mx -t -I. -ID:\\TOOLS\\INC -I..\\..\\INC" "FINDMES.ASM,FINDMES.OBJ;"
... for DOS Version 6.22 ...
... Including message Class A
... Including message Class 1
... Including message Class 2
INCLUDING COMP=COMMON DSN=PSDATA.INC...
INCLUDING COMP=COMMON DSN=PARSE.ASM...
cd /Users/ddanila/fun/msdos/out/ru-repro-43uqhx89/j4/src/CMD/TREE && /Users/ddanila/fun/msdos/out/ru-repro-43uqhx89/j4/bin/jwasm-masm "-Mx -t -I. -ID:\\TOOLS\\INC -I..\\..\\INC" "TREE.ASM,TREE.OBJ;"
cd /Users/ddanila/fun/msdos/out/ru-repro-43uqhx89/j4/src/CMD/TREE && /Users/ddanila/fun/msdos/out/ru-repro-43uqhx89/j4/bin/jwasm-masm "-Mx -t -I. -ID:\\TOOLS\\INC -I..\\..\\INC" "TREESYSP.ASM,TREESYSP.OBJ;"
COMPONENT=TREE, MODULE=TREE.SAL...
COMPONENT=COMMON, MODULE=PATHMAC.INC ...
COMPONENT=TREE, MODULE=TREEQU.INC...
cd /Users/ddanila/fun/msdos/out/ru-repro-43uqhx89/j4/src/CMD/TREE && /Users/ddanila/fun/msdos/out/ru-repro-43uqhx89/j4/bin/jwasm-masm "-Mx -t -I. -ID:\\TOOLS\\INC -I..\\..\\INC" "TREESYSM.ASM,TREESYSM.OBJ;"
COMPONENT=LABEL MODULE=LABELM.SAL
INCLUDING SYSMSG.INC
... for DOS Version 6.22 ...
... Including message Class A
... Including message Class 1
... Including message Class 2
cd /Users/ddanila/fun/msdos/out/ru-repro-43uqhx89/j4/src/CMD/COMP && /Users/ddanila/fun/msdos/out/ru-repro-43uqhx89/j4/bin/jwasm-masm "-Mx -t -I. -ID:\\TOOLS\\INC -I..\\..\\INC" "COMP1.ASM,COMP1.OBJ;"
... for DOS Version 6.22 ...
INCLUDING COMP=COMMON DSN=PSDATA.INC...
INCLUDING COMP=COMMON DSN=PARSE.ASM...
... Including message Class A
... Including message Class 1
... Including message Class 2
cd /Users/ddanila/fun/msdos/out/ru-repro-43uqhx89/j4/src/CMD/COMP && /Users/ddanila/fun/msdos/out/ru-repro-43uqhx89/j4/bin/jwasm-masm "-Mx -t -I. -ID:\\TOOLS\\INC -I..\\..\\INC" "COMPP.ASM,COMPP.OBJ;"
COMPONENT=TREE, MODULE=TREESYSP.SAL...
COMPONENT=COMMON, MODULE=PATHMAC.INC ...
INCLUDING COMP=COMMON DSN=PSDATA.INC...
INCLUDING COMP=COMMON DSN=PARSE.ASM...
cd /Users/ddanila/fun/msdos/out/ru-repro-43uqhx89/j4/src/CMD/COMP && /Users/ddanila/fun/msdos/out/ru-repro-43uqhx89/j4/bin/jwasm-masm "-Mx -t -I. -ID:\\TOOLS\\INC -I..\\..\\INC" "COMPSM.ASM,COMPSM.OBJ;"
COMPONENT=COMP, MODULE=COMP1.ASM
cd /Users/ddanila/fun/msdos/out/ru-repro-43uqhx89/j4/src/CMD/COMP && /Users/ddanila/fun/msdos/out/ru-repro-43uqhx89/j4/bin/jwasm-masm "-Mx -t -I. -ID:\\TOOLS\\INC -I..\\..\\INC" "COMP2.ASM,COMP2.OBJ;"
COMPONENT=COMP, MODULE=COMPP.SAL...
COMPONENT=COMP, SUBCOMPONENT=PARSE, INCLUDED PARSE.ASM...
INCLUDING COMP=COMMON DSN=PSDATA.INC...
INCLUDING COMP=COMMON DSN=PARSE.ASM...
COMPONENT=TREE, MODULE=TREESYSM.SAL...
COMPONENT=COMMON, MODULE=PATHMAC.INC ...
... for DOS Version 6.22 ...
INCLUDING MSGHAN.INC...
COMPONENT=TREE, MODULE=TREEMS.INC...
... Including message Class A
... Including message Class 1
... Including message Class 2
cd /Users/ddanila/fun/msdos/out/ru-repro-43uqhx89/j4/src/CMD/ATTRIB && /Users/ddanila/fun/msdos/out/ru-repro-43uqhx89/j4/bin/wcc "-AS -Os -Zp -I. -I..\\..\\H -c -FoATTRIB.OBJ ATTRIB.C"
cd /Users/ddanila/fun/msdos/out/ru-repro-43uqhx89/j4/src/CMD/EDLIN && /Users/ddanila/fun/msdos/out/ru-repro-43uqhx89/j4/bin/jwasm-masm "-Mx -t -I. -ID:\\TOOLS\\INC -I..\\..\\INC" "EDLIN.ASM,EDLIN.OBJ;"
COMPONENT=COMP, MODULE=COMP2.SAL
INCLUDING COMPEQ.INC...
cd /Users/ddanila/fun/msdos/out/ru-repro-43uqhx89/j4/src/CMD/EDLIN && /Users/ddanila/fun/msdos/out/ru-repro-43uqhx89/j4/bin/jwasm-masm "-Mx -t -I. -ID:\\TOOLS\\INC -I..\\..\\INC" "EDLMES.ASM,EDLMES.OBJ;"
../../INC/dosmac.INC(422) : Warning A4149: Too many arguments in macro call: AsmVar: ,$temp
 ../../INC/dosmac.INC(422): Included by
  ../../INC/DOSSYM.INC(11): Included by
   edlequ.asm(4): Included by
    EDLIN.ASM(39): Main line code
COMPONENT=COMP, MODULE=COMPSM.SAL...
... for DOS Version 6.22 ...
INCLUDING MSGHAN.INC...
COMPONENT=COMP, MODULE=COMPMS.INC...
... Including message Class A
... Including message Class 1
... Including message Class 2
cd /Users/ddanila/fun/msdos/out/ru-repro-43uqhx89/j4/src/CMD/FC && /Users/ddanila/fun/msdos/out/ru-repro-43uqhx89/j4/bin/wlink "FC.OBJ+ERROR.OBJ+FGETL.OBJ+GETL.OBJ+ITOUPPER.OBJ+..\\..\\INC\\KSTRING.OW.OBJ+MAXMIN.OBJ+MOVE.OBJ+NTOI.OBJ+STRING.OBJ+UPDATE.OBJ+XTAB.OBJ+MESSAGES.OBJ+COMPAT.OBJ,FC.EXE,,;"
... for DOS Version 6.22 ...
DOSSYM in Pass 2
BPB.INC...
... CLONE version build switch on ...
cd /Users/ddanila/fun/msdos/out/ru-repro-43uqhx89/j4/src/CMD/NLSFUNC && /Users/ddanila/fun/msdos/out/ru-repro-43uqhx89/j4/bin/jwasm-masm "-Mx -t -I. -ID:\\TOOLS\\INC -I..\\..\\INC" "NLSFUNC.ASM,NLSFUNC.OBJ;"
... for DOS Version 6.22 ...
... Including message Class A
... Including message Class B
... Including message Class C
... Including message Class 1
... Including message Class 2
cd /Users/ddanila/fun/msdos/out/ru-repro-43uqhx89/j4/src/CMD/ASSIGN && /Users/ddanila/fun/msdos/out/ru-repro-43uqhx89/j4/bin/jwasm-masm "-Mx -t -I. -ID:\\TOOLS\\INC -I..\\..\\INC" "ASSGMAIN.ASM,ASSGMAIN.OBJ;"
ATTRIB.C(101): Warning! W131: No prototype found for function 'do_attrib'
ATTRIB.C(102): Warning! W107: Missing return value for function 'inmain'
ATTRIB.C(150): Warning! W131: No prototype found for function 'sysloadmsg'
ATTRIB.C(152): Warning! W131: No prototype found for function 'sysdispmsg'
ATTRIB.C(153): Warning! W131: No prototype found for function 'Dexit'
DEVSYM.INC...
... for DOS Version 6.22 ...
... Including message Class 1
... Including message Class 2
... Including message Class A
ATTRIB.C(156): Warning! W131: No prototype found for function 'Check_appendx'
ATTRIB.C(157): Warning! W131: No prototype found for function 'Get_DBCS_vector'
ATTRIB.C(166): Warning! W131: No prototype found for function 'Ext_translation'
ATTRIB.C(247): Warning! W131: No prototype found for function 'Reset_appendx'
ATTRIB.C(251): Warning! W107: Missing return value for function 'do_attrib'
ATTRIB.C(308): Warning! W107: Missing return value for function 'Display_msg'
ATTRIB.C(341): Warning! W107: Missing return value for function 'Ext_translation'
ATTRIB.C(391): Warning! W107: Missing return value for function 'Get_far_str'
ATTRIB.C(503): Warning! W107: Missing return value for function 'Dfree'
ATTRIB.C(541): Warning! W107: Missing return value for function 'Copy_far_ptr'
ATTRIB.C(605): Warning! W131: No prototype found for function 'parse'
ATTRIB.C(700): Warning! W131: No prototype found for function 'Determine_type'
ATTRIB.C(884): Warning! W107: Missing return value for function 'Determine_type'
ATTRIB.C(953): Warning! W124: Comparison result always 1
ATTRIB.C(1004): Warning! W131: No prototype found for function 'getpspbyte'
ATTRIB.C(1006): Warning! W107: Missing return value for function 'Dta_save'
ATTRIB.C(1037): Warning! W131: No prototype found for function 'putpspbyte'
ATTRIB.C(1039): Warning! W107: Missing return value for function 'Dta_restore'
cd /Users/ddanila/fun/msdos/out/ru-repro-43uqhx89/j4/src/CMD/XCOPY && /Users/ddanila/fun/msdos/out/ru-repro-43uqhx89/j4/bin/jwasm-masm "-Mx -t -I. -ID:\\TOOLS\\INC -I..\\..\\INC" "XCOPY.ASM,XCOPY.OBJ;"
ATTRIB.C(1692): Warning! W131: No prototype found for function 'Convert_date'
ATTRIB.C(1699): Warning! W131: No prototype found for function 'Convert_time'
ATTRIB.C(1791): Warning! W107: Missing return value for function 'Convert_date'
ATTRIB.C(1846): Warning! W107: Missing return value for function 'Convert_time'
ATTRIB.C(2135): Warning! W120: lvalue cast is not standard C
ATTRIB.C(2406): Warning! W107: Missing return value for function 'Check_appendx'
ATTRIB.C(2441): Warning! W107: Missing return value for function 'Reset_appendx'
ATTRIB.C(2562): Warning! W107: Missing return value for function 'Get_DBCS_vector'
ATTRIB.C(2652): Warning! W120: lvalue cast is not standard C
... for DOS Version 6.22 ...
... CLONE version build switch on ...
... Including message Class A
... Including message Class 1
... Including message Class 2
cd /Users/ddanila/fun/msdos/out/ru-repro-43uqhx89/j4/src/CMD/XCOPY && /Users/ddanila/fun/msdos/out/ru-repro-43uqhx89/j4/bin/jwasm-masm "-Mx -t -I. -ID:\\TOOLS\\INC -I..\\..\\INC" "XCPYINIT.ASM,XCPYINIT.OBJ;"
cd /Users/ddanila/fun/msdos/out/ru-repro-43uqhx89/j4/src/CMD/DISKCOMP && /Users/ddanila/fun/msdos/out/ru-repro-43uqhx89/j4/bin/jwasm-masm "-Mx -t -I. -ID:\\TOOLS\\INC -I..\\..\\INC" "DISKCOMP.ASM,DISKCOMP.OBJ;"
... for DOS Version 6.22 ...
... Including message Class A
... Including message Class 1
... Including message Class 2
cd /Users/ddanila/fun/msdos/out/ru-repro-43uqhx89/j4/src/CMD/DISKCOMP && /Users/ddanila/fun/msdos/out/ru-repro-43uqhx89/j4/bin/jwasm-masm "-Mx -t -I. -ID:\\TOOLS\\INC -I..\\..\\INC" "DCOMPSM.ASM,DCOMPSM.OBJ;"
COMPONENT=DISKCOMP, MODULE=DISKCOMP.SAL
COMPONENT=COMMON, MODULE=PATHMAC.INC ...
INCLUDING DCMPMACR.INC...
INCLUDING DISKCOMP.EQU...
BOOTFORM.INC...
... for DOS Version 6.22 ...
cd /Users/ddanila/fun/msdos/out/ru-repro-43uqhx89/j4/src/CMD/DISKCOMP && /Users/ddanila/fun/msdos/out/ru-repro-43uqhx89/j4/bin/jwasm-masm "-Mx -t -I. -ID:\\TOOLS\\INC -I..\\..\\INC" "DCOMPP.ASM,DCOMPP.OBJ;"
cd /Users/ddanila/fun/msdos/out/ru-repro-43uqhx89/j4/src/CMD/DISKCOPY && /Users/ddanila/fun/msdos/out/ru-repro-43uqhx89/j4/bin/jwasm-masm "-Mx -t -I. -ID:\\TOOLS\\INC -I..\\..\\INC" "DISKCOPY.ASM,DISKCOPY.OBJ;"
COMPONENT=DISKCOMP, MODULE=DCOMPP.SAL...
COMPONENT=COMMON, MODULE=PATHMAC.INC ...
INCLUDING COMP=COMMON DSN=PSDATA.INC...
INCLUDING COMP=COMMON DSN=PARSE.ASM...
COMPONENT=DISKCOPY, MODULE=DISKCOPY.SAL
COMPONENT=COMMON, MODULE=PATHMAC.INC ...
COMPONENT=DISKCOPY, INCLUDING DCPYMACR.INC...
COMPONENT=DISKCOPY, INCLUDING DISKCOPY.EQU...
BOOTFORM.INC...
cd /Users/ddanila/fun/msdos/out/ru-repro-43uqhx89/j4/src/CMD/DISKCOPY && /Users/ddanila/fun/msdos/out/ru-repro-43uqhx89/j4/bin/jwasm-masm "-Mx -t -I. -ID:\\TOOLS\\INC -I..\\..\\INC" "DCOPYSM.ASM,DCOPYSM.OBJ;"
cd /Users/ddanila/fun/msdos/out/ru-repro-43uqhx89/j4/src/CMD/DISKCOPY && /Users/ddanila/fun/msdos/out/ru-repro-43uqhx89/j4/bin/jwasm-masm "-Mx -t -I. -ID:\\TOOLS\\INC -I..\\..\\INC" "DCOPYP.ASM,DCOPYP.OBJ;"
COMPONENT=DISKCOMP, MODULE=DCOMPSM.SAL...
COMPONENT=COMMON, MODULE=PATHMAC.INC ...
... for DOS Version 6.22 ...
INCLUDING MSGHAN.INC...
COMPONENT=DISKCOMP, MODULE=DCOMPMS.INC...
... Including message Class A
... Including message Class 1
... Including message Class 2
cd /Users/ddanila/fun/msdos/out/ru-repro-43uqhx89/j4/src/CMD/APPEND && /Users/ddanila/fun/msdos/out/ru-repro-43uqhx89/j4/bin/jwasm-masm "-Mx -t -I. -ID:\\TOOLS\\INC -I..\\..\\INC" "APPEND.ASM,APPEND.OBJ;"
COMPONENT=DISKCOPY, MODULE=DCOPYP.SAL...
COMPONENT=COMMON, MODULE=PATHMAC.INC ...
INCLUDING COMP=COMMON DSN=PSDATA.INC...
INCLUDING COMP=COMMON DSN=PARSE.ASM...
cd /Users/ddanila/fun/msdos/out/ru-repro-43uqhx89/j4/src/CMD/RECOVER && /Users/ddanila/fun/msdos/out/ru-repro-43uqhx89/j4/bin/jwasm-masm "-Mx -t -I. -ID:\\TOOLS\\INC -I..\\..\\INC" "RECDISP.ASM,RECDISP.OBJ;"
../../INC/pdb.inc(1) : Warning A4149: Too many arguments in macro call: break: <Process data block>
 ../../INC/pdb.inc(1): Included by
  APPEND.ASM(170): Main line code
COMPONENT=DISKCOPY, MODULE=DCOPYSM.SAL...
COMPONENT=COMMON, MODULE=PATHMAC.INC ...
... for DOS Version 6.22 ...
INCLUDING MSGHAN.INC...
COMPONENT=DISKCOPY, MODULE=DCOPYMS.INC...
... Including message Class 1
... Including message Class 2
... Including message Class A
cd /Users/ddanila/fun/msdos/out/ru-repro-43uqhx89/j4/src/CMD/RECOVER && /Users/ddanila/fun/msdos/out/ru-repro-43uqhx89/j4/bin/jwasm-masm "-Mx -t -I. -ID:\\TOOLS\\INC -I..\\..\\INC" "RECINIT.ASM,RECINIT.OBJ;"
../../INC/dosmac.INC(422) : Warning A4149: Too many arguments in macro call: AsmVar: ,$temp
 ../../INC/dosmac.INC(422): Included by
  ../../INC/dossym.inc(11): Included by
   RECDISP.ASM(10): Main line code
... for DOS Version 6.22 ...
... for DOS Version 6.22 ...
INCLUDING COMP=COMMON DSN=PSDATA.INC...
... Including message Class A
... Including message Class 1
... Including message Class B
... Including message Class 2
INCLUDING COMP=COMMON DSN=PARSE.ASM...
cd /Users/ddanila/fun/msdos/out/ru-repro-43uqhx89/j4/src/CMD/RECOVER && /Users/ddanila/fun/msdos/out/ru-repro-43uqhx89/j4/bin/jwasm-masm "-Mx -t -I. -ID:\\TOOLS\\INC -I..\\..\\INC" "RECPROC.ASM,RECPROC.OBJ;"
../../INC/dosmac.INC(422) : Warning A4149: Too many arguments in macro call: AsmVar: ,$temp
 ../../INC/dosmac.INC(422): Included by
  ../../INC/DOSSYM.INC(11): Included by
   RECINIT.ASM(11): Main line code
... for DOS Version 6.22 ...
DOSSYM in Pass 2
BPB.INC...
... CLONE version build switch on ...
INCLUDING COMP=COMMON DSN=PSDATA.INC...
INCLUDING COMP=COMMON DSN=PARSE.ASM...
cd /Users/ddanila/fun/msdos/out/ru-repro-43uqhx89/j4/src/CMD/RECOVER && /Users/ddanila/fun/msdos/out/ru-repro-43uqhx89/j4/bin/jwasm-masm "-Mx -t -I. -ID:\\TOOLS\\INC -I..\\..\\INC" "RECOVER.ASM,RECOVER.OBJ;"
../../INC/dosmac.INC(422) : Warning A4149: Too many arguments in macro call: AsmVar: ,$temp
 ../../INC/dosmac.INC(422): Included by
  ../../INC/dossym.inc(11): Included by
   RECPROC.ASM(8): Main line code
... for DOS Version 6.22 ...
DOSSYM in Pass 2
BPB.INC...
... CLONE version build switch on ...
... for DOS Version 6.22 ...
... Including message Class A
... Including message Class 1
... Including message Class 2
cd /Users/ddanila/fun/msdos/out/ru-repro-43uqhx89/j4/src/CMD/FASTOPEN && /Users/ddanila/fun/msdos/out/ru-repro-43uqhx89/j4/bin/jwasm-masm "-Mx -t -I. -ID:\\TOOLS\\INC -I..\\..\\INC" "FASTOPEN.ASM,FASTOPEN.OBJ;"
RECPROC.ASM(59) : Warning A4149: Too many arguments in macro call: procedure: ,near
... for DOS Version 6.22 ...
DOSSYM in Pass 2
BPB.INC...
... CLONE version build switch on ...
cd /Users/ddanila/fun/msdos/out/ru-repro-43uqhx89/j4/src/CMD/FASTOPEN && /Users/ddanila/fun/msdos/out/ru-repro-43uqhx89/j4/bin/jwasm-masm "-Mx -t -I. -ID:\\TOOLS\\INC -I..\\..\\INC" "FASTINIT.ASM,FASTINIT.OBJ;"
../../INC/dosmac.INC(422) : Warning A4149: Too many arguments in macro call: AsmVar: ,$temp
 ../../INC/dosmac.INC(422): Included by
  ../../INC/DOSSYM.INC(11): Included by
   RECOVER.ASM(13): Main line code
../../INC/DOSMAC.inc(422) : Warning A4149: Too many arguments in macro call: AsmVar: ,$temp
 ../../INC/DOSMAC.inc(422): Included by
  FASTOPEN.ASM(26): Main line code
RECOVER.ASM(91) : Warning A4149: Too many arguments in macro call: procedure: ,near
RECOVER.ASM(129) : Warning A4149: Too many arguments in macro call: procedure: ,NEAR
RECOVER.ASM(176) : Warning A4149: Too many arguments in macro call: procedure: ,NEAR
RECOVER.ASM(223) : Warning A4149: Too many arguments in macro call: procedure: ,NEAR
RECOVER.ASM(235) : Warning A4149: Too many arguments in macro call: procedure: ,NEAR
RECOVER.ASM(279) : Warning A4149: Too many arguments in macro call: procedure: ,NEAR
RECOVER.ASM(309) : Warning A4149: Too many arguments in macro call: procedure: ,NEAR
RECOVER.ASM(350) : Warning A4149: Too many arguments in macro call: procedure: ,NEAR
RECOVER.ASM(375) : Warning A4149: Too many arguments in macro call: procedure: ,NEAR
RECOVER.ASM(401) : Warning A4149: Too many arguments in macro call: procedure: ,NEAR
RECOVER.ASM(422) : Warning A4149: Too many arguments in macro call: procedure: ,Near
RECOVER.ASM(486) : Warning A4149: Too many arguments in macro call: procedure: ,Near
RECOVER.ASM(593) : Warning A4149: Too many arguments in macro call: procedure: ,Near
RECOVER.ASM(657) : Warning A4149: Too many arguments in macro call: procedure: ,Near
../../INC/dosmac.inc(422) : Warning A4149: Too many arguments in macro call: AsmVar: ,$temp
 ../../INC/dosmac.inc(422): Included by
  FASTINIT.ASM(129): Main line code
RECOVER.ASM(1000) : Warning A4149: Too many arguments in macro call: procedure: ,near
RECOVER.ASM(1042) : Warning A4149: Too many arguments in macro call: procedure: ,Near
RECOVER.ASM(1118) : Warning A4149: Too many arguments in macro call: procedure: ,Near
RECOVER.ASM(1178) : Warning A4149: Too many arguments in macro call: procedure: ,Near
RECOVER.ASM(1209) : Warning A4149: Too many arguments in macro call: procedure: ,Near
RECOVER.ASM(1284) : Warning A4149: Too many arguments in macro call: procedure: ,Near
RECOVER.ASM(1365) : Warning A4149: Too many arguments in macro call: procedure: ,Near
RECOVER.ASM(1385) : Warning A4149: Too many arguments in macro call: procedure: ,Near
... CLONE version build switch on ...
RECOVER.ASM(1429) : Warning A4149: Too many arguments in macro call: procedure: ,Near
RECOVER.ASM(1471) : Warning A4149: Too many arguments in macro call: procedure: ,Near
RECOVER.ASM(1502) : Warning A4149: Too many arguments in macro call: procedure: ,Near
RECOVER.ASM(1559) : Warning A4149: Too many arguments in macro call: procedure: ,Near
cd /Users/ddanila/fun/msdos/out/ru-repro-43uqhx89/j4/src/CMD/FASTOPEN && /Users/ddanila/fun/msdos/out/ru-repro-43uqhx89/j4/bin/jwasm-masm "-Mx -t -I. -ID:\\TOOLS\\INC -I..\\..\\INC" "FASTSM.ASM,FASTSM.OBJ;"
... for DOS Version 6.22 ...
DOSSYM in Pass 2
BPB.INC...
... CLONE version build switch on ...
... for DOS Version 6.22 ...
cd /Users/ddanila/fun/msdos/out/ru-repro-43uqhx89/j4/src/CMD/PRINT && /Users/ddanila/fun/msdos/out/ru-repro-43uqhx89/j4/bin/jwasm-masm "-Mx -t -I. -ID:\\TOOLS\\INC -I..\\..\\INC" "PRINT_RM.ASM,PRINT_RM.OBJ;"
FASTINIT.ASM(2634) : Warning A4073: Size not specified, assuming: WORD
ASSEMBLING: FASTINIT - FASTOPEN initialization
... CLONE version build switch on ...
cd /Users/ddanila/fun/msdos/out/ru-repro-43uqhx89/j4/src/CMD/PRINT && /Users/ddanila/fun/msdos/out/ru-repro-43uqhx89/j4/bin/jwasm-masm "-Mx -t -I. -ID:\\TOOLS\\INC -I..\\..\\INC" "PRINT_R.ASM,PRINT_R.OBJ;"
... CLONE version build switch on ...
DEVSYM.INC...
... for DOS Version 6.22 ...
... for DOS Version 6.22 ...
cd /Users/ddanila/fun/msdos/out/ru-repro-43uqhx89/j4/src/CMD/PRINT && /Users/ddanila/fun/msdos/out/ru-repro-43uqhx89/j4/bin/jwasm-masm "-Mx -t -I. -ID:\\TOOLS\\INC -I..\\..\\INC" "PRINT_T.ASM,PRINT_T.OBJ;"
COMPONENT=fastopen, MODULE=fastsm.asm...
... for DOS Version 6.22 ...
... Including message Class A
... Including message Class 1
... Including message Class 2
... CLONE version build switch on ...
DEVSYM.INC...
... for DOS Version 6.22 ...
... for DOS Version 6.22 ...
cd /Users/ddanila/fun/msdos/out/ru-repro-43uqhx89/j4/src/CMD/PRINT && /Users/ddanila/fun/msdos/out/ru-repro-43uqhx89/j4/bin/jwasm-masm "-Mx -t -I. -ID:\\TOOLS\\INC -I..\\..\\INC" "PRINT_TM.ASM,PRINT_TM.OBJ;"
cd /Users/ddanila/fun/msdos/out/ru-repro-43uqhx89/j4/src/CMD/FILESYS && /Users/ddanila/fun/msdos/out/ru-repro-43uqhx89/j4/bin/wcc "-AS -Os -Zp -I. -I..\\..\\H -c -FoFILESYS.OBJ FILESYS.C"
... CLONE version build switch on ...
DEVSYM.INC...
... for DOS Version 6.22 ...
... for DOS Version 6.22 ...
cd /Users/ddanila/fun/msdos/out/ru-repro-43uqhx89/j4/src/CMD/FILESYS && /Users/ddanila/fun/msdos/out/ru-repro-43uqhx89/j4/bin/jwasm-masm "-Mx -t -I. -ID:\\TOOLS\\INC -I..\\..\\INC" "_MSGRET.ASM,_MSGRET.OBJ;"
... CLONE version build switch on ...
DEVSYM.INC...
... for DOS Version 6.22 ...
... for DOS Version 6.22 ...
... Including message Class 1
... Including message Class 2
... Including message Class A
... Including message Class B
... Including message Class C
... Including message Class D
INCLUDING COMP=COMMON DSN=PSDATA.INC...
INCLUDING COMP=COMMON DSN=PARSE.ASM...
cd /Users/ddanila/fun/msdos/out/ru-repro-43uqhx89/j4/src/CMD/REPLACE && /Users/ddanila/fun/msdos/out/ru-repro-43uqhx89/j4/bin/wcc "-AS -Os -Zp -I. -I..\\..\\H -c -FoREPLACE.OBJ REPLACE.C"
... for DOS Version 6.22 ...
... Including message Class A
... Including message Class 1
... Including message Class 2
cd /Users/ddanila/fun/msdos/out/ru-repro-43uqhx89/j4/src/CMD/REPLACE && /Users/ddanila/fun/msdos/out/ru-repro-43uqhx89/j4/bin/jwasm-masm "-Mx -t -I. -ID:\\TOOLS\\INC -I..\\..\\INC" "_REPLACE.ASM,_REPLACE.OBJ;"
FILESYS.C(33): Warning! W140: Definition of macro 'NULL' not identical to previous definition
FILESYS.C(33): Note! N2002: 'NULL' defined in: /Users/ddanila/fun/msdos/out/ru-repro-43uqhx89/j4/watcom/h/stdio.h(140)
cd /Users/ddanila/fun/msdos/out/ru-repro-43uqhx89/j4/src/CMD/REPLACE && /Users/ddanila/fun/msdos/out/ru-repro-43uqhx89/j4/bin/jwasm-masm "-Mx -t -I. -ID:\\TOOLS\\INC -I..\\..\\INC" "_MSGRET.ASM,_MSGRET.OBJ;"
cd /Users/ddanila/fun/msdos/out/ru-repro-43uqhx89/j4/src/CMD/JOIN && /Users/ddanila/fun/msdos/out/ru-repro-43uqhx89/j4/bin/wcc "-AS -Os -Zp -I. -I..\\..\\H -c -FoJOIN.OBJ JOIN.C"
REPLACE.C(399): Warning! W131: No prototype found for function 'parse'
REPLACE.C(427): Warning! W111: Meaningless use of an expression
REPLACE.C(472): Warning! W111: Meaningless use of an expression
REPLACE.C(1449): Warning! W131: No prototype found for function 'sysloadmsg'
REPLACE.C(1452): Warning! W131: No prototype found for function 'sysdispmsg'
... for DOS Version 6.22 ...
... Including message Class A
... Including message Class 1
... Including message Class 2
cd /Users/ddanila/fun/msdos/out/ru-repro-43uqhx89/j4/src/CMD/JOIN && /Users/ddanila/fun/msdos/out/ru-repro-43uqhx89/j4/bin/jwasm-masm "-Mx -t -I. -ID:\\TOOLS\\INC -I..\\..\\INC" "_MSGRET.ASM,_MSGRET.OBJ;"
cd /Users/ddanila/fun/msdos/out/ru-repro-43uqhx89/j4/src/CMD/SUBST && /Users/ddanila/fun/msdos/out/ru-repro-43uqhx89/j4/bin/wcc "-AS -Os -Zp -I. -I..\\..\\H -c -FoSUBST.OBJ SUBST.C"
... for DOS Version 6.22 ...
... Including message Class A
... Including message Class 1
... Including message Class 2
JOIN.C(194): Warning! W131: No prototype found for function 'load_msg'
JOIN.C(201): Warning! W131: No prototype found for function 'Parser_Prep'
JOIN.C(206): Warning! W131: No prototype found for function 'parse'
JOIN.C(215): Warning! W111: Meaningless use of an expression
JOIN.C(231): Warning! W111: Meaningless use of an expression
JOIN.C(239): Warning! W111: Meaningless use of an expression
JOIN.C(247): Warning! W131: No prototype found for function 'dispmsg_terminate'
JOIN.C(253): Warning! W111: Meaningless use of an expression
JOIN.C(297): Warning! W131: No prototype found for function 'DoList'
JOIN.C(400): Warning! W107: Missing return value for function 'DoList'
JOIN.C(418): Warning! W131: No prototype found for function 'sysloadmsg'
JOIN.C(421): Warning! W131: No prototype found for function 'sysdispmsg'
JOIN.C(425): Warning! W107: Missing return value for function 'load_msg'
JOIN.C(568): Warning! W107: Missing return value for function 'display_msg'
JOIN.C(640): Warning! W107: Missing return value for function 'Parser_Prep'
cd /Users/ddanila/fun/msdos/out/ru-repro-43uqhx89/j4/src/CMD/SUBST && /Users/ddanila/fun/msdos/out/ru-repro-43uqhx89/j4/bin/jwasm-masm "-Mx -t -I. -ID:\\TOOLS\\INC -I..\\..\\INC" "_MSGRET.ASM,_MSGRET.OBJ;"
cd /Users/ddanila/fun/msdos/out/ru-repro-43uqhx89/j4/src/CMD/BACKUP && /Users/ddanila/fun/msdos/out/ru-repro-43uqhx89/j4/bin/wcc "-AS -Od -Zp -I. -I..\\..\\H -c -FoBACKUP.OBJ BACKUP.C"
cd /Users/ddanila/fun/msdos/out/ru-repro-43uqhx89/j4/src/CMD/BACKUP && /Users/ddanila/fun/msdos/out/ru-repro-43uqhx89/j4/bin/jwasm-masm "-Mx -t -I. -ID:\\TOOLS\\INC -I..\\..\\INC" "_MSGRET.ASM,_MSGRET.OBJ;"
... for DOS Version 6.22 ...
... Including message Class A
... Including message Class 1
... Including message Class 2
cd /Users/ddanila/fun/msdos/out/ru-repro-43uqhx89/j4/src/CMD/RESTORE && /Users/ddanila/fun/msdos/out/ru-repro-43uqhx89/j4/bin/wcc "-AS -Od -Zp -I. -I..\\..\\H -c -FoRESTORE.OBJ RESTORE.C"
SUBST.C(185): Warning! W131: No prototype found for function 'load_msg'
SUBST.C(192): Warning! W131: No prototype found for function 'Parser_Prep'
SUBST.C(197): Warning! W131: No prototype found for function 'parse'
SUBST.C(206): Warning! W111: Meaningless use of an expression
SUBST.C(222): Warning! W111: Meaningless use of an expression
SUBST.C(230): Warning! W111: Meaningless use of an expression
SUBST.C(238): Warning! W131: No prototype found for function 'dispmsg_terminate'
SUBST.C(244): Warning! W111: Meaningless use of an expression
SUBST.C(262): Warning! W131: No prototype found for function 'display_msg'
SUBST.C(288): Warning! W131: No prototype found for function 'Display'
SUBST.C(297): Warning! W131: No prototype found for function 'Insert'
SUBST.C(436): Warning! W107: Missing return value for function 'Insert'
SUBST.C(453): Warning! W107: Missing return value for function 'Display'
SUBST.C(471): Warning! W131: No prototype found for function 'sysloadmsg'
SUBST.C(474): Warning! W131: No prototype found for function 'sysdispmsg'
SUBST.C(478): Warning! W107: Missing return value for function 'load_msg'
SUBST.C(619): Warning! W107: Missing return value for function 'display_msg'
SUBST.C(691): Warning! W107: Missing return value for function 'Parser_Prep'
... for DOS Version 6.22 ...
... Including message Class A
... Including message Class 1
... Including message Class 2
cd /Users/ddanila/fun/msdos/out/ru-repro-43uqhx89/j4/src/CMD/RESTORE && /Users/ddanila/fun/msdos/out/ru-repro-43uqhx89/j4/bin/wcc "-AS -Od -Zp -I. -I..\\..\\H -c -FoRESTPARS.OBJ RESTPARS.C"
cd /Users/ddanila/fun/msdos/out/ru-repro-43uqhx89/j4/src/CMD/GRAFTABL && /Users/ddanila/fun/msdos/out/ru-repro-43uqhx89/j4/bin/jwasm-masm "-Mx -t -I. -ID:\\TOOLS\\INC -I..\\..\\INC" "GRTABSM.ASM,GRTABSM.OBJ;"
BACKUP.C(487): Warning! W124: Comparison result always 0
BACKUP.C(490): Warning! W124: Comparison result always 0
BACKUP.C(493): Warning! W124: Comparison result always 0
BACKUP.C(496): Warning! W124: Comparison result always 0
BACKUP.C(1649): Warning! W107: Missing return value for function 'alloc_node'
cd /Users/ddanila/fun/msdos/out/ru-repro-43uqhx89/j4/src/CMD/KEYB && /Users/ddanila/fun/msdos/out/ru-repro-43uqhx89/j4/bin/jwasm-masm "-Mx -t -I. -ID:\\TOOLS\\INC -I..\\..\\INC" "KEYBCMD.ASM,KEYBCMD.OBJ;"
COMPONENT=GRAFTABL, MODULE=GRTABSM.SAL...
COMPONENT=COMMON, MODULE=PATHMAC.INC ...
... for DOS Version 6.22 ...
INCLUDING MSGHAN.INC...
COMPONENT=GRAFTABL, MODULE=GRTABMS.INC...
... Including message Class A
... Including message Class 1
... Including message Class 2
cd /Users/ddanila/fun/msdos/out/ru-repro-43uqhx89/j4/src/CMD/SHARE && /Users/ddanila/fun/msdos/out/ru-repro-43uqhx89/j4/bin/jwasm-masm "-Mx -t -I. -ID:\\TOOLS\\INC -I..\\..\\INC" "GSHARE.ASM,GSHARE.OBJ;"
cd /Users/ddanila/fun/msdos/out/ru-repro-43uqhx89/j4/src/CMD/SHARE && /Users/ddanila/fun/msdos/out/ru-repro-43uqhx89/j4/bin/jwasm-masm "-Mx -t -I. -ID:\\TOOLS\\INC -I..\\..\\INC" "GSHARE2.ASM,GSHARE2.OBJ;"
../../INC/dosmac.INC(422) : Warning A4149: Too many arguments in macro call: AsmVar: ,$temp
 ../../INC/dosmac.INC(422): Included by
  ../../INC/DOSSYM.INC(11): Included by
   GSHARE.ASM(17): Main line code
GSHARE.ASM(270) : Warning A4149: Too many arguments in macro call: fmt: TypShare,LevShEntry,<"MFTClose by $x:$x of $x:$x ($x)\n">,<User_ID,Proc_id,ES,DI,AX>
GSHARE.ASM(344) : Warning A4149: Too many arguments in macro call: fmt: TypShare,LevShEntry,<"\nCloseUser $x\n">,<AX>
GSHARE.ASM(387) : Warning A4149: Too many arguments in macro call: fmt: TypShare,LevShEntry,<"\nClose UID/PID $x:$x\n">,<AX,DX>
... for DOS Version 6.22 ...
DOSSYM in Pass 2
BPB.INC...
... CLONE version build switch on ...
mft_enter... pass 1
mft_enter... pass 2
MFTclose... pass 1
MFTclose... pass 2
MFTclU... pass 1
MFTclU... pass 2
MFTcloseP... pass 1
MFTcloseP... pass 2
MFTcloN... pass 1
MFTcloN... pass 2
Set_Mult_Block... pass 1
Set_Mult_Block... pass 2
Load_Regs... pass 1
Load_Regs... pass 2
clr_mult_block... pass 1
clr_mult_block... pass 2
Clr_List... pass 1
Clr_List... pass 2
Set_Block... pass 1
Set_Block... pass 2
Clr_Block... pass 1
Clr_Block... pass 2
CLP... pass 1
CLP... pass 2
Chk_Block... pass 1
Chk_Block... pass 2
MFT_get... pass 1
MFT_get... pass 2
ASC... pass 1
ASC... pass 2
BCS... pass 1
BCS... pass 2
CSL... pass 1
CSL... pass 2
CUC... pass 1
CUC... pass 2
CSI... pass 1
CSI... pass 2
GOM... pass 1
GOM... pass 2
cd /Users/ddanila/fun/msdos/out/ru-repro-43uqhx89/j4/src/CMD/SHARE && /Users/ddanila/fun/msdos/out/ru-repro-43uqhx89/j4/bin/jwasm-masm "-Mx -t -I. -ID:\\TOOLS\\INC -I..\\..\\INC" "SHARESR.ASM,SHARESR.OBJ;"
RESTPARS.C(250): Warning! W124: Comparison result always 0
RESTPARS.C(253): Warning! W124: Comparison result always 0
RESTPARS.C(256): Warning! W124: Comparison result always 0
../../INC/dosmac.INC(422) : Warning A4149: Too many arguments in macro call: AsmVar: ,$temp
 ../../INC/dosmac.INC(422): Included by
  ../../INC/DOSSYM.INC(11): Included by
   GSHARE2.ASM(17): Main line code
... for DOS Version 6.22 ...
... Including message Class 1
... Including message Class 2
... Including message Class A
cd /Users/ddanila/fun/msdos/out/ru-repro-43uqhx89/j4/src/CMD/EXE2BIN && /Users/ddanila/fun/msdos/out/ru-repro-43uqhx89/j4/bin/jwasm-masm "-Mx -t -I. -ID:\\TOOLS\\INC -I..\\..\\INC" "E2BINIT.ASM,E2BINIT.OBJ;"
GSHARE2.ASM(226) : Warning A4149: Too many arguments in macro call: fmt: TypShare,LevMFTSrch,<"FNM found name record at $x\n">,<si>
GSHARE2.ASM(252) : Warning A4149: Too many arguments in macro call: fmt: TypShare,LevMFTSrch,<"FNM failing\n">
GSHARE2.ASM(313) : Warning A4149: Too many arguments in macro call: fmt: TypShare,LevMFTSrch,<"FNM creating record at $x\n">,<si>
cd /Users/ddanila/fun/msdos/out/ru-repro-43uqhx89/j4/src/CMD/GRAPHICS && /Users/ddanila/fun/msdos/out/ru-repro-43uqhx89/j4/bin/jwasm-masm "-Mx -t -I. -ID:\\TOOLS\\INC -I..\\..\\INC" "GRPARSE.ASM,GRCPSD.OBJ;"
... for DOS Version 6.22 ...
DOSSYM in Pass 2
BPB.INC...
... CLONE version build switch on ...
... for DOS Version 6.22 ...
FNM... pass 1
FNM... pass 2
GCM... pass 1
GCM... pass 2
RMN... pass 1
RMN... pass 2
MRG... pass 1
MRG... pass 2
RSC... pass 1
RSC... pass 2
SLE... pass 1
SLE... pass 2
OFL... pass 1
OFL... pass 2
CPS... pass 1
CPS... pass 2
CPJ... pass 1
CPJ... pass 2
SFM... pass 1
SFM... pass 2
ShChk... pass 1
ShChk... pass 2
ShSave... pass 1
ShSave... pass 2
ShCol... pass 1
ShCol... pass 2
ShCloseFile... pass 1
ShCloseFile... pass 2
ShSU... pass 1
ShSU... pass 2
New_Sft... pass 1
New_Sft... pass 2
Call_IFS... pass 1
Call_IFS... pass 2
INTERR... pass 1
INTERR... pass 2
EcritShare... pass 1
EcritShare... pass 2
LcritShare... pass 1
LcritShare... pass 2
Init... pass 1
Init... pass 2
SHAREINIT... pass 1
SHAREINIT... pass 2
ShLoadMsg... pass 1
ShLoadMsg... pass 2
ShDispMsg... pass 1
ShDispMsg... pass 2
ShComndParse... pass 1
ShComndParse... pass 2
cd /Users/ddanila/fun/msdos/out/ru-repro-43uqhx89/j4/src/CMD/GRAPHICS && /Users/ddanila/fun/msdos/out/ru-repro-43uqhx89/j4/bin/jwasm-masm "-Mx -t -I. -ID:\\TOOLS\\INC -I..\\..\\INC" "GRINST.ASM,GRINST.OBJ;"
../../INC/dosmac.INC(422) : Warning A4149: Too many arguments in macro call: AsmVar: ,$temp
 ../../INC/dosmac.INC(422): Included by
  ../../INC/DOSSYM.INC(11): Included by
   E2BINIT.ASM(122): Main line code
... for DOS Version 6.22 ...
... Including message Class A
... Including message Class 1
... Including message Class 2
INCLUDING COMP=COMMON DSN=PSDATA.INC...
INCLUDING COMP=COMMON DSN=PARSE.ASM...
INCLUDING COMP=COMMON DSN=PSDATA.INC...
INCLUDING COMP=COMMON DSN=PARSE.ASM...
cd /Users/ddanila/fun/msdos/out/ru-repro-43uqhx89/j4/src/CMD/IFSFUNC && /Users/ddanila/fun/msdos/out/ru-repro-43uqhx89/j4/bin/jwasm-masm "-Mx -t -I. -ID:\\TOOLS\\INC -I..\\..\\INC" "IFSERROR.ASM,IFSERROR.OBJ;"
cd /Users/ddanila/fun/msdos/out/ru-repro-43uqhx89/j4/src/CMD/IFSFUNC && /Users/ddanila/fun/msdos/out/ru-repro-43uqhx89/j4/bin/jwasm-masm "-Mx -t -I. -ID:\\TOOLS\\INC -I..\\..\\INC" "IFSFDOS.ASM,IFSFDOS.OBJ;"
... for DOS Version 6.22 ...
... Including message Class 1
... Including message Class 2
... Including message Class A
... Including message Class B
... Including message Class C
... for DOS Version 6.22 ...
... for DOS Version 6.22 ...
DOSSYM in Pass 2
BPB.INC...
... CLONE version build switch on ...
... CLONE version build switch on ...
... Including message Class A
... Including message Class B
... Including message Class 1
... Including message Class 2
INCLUDING COMP=COMMON DSN=PSDATA.INC...
INCLUDING COMP=COMMON DSN=PARSE.ASM...
cd /Users/ddanila/fun/msdos/out/ru-repro-43uqhx89/j4/src/CMD/IFSFUNC && /Users/ddanila/fun/msdos/out/ru-repro-43uqhx89/j4/bin/jwasm-masm "-Mx -t -I. -ID:\\TOOLS\\INC -I..\\..\\INC" "IFSINIT.ASM,IFSINIT.OBJ;"
cd /Users/ddanila/fun/msdos/out/ru-repro-43uqhx89/j4/src/CMD/MODE && /Users/ddanila/fun/msdos/out/ru-repro-43uqhx89/j4/bin/jwasm-masm "-Mx -t -I. -ID:\\TOOLS\\INC -I..\\..\\INC" "MAIN.ASM,MAIN.OBJ;"
../../INC/dosmac.INC(422) : Warning A4149: Too many arguments in macro call: AsmVar: ,$temp
 ../../INC/dosmac.INC(422): Included by
  ../../INC/DOSSYM.INC(11): Included by
   IFSERROR.ASM(14): Main line code
../../INC/dosmac.INC(422) : Warning A4149: Too many arguments in macro call: AsmVar: ,$temp
 ../../INC/dosmac.INC(422): Included by
  ../../INC/DOSSYM.INC(11): Included by
   IFSFDOS.ASM(11): Main line code
INSTALLED version
... for DOS Version 6.22 ...
DOSSYM in Pass 2
BPB.INC...
... CLONE version build switch on ...
DEVSYM.INC...
SET_IFS_DOSCALL@... pass 1
SET_IFS_DOSCALL@... pass 2
IFSFUNC_DOSCALL@... pass 1
IFSFUNC_DOSCALL@... pass 2
DOS_RETURN_ASSIGN_MODE... pass 1
DOS_RETURN_ASSIGN_MODE... pass 2
DOS_TO_NET_DATE... pass 1
DOS_TO_NET_DATE... pass 2
NET_TO_DOS_DATE... pass 1
NET_TO_DOS_DATE... pass 2
cd /Users/ddanila/fun/msdos/out/ru-repro-43uqhx89/j4/src/CMD/SETVER && /Users/ddanila/fun/msdos/out/ru-repro-43uqhx89/j4/bin/wlink "SETVER.OBJ,SETVERU.EXE;"
INSTALLED version
... for DOS Version 6.22 ...
DOSSYM in Pass 2
BPB.INC...
... CLONE version build switch on ...
DEVSYM.INC...
... for DOS Version 6.22 ...
... Including message Class 1
INT_2F_5... pass 1
INT_2F_5... pass 2
***** Possible stack size error in INT_2F_5 *****
SET_EXTERR_INFO... pass 1
SET_EXTERR_INFO... pass 2
DEVICE2EXTERR... pass 1
DEVICE2EXTERR... pass 2
IFS_I24... pass 1
IFS_I24... pass 2
PHONEY_DPB... pass 1
PHONEY_DPB... pass 2
cd /Users/ddanila/fun/msdos/out/ru-repro-43uqhx89/j4/src/CMD/SETVER && /Users/ddanila/fun/msdos/out/ru-repro-43uqhx89/j4/bin/wlink "SETVERD.OBJ,SETVERD.EXE;"
../../INC/dosmac.INC(422) : Warning A4149: Too many arguments in macro call: AsmVar: ,$temp
 ../../INC/dosmac.INC(422): Included by
  ../../INC/DOSSYM.INC(11): Included by
   IFSINIT.ASM(11): Main line code
IFSINIT.ASM(97) : Warning A4149: Too many arguments in macro call: fmt: <>,<>,<"Unused IFSFUNC function issued\n">
... for DOS Version 6.22 ...
... Including message Class A
... Including message Class B
... Including message Class 1
... Including message Class 2
cd /Users/ddanila/fun/msdos/out/ru-repro-43uqhx89/j4/src/CMD/DOSKEY && /Users/ddanila/fun/msdos/out/ru-repro-43uqhx89/j4/bin/wlink "DOSKEY.OBJ,DOSKEY.EXE;"
INSTALLED version
... for DOS Version 6.22 ...
DOSSYM in Pass 2
BPB.INC...
... CLONE version build switch on ...
DEVSYM.INC...
... for DOS Version 6.22 ...
GetIFSFCSinES... pass 1
GetIFSFCSinES... pass 2
UnusedFunc... pass 1
UnusedFunc... pass 2
IDispatch... pass 1
IDispatch... pass 2
EcritNet... pass 1
EcritNet... pass 2
LcritNet... pass 1
LcritNet... pass 2
EcritIFS... pass 1
EcritIFS... pass 2
LcritIFS... pass 1
LcritIFS... pass 2
IFSFINIT... pass 1
IFSFINIT... pass 2
INCLUDING COMP=COMMON DSN=PSDATA.INC...
INCLUDING COMP=COMMON DSN=PARSE.ASM...
... Including message Class A
... Including message Class 2
AUTO_ATTACH... pass 1
AUTO_ATTACH... pass 2
CHECK_UNC_PRESENCE... pass 1
CHECK_UNC_PRESENCE... pass 2
cd /Users/ddanila/fun/msdos/out/ru-repro-43uqhx89/j4/src/CMD/EXPAND && /Users/ddanila/fun/msdos/out/ru-repro-43uqhx89/j4/bin/wlink "EXPAND.OBJ,EXPAND.EXE;"
Warning! W1014: stack segment not found
Warning! W1014: stack segment not found
Warning! W1023: no starting address found, using 0000:0000
cd /Users/ddanila/fun/msdos/out/ru-repro-43uqhx89/j4/src/CMD/SETUP && /Users/ddanila/fun/msdos/out/ru-repro-43uqhx89/j4/bin/wlink "SETUP.OBJ,SETUP.EXE;"
cd /Users/ddanila/fun/msdos/out/ru-repro-43uqhx89/j4/src/CMD/HELP && /Users/ddanila/fun/msdos/out/ru-repro-43uqhx89/j4/bin/wlink "HELPUI.OBJ,HELP.COM,,clibs.lib;"
Warning! W1014: stack segment not found
cd /Users/ddanila/fun/msdos/out/ru-repro-43uqhx89/j4/src/CMD/HELP && /Users/ddanila/fun/msdos/out/ru-repro-43uqhx89/j4/bin/wlink "FASTHELP.OBJ,FASTHELPU.EXE;"
cd /Users/ddanila/fun/msdos/out/ru-repro-43uqhx89/j4/src/CMD/MIRROR && /Users/ddanila/fun/msdos/out/ru-repro-43uqhx89/j4/bin/wlink "MIRROR.OBJ+..\\RECOVERY\\RECIO.OBJ,MIRROR.EXE,,clibs.lib;"
cd /Users/ddanila/fun/msdos/out/ru-repro-43uqhx89/j4/src/CMD/UNFORMAT && /Users/ddanila/fun/msdos/out/ru-repro-43uqhx89/j4/bin/wlink "UNFORMAT.OBJ+..\\RECOVERY\\RECIO.OBJ,UNFORMAT.EXE,,clibs.lib;"
cd /Users/ddanila/fun/msdos/out/ru-repro-43uqhx89/j4/src/CMD/UNDELETE && /Users/ddanila/fun/msdos/out/ru-repro-43uqhx89/j4/bin/wlink "UNDELETE.OBJ+TRACKTSR.OBJ+..\\RECOVERY\\RECIO.OBJ,UNDELETE.EXE,,clibs.lib;"
Warning! W1014: stack segment not found
cd /Users/ddanila/fun/msdos/out/ru-repro-43uqhx89/j4/src/CMD/CHOICE && /Users/ddanila/fun/msdos/out/ru-repro-43uqhx89/j4/bin/wlink "CHOICE.OBJ,CHOICE.EXE,,clibs.lib;"
cd /Users/ddanila/fun/msdos/out/ru-repro-43uqhx89/j4/src/CMD/LOADFIX && /Users/ddanila/fun/msdos/out/ru-repro-43uqhx89/j4/bin/wlink "LOADFIX.OBJ,LOADFIX.EXE,,clibs.lib;"
cd /Users/ddanila/fun/msdos/out/ru-repro-43uqhx89/j4/src/CMD/DELTREE && /Users/ddanila/fun/msdos/out/ru-repro-43uqhx89/j4/bin/wlink "DELTREE.OBJ,DELTREE.EXE,,clibs.lib;"
cd /Users/ddanila/fun/msdos/out/ru-repro-43uqhx89/j4/src/CMD/MOVE && /Users/ddanila/fun/msdos/out/ru-repro-43uqhx89/j4/bin/wlink "MOVE.OBJ,MOVE.EXE,,clibs.lib;"
cd /Users/ddanila/fun/msdos/out/ru-repro-43uqhx89/j4/src/CMD/MSD && /Users/ddanila/fun/msdos/out/ru-repro-43uqhx89/j4/bin/wlink "MSD.OBJ+MSDXMS.OBJ,MSD.EXE,,clibs.lib;"
cd /Users/ddanila/fun/msdos/out/ru-repro-43uqhx89/j4/src/CMD/SCANDISK && /Users/ddanila/fun/msdos/out/ru-repro-43uqhx89/j4/bin/wlink "SCANDISK.OBJ+..\\RECOVERY\\FATVOL.OBJ+..\\RECOVERY\\RECIO.OBJ,SCANDISK.EXE,,clibs.lib;"
cd /Users/ddanila/fun/msdos/out/ru-repro-43uqhx89/j4/src/CMD/DEFRAG && /Users/ddanila/fun/msdos/out/ru-repro-43uqhx89/j4/bin/wlink "DEFRAG.OBJ+..\\RECOVERY\\FATVOL.OBJ+..\\RECOVERY\\RECIO.OBJ,DEFRAG.EXE,,clibs.lib;"
cd /Users/ddanila/fun/msdos/out/ru-repro-43uqhx89/j4/src/CMD/MEMMAKER && /Users/ddanila/fun/msdos/out/ru-repro-43uqhx89/j4/bin/wlink "MEMMAKER.OBJ,MEMMAKER.EXE,,clibs.lib;"
cd /Users/ddanila/fun/msdos/out/ru-repro-43uqhx89/j4/src/CMD/SIZER && /Users/ddanila/fun/msdos/out/ru-repro-43uqhx89/j4/bin/wlink "SIZER.OBJ,SIZER.EXE,,clibs.lib;"
cd /Users/ddanila/fun/msdos/out/ru-repro-43uqhx89/j4/src/CMD/POWER && /Users/ddanila/fun/msdos/out/ru-repro-43uqhx89/j4/bin/wlink "POWERD.OBJ+POWER.OBJ,POWER.EXE;"
cd /Users/ddanila/fun/msdos/out/ru-repro-43uqhx89/j4/src/CMD/MSCDEX && /Users/ddanila/fun/msdos/out/ru-repro-43uqhx89/j4/bin/wlink "MSCDEX.OBJ,MSCDEXD.EXE;"
cd /Users/ddanila/fun/msdos/out/ru-repro-43uqhx89/j4/src/CMD/INTERLNK && /Users/ddanila/fun/msdos/out/ru-repro-43uqhx89/j4/bin/wlink "INTERLNKD.OBJ+INTERLNK.OBJ,INTERLNK.EXE;"
cd /Users/ddanila/fun/msdos/out/ru-repro-43uqhx89/j4/src/CMD/INTERSVR && /Users/ddanila/fun/msdos/out/ru-repro-43uqhx89/j4/bin/jwasm-masm "-Mx -t" "INTERSVR.ASM,INTERSVR.OBJ;"
cd /Users/ddanila/fun/msdos/out/ru-repro-43uqhx89/j4/src/DEV/DRIVER && /Users/ddanila/fun/msdos/out/ru-repro-43uqhx89/j4/bin/jwasm-masm "-Mx -t -I. -ID:\\TOOLS\\INC -I..\\..\\INC -I..\\..\\DOS" "DRIVER.ASM,DRIVER.OBJ;"
cd /Users/ddanila/fun/msdos/out/ru-repro-43uqhx89/j4/src/DEV/ANSI && /Users/ddanila/fun/msdos/out/ru-repro-43uqhx89/j4/bin/jwasm-masm "-Mx -t -I. -ID:\\TOOLS\\INC -I..\\..\\INC -I..\\..\\DOS" "PARSER.ASM,PARSER.OBJ;"
Warning! W1014: stack segment not found
cd /Users/ddanila/fun/msdos/out/ru-repro-43uqhx89/j4/src/DEV/VDISK && /Users/ddanila/fun/msdos/out/ru-repro-43uqhx89/j4/bin/jwasm-masm "-Mx -t -I. -ID:\\TOOLS\\INC -I..\\..\\INC -I..\\..\\DOS" "VDISKSYS.ASM,VDISKSYS.OBJ;"
cd /Users/ddanila/fun/msdos/out/ru-repro-43uqhx89/j4/src/DEV/COUNTRY && /Users/ddanila/fun/msdos/out/ru-repro-43uqhx89/j4/bin/wlink "MKCNTRY;"
... for DOS Version 6.22 ...
MSBDS.INC...
INCLUDING COMP=COMMON DSN=PSDATA.INC...
INCLUDING COMP=COMMON DSN=PARSE.ASM...
... Including message Class 1
... Including message Class 2
... Including message Class A
cd /Users/ddanila/fun/msdos/out/ru-repro-43uqhx89/j4/src/DEV/RAMDRIVE && /Users/ddanila/fun/msdos/out/ru-repro-43uqhx89/j4/bin/wlink "@RAMDRIVE.LNK"
... for DOS Version 6.22 ...
... Including message Class 1
... Including message Class 2
... Including message Class A
INCLUDING COMP=COMMON DSN=PSDATA.INC...
INCLUDING COMP=COMMON DSN=PARSE.ASM...
cd /Users/ddanila/fun/msdos/out/ru-repro-43uqhx89/j4/src/DEV/KEYBOARD && /Users/ddanila/fun/msdos/out/ru-repro-43uqhx89/j4/bin/wlink "@KEYBOARD.LNK"
... for DOS Version 6.22 ...
... Including message Class 1
... Including message Class 2
... Including message Class A
cd /Users/ddanila/fun/msdos/out/ru-repro-43uqhx89/j4/src/DEV/PRINTER && /Users/ddanila/fun/msdos/out/ru-repro-43uqhx89/j4/bin/jwasm-masm "-Mx -t -I. -ID:\\TOOLS\\INC -I..\\..\\INC -I..\\..\\DOS" "CPSPI07.ASM,CPSPI07.OBJ;"
Warning! W1014: stack segment not found
Warning! W1023: no starting address found, using 0000:0000
cd /Users/ddanila/fun/msdos/out/ru-repro-43uqhx89/j4/src/DEV/DISPLAY && /Users/ddanila/fun/msdos/out/ru-repro-43uqhx89/j4/bin/jwasm-masm "-Mx -t -I. -ID:\\TOOLS\\INC -I..\\..\\INC -I..\\..\\DOS" "INIT.ASM,INIT.OBJ;"
cd /Users/ddanila/fun/msdos/out/ru-repro-43uqhx89/j4/src/DEV/SMARTDRV && /Users/ddanila/fun/msdos/out/ru-repro-43uqhx89/j4/bin/wlink "SMARTDRV.OBJ+SMARTCTL.OBJ+FL13.OBJ+SMARTLOAD.OBJ,SMARTDRV.EXE,SMARTDRV.MAP,clibs.lib;"
... for DOS Version 6.22 ...
... Including message Class 1
... Including message Class 2
... Including message Class A
cd /Users/ddanila/fun/msdos/out/ru-repro-43uqhx89/j4/src/DEV/SMARTDRV && /Users/ddanila/fun/msdos/out/ru-repro-43uqhx89/j4/bin/wlink "FLUSH13.OBJ+FL13.OBJ+FLMES.OBJ,FLUSH13.EXE,FLUSH13.MAP,clibs.lib;"
Warning! W1014: stack segment not found
Warning! W1023: no starting address found, using 0000:0000
cd /Users/ddanila/fun/msdos/out/ru-repro-43uqhx89/j4/src/DEV/XMA2EMS && /Users/ddanila/fun/msdos/out/ru-repro-43uqhx89/j4/bin/jwasm-masm "-Mx -t -I. -I..\\..\\INC" "XMA2EMS.ASM,XMA2EMS.OBJ;"
.COMPILING:     INIT.ASM
.		     ô INSTALL CPS-CON DRIVER
.		     õ VERSION 3.30
.INCLUDE FILES:
... for DOS Version 6.22 ...
.               -MACROS  .INC-
.               ®DEF-EQU .INC¯
.		     ®TABLES  .INC¯
... Including message Class 1
... Including message Class 2
... Including message Class A
cd /Users/ddanila/fun/msdos/out/ru-repro-43uqhx89/j4/src/DEV/XMAEM && /Users/ddanila/fun/msdos/out/ru-repro-43uqhx89/j4/bin/jwasm-masm "-Mx -t -I." "INDEMSG.ASM,INDEMSG.OBJ;"
XMA1DIAG.INC(1329) : Warning A4073: Size not specified, assuming: WORD
 XMA1DIAG.INC(1329): Included by
  XMA2EMS.ASM(2540): Main line code
cd /Users/ddanila/fun/msdos/out/ru-repro-43uqhx89/j4/src/DEV/DISPLAY/EGA && /Users/ddanila/fun/msdos/out/ru-repro-43uqhx89/j4/bin/wlink "@EGA.LNK"
MSBDS.INC...
INCLUDING COMP=COMMON DSN=PSDATA.INC...
INCLUDING COMP=COMMON DSN=PARSE.ASM...
... CLONE version build switch on ...
cd /Users/ddanila/fun/msdos/out/ru-repro-43uqhx89/j4/src/DEV/DISPLAY/LCD && /Users/ddanila/fun/msdos/out/ru-repro-43uqhx89/j4/bin/wlink "@LCD.LNK"
cd /Users/ddanila/fun/msdos/out/ru-repro-43uqhx89/j4/src/DEV/PRINTER/5202 && /Users/ddanila/fun/msdos/out/ru-repro-43uqhx89/j4/bin/wlink "5202;"
cd /Users/ddanila/fun/msdos/out/ru-repro-43uqhx89/j4/src/SELECT && /Users/ddanila/fun/msdos/out/ru-repro-43uqhx89/j4/bin/jwasm-masm "-Mx -t -I. -I..\\INC" "SSTUB.ASM,SSTUB.OBJ;"
... for DOS Version 6.22 ...
... Including message Class A
... Including message Class B
... Including message Class 1
... Including message Class 2
cd /Users/ddanila/fun/msdos/out/ru-repro-43uqhx89/j4/src/SELECT && /Users/ddanila/fun/msdos/out/ru-repro-43uqhx89/j4/bin/jwasm-masm "-Mx -t -I. -I..\\INC" "SELECT0.ASM,SELECT0.OBJ;"
Warning! W1014: stack segment not found
Warning! W1023: no starting address found, using 0000:0000
Warning! W1014: stack segment not found
Warning! W1014: stack segment not found
Warning! W1023: no starting address found, using 0000:0000
cd /Users/ddanila/fun/msdos/out/ru-repro-43uqhx89/j4/src/SELECT && /Users/ddanila/fun/msdos/out/ru-repro-43uqhx89/j4/bin/jwasm-masm "-Mx -t -I." "PANELS.ASM,PANELS.OBJ;"
cd /Users/ddanila/fun/msdos/out/ru-repro-43uqhx89/j4/src/SELECT && /Users/ddanila/fun/msdos/out/ru-repro-43uqhx89/j4/bin/jwasm-masm "-Mx -t -I." "SCROLL.ASM,SCROLL.OBJ;"
rm -f /Users/ddanila/fun/msdos/out/ru-repro-43uqhx89/j4/src/MEMM/EMM/EMMLIB.LIB
cd /Users/ddanila/fun/msdos/out/ru-repro-43uqhx89/j4/src/MEMM/EMM && /Users/ddanila/fun/msdos/out/ru-repro-43uqhx89/j4/bin/wlib "EMMLIB+EMMDATA.OBJ,;"
... for DOS Version 6.22 ...
... for DOS Version 6.22 ...
... Including message Class A
... Including message Class B
... Including message Class 1
... Including message Class 2
cd /Users/ddanila/fun/msdos/out/ru-repro-43uqhx89/j4/src/BOOT && /Users/ddanila/fun/msdos/out/ru-repro-43uqhx89/j4/bin/wlink "MSBOOT;"
cd /Users/ddanila/fun/msdos/out/ru-repro-43uqhx89/j4/src/BIOS && /Users/ddanila/fun/msdos/out/ru-repro-43uqhx89/j4/bin/wlink "MSLOAD.OBJ,MSLOAD,,;"
# Preserve JWasm's historical group order because resident utilities replicate
# offsets into DOSGROUP rather than discovering them dynamically.
cd /Users/ddanila/fun/msdos/out/ru-repro-43uqhx89/j4/src/DOS && /Users/ddanila/fun/msdos/out/ru-repro-43uqhx89/j4/bin/wlink "@MSDOS.LNK"
cd /Users/ddanila/fun/msdos/out/ru-repro-43uqhx89/j4/src/CMD/COMMAND && /Users/ddanila/fun/msdos/out/ru-repro-43uqhx89/j4/bin/jwasm-masm "-Mx -t -I. -ID:\\TOOLS\\INC -I..\\..\\INC -I..\\..\\DOS" "RDATA.ASM,RDATA.OBJ;"
Warning! W1014: stack segment not found
Warning! W1023: no starting address found, using 0000:0000
Warning! W1014: stack segment not found
cd /Users/ddanila/fun/msdos/out/ru-repro-43uqhx89/j4/src/CMD/FORMAT && /Users/ddanila/fun/msdos/out/ru-repro-43uqhx89/j4/bin/wlink "@FORMAT.LNK"
cd /Users/ddanila/fun/msdos/out/ru-repro-43uqhx89/j4/src/CMD/CHKDSK && /Users/ddanila/fun/msdos/out/ru-repro-43uqhx89/j4/bin/wlink "@CHKDSK.LNK"
Warning! W1014: stack segment not found
Warning! W1023: no starting address found, using 0000:0000
cd /Users/ddanila/fun/msdos/out/ru-repro-43uqhx89/j4/src/CMD/DEBUG && /Users/ddanila/fun/msdos/out/ru-repro-43uqhx89/j4/bin/wlink "@DEBUG.LNK"
... CLONE version build switch on ...
... for DOS Version 6.22 ...
... Including message Class A
... Including message Class 3
... Including message Class 4
... Including message Class D
... Including message Class C
... Including message Class E
cd /Users/ddanila/fun/msdos/out/ru-repro-43uqhx89/j4/src/CMD/MEM && /Users/ddanila/fun/msdos/out/ru-repro-43uqhx89/j4/bin/wlink "MEM.OBJ+XMSINFO.OBJ+_MSGRET.OBJ+_PARSE.OBJ,MEM.EXE,,clibs.lib;"
cd /Users/ddanila/fun/msdos/out/ru-repro-43uqhx89/j4/src/CMD/FDISK && /Users/ddanila/fun/msdos/out/ru-repro-43uqhx89/j4/bin/wlink "FDBOOT;"
cd /Users/ddanila/fun/msdos/out/ru-repro-43uqhx89/j4/src/CMD/MORE && /Users/ddanila/fun/msdos/out/ru-repro-43uqhx89/j4/bin/wlink "@MORE.LNK"
Error! E2030: file DEBCOM1.obj(DEBCOM1.obj): multiple starting addresses found, already defined in DEBUG.obj(DEBUG.obj)
Error! E2030: file DEBCOM2.obj(DEBCOM2.obj): multiple starting addresses found, already defined in DEBUG.obj(DEBUG.obj)
Error! E2030: file DEBCOM3.obj(DEBCOM3.obj): multiple starting addresses found, already defined in DEBUG.obj(DEBUG.obj)
Error! E2030: file DEBASM.obj(DEBASM.obj): multiple starting addresses found, already defined in DEBUG.obj(DEBUG.obj)
Error! E2030: file DEBUASM.obj(DEBUASM.obj): multiple starting addresses found, already defined in DEBUG.obj(DEBUG.obj)
Error! E2030: file DEBEMS.obj(DEBEMS.obj): multiple starting addresses found, already defined in DEBUG.obj(DEBUG.obj)
cd /Users/ddanila/fun/msdos/out/ru-repro-43uqhx89/j4/src/CMD/SORT && /Users/ddanila/fun/msdos/out/ru-repro-43uqhx89/j4/bin/wlink "SORT+SORTMES,SORT.EXE;"
cd /Users/ddanila/fun/msdos/out/ru-repro-43uqhx89/j4/src/CMD/LABEL && /Users/ddanila/fun/msdos/out/ru-repro-43uqhx89/j4/bin/wlink "@LABEL.LNK"
Warning! W1014: stack segment not found
Warning! W1014: stack segment not found
Warning! W1023: no starting address found, using 0000:0000
cd /Users/ddanila/fun/msdos/out/ru-repro-43uqhx89/j4/src/CMD/FIND && /Users/ddanila/fun/msdos/out/ru-repro-43uqhx89/j4/bin/wlink "FIND+FINDMES,FIND.EXE/EX;"
cd /Users/ddanila/fun/msdos/out/ru-repro-43uqhx89/j4/src/CMD/TREE && /Users/ddanila/fun/msdos/out/ru-repro-43uqhx89/j4/bin/wlink "@TREE.LNK"
/Users/ddanila/fun/msdos/out/ru-repro-43uqhx89/j4/bin/exefix /Users/ddanila/fun/msdos/out/ru-repro-43uqhx89/j4/src/CMD/SORT/SORT.EXE 1 1
Warning! W1014: stack segment not found
cd /Users/ddanila/fun/msdos/out/ru-repro-43uqhx89/j4/src/CMD/COMP && /Users/ddanila/fun/msdos/out/ru-repro-43uqhx89/j4/bin/wlink "@COMP.LNK"
Warning! W1014: stack segment not found
/Users/ddanila/fun/msdos/out/ru-repro-43uqhx89/j4/bin/fix-exepack /Users/ddanila/fun/msdos/out/ru-repro-43uqhx89/j4/src/CMD/FIND/FIND.EXE
cd /Users/ddanila/fun/msdos/out/ru-repro-43uqhx89/j4/src/CMD/ATTRIB && /Users/ddanila/fun/msdos/out/ru-repro-43uqhx89/j4/bin/wlink "ATTRIB.OBJ+PSPBYTE.OBJ+CRITERR.OBJ+_PARSE.OBJ+_MSGRET.OBJ,ATTRIB.EXE,,;"
Warning! W1014: stack segment not found
cd /Users/ddanila/fun/msdos/out/ru-repro-43uqhx89/j4/src/CMD/EDLIN && /Users/ddanila/fun/msdos/out/ru-repro-43uqhx89/j4/bin/wlink "@EDLIN.LNK"
cd /Users/ddanila/fun/msdos/out/ru-repro-43uqhx89/j4/src/CMD/NLSFUNC && /Users/ddanila/fun/msdos/out/ru-repro-43uqhx89/j4/bin/wlink "NLSFUNC+NLSPARM;"
cd /Users/ddanila/fun/msdos/out/ru-repro-43uqhx89/j4/src/CMD/ASSIGN && /Users/ddanila/fun/msdos/out/ru-repro-43uqhx89/j4/bin/wlink "ASSGMAIN.OBJ+ASSGPARM.OBJ,ASSIGN,,;"
cd /Users/ddanila/fun/msdos/out/ru-repro-43uqhx89/j4/src/CMD/XCOPY && /Users/ddanila/fun/msdos/out/ru-repro-43uqhx89/j4/bin/wlink "@XCOPY.LNK"
Warning! W1014: stack segment not found
cd /Users/ddanila/fun/msdos/out/ru-repro-43uqhx89/j4/src/CMD/DISKCOMP && /Users/ddanila/fun/msdos/out/ru-repro-43uqhx89/j4/bin/wlink "@DISKCOMP.LNK"
cd /Users/ddanila/fun/msdos/out/ru-repro-43uqhx89/j4/src/CMD/DISKCOPY && /Users/ddanila/fun/msdos/out/ru-repro-43uqhx89/j4/bin/wlink "@DISKCOPY.LNK"
Warning! W1014: stack segment not found
cd /Users/ddanila/fun/msdos/out/ru-repro-43uqhx89/j4/src/CMD/APPEND && /Users/ddanila/fun/msdos/out/ru-repro-43uqhx89/j4/bin/wlink "APPEND;"
exefix: /Users/ddanila/fun/msdos/out/ru-repro-43uqhx89/j4/src/CMD/SORT/SORT.EXE MINALLOC 0x0000â†’0x0001 MAXALLOC 0xffffâ†’0x0001
cd /Users/ddanila/fun/msdos/out/ru-repro-43uqhx89/j4/src/CMD/RECOVER && /Users/ddanila/fun/msdos/out/ru-repro-43uqhx89/j4/bin/wlink "@RECOVER.LNK"
Warning! W1014: stack segment not found
cd /Users/ddanila/fun/msdos/out/ru-repro-43uqhx89/j4/src/CMD/FASTOPEN && /Users/ddanila/fun/msdos/out/ru-repro-43uqhx89/j4/bin/wlink "@FASTOPEN.LNK"
cd /Users/ddanila/fun/msdos/out/ru-repro-43uqhx89/j4/src/CMD/PRINT && /Users/ddanila/fun/msdos/out/ru-repro-43uqhx89/j4/bin/wlink "@PRINT.LNK"
cd /Users/ddanila/fun/msdos/out/ru-repro-43uqhx89/j4/src/CMD/FILESYS && /Users/ddanila/fun/msdos/out/ru-repro-43uqhx89/j4/bin/wlink "FILESYS.OBJ+_PARSE.OBJ+_MSGRET.OBJ,FILESYS.EXE,,; /NOI"
cd /Users/ddanila/fun/msdos/out/ru-repro-43uqhx89/j4/src/CMD/REPLACE && /Users/ddanila/fun/msdos/out/ru-repro-43uqhx89/j4/bin/wlink "REPLACE.OBJ+OWCOMSUB.OBJ+_REPLACE.OBJ+_MSGRET.OBJ+_PARSE.OBJ,REPLACE.EXE,,..\\..\\MAPPER\\MAPPER.LIB;"
cd /Users/ddanila/fun/msdos/out/ru-repro-43uqhx89/j4/src/CMD/JOIN && /Users/ddanila/fun/msdos/out/ru-repro-43uqhx89/j4/bin/wlink "JOIN.OBJ+OWCOMSUB.OBJ+..\\..\\INC\\OWERRTST.OBJ+..\\..\\INC\\OWSYSVAR.OBJ+..\\..\\INC\\OWCDS.OBJ+..\\..\\INC\\OWDPB.OBJ+_MSGRET.OBJ+_PARSE.OBJ,JOIN.EXE,,..\\..\\MAPPER\\MAPPER.LIB+clibs.lib;"
cd /Users/ddanila/fun/msdos/out/ru-repro-43uqhx89/j4/src/CMD/SUBST && /Users/ddanila/fun/msdos/out/ru-repro-43uqhx89/j4/bin/wlink "SUBST.OBJ+OWCOMSUB.OBJ+..\\..\\INC\\OWERRTST.OBJ+..\\..\\INC\\OWSYSVAR.OBJ+..\\..\\INC\\OWCDS.OBJ+..\\..\\INC\\OWDPB.OBJ+_MSGRET.OBJ+_PARSE.OBJ,SUBST.EXE,,..\\..\\MAPPER\\MAPPER.LIB+clibs.lib;"
cd /Users/ddanila/fun/msdos/out/ru-repro-43uqhx89/j4/src/CMD/BACKUP && /Users/ddanila/fun/msdos/out/ru-repro-43uqhx89/j4/bin/wlink "BACKUP.OBJ+OWCOMSUB.OBJ+_PARSE.OBJ+_MSGRET.OBJ,BACKUP.EXE,,..\\..\\MAPPER\\MAPPER.LIB;"
Warning! W1027: file ../../INC/OWERRTST.OBJ(../../INC/OWERRTST.OBJ): redefinition of _outregs ignored
Warning! W1027: file ../../INC/OWERRTST.OBJ(../../INC/OWERRTST.OBJ): redefinition of _inregs ignored
cd /Users/ddanila/fun/msdos/out/ru-repro-43uqhx89/j4/src/CMD/RESTORE && /Users/ddanila/fun/msdos/out/ru-repro-43uqhx89/j4/bin/wlink "/STACK:50000 RESTORE.OBJ+RESTPARS.OBJ+RTT1.OBJ+RTT3.OBJ+RTDO.OBJ+RTDO1.OBJ+RTOLD.OBJ+RTOLD1.OBJ+RTNEW.OBJ+RTNEW1.OBJ+RTFILE.OBJ+RTFILE1.OBJ+OWCOMSUB.OBJ+OWDOSFS.OBJ+_PARSE.OBJ+_MSGRET.OBJ,RESTORE.EXE,,..\\..\\MAPPER\\MAPPER.LIB;"
Warning! W1027: file ../../INC/OWERRTST.OBJ(../../INC/OWERRTST.OBJ): redefinition of _outregs ignored
Warning! W1027: file ../../INC/OWERRTST.OBJ(../../INC/OWERRTST.OBJ): redefinition of _inregs ignored
cd /Users/ddanila/fun/msdos/out/ru-repro-43uqhx89/j4/src/CMD/GRAFTABL && /Users/ddanila/fun/msdos/out/ru-repro-43uqhx89/j4/bin/wlink "@GRAFTABL.LNK"
fix-exepack: /Users/ddanila/fun/msdos/out/ru-repro-43uqhx89/j4/src/CMD/FIND/FIND.EXE is not EXEPACK or already fixed
cd /Users/ddanila/fun/msdos/out/ru-repro-43uqhx89/j4/src/CMD/KEYB && /Users/ddanila/fun/msdos/out/ru-repro-43uqhx89/j4/bin/wlink "@KEYB.LNK"
cd /Users/ddanila/fun/msdos/out/ru-repro-43uqhx89/j4/src/CMD/BACKUP && /Users/ddanila/fun/msdos/out/ru-repro-43uqhx89/j4/bin/convert "BACKUP.EXE BACKUP.COM"
cd /Users/ddanila/fun/msdos/out/ru-repro-43uqhx89/j4/src/CMD/RESTORE && /Users/ddanila/fun/msdos/out/ru-repro-43uqhx89/j4/bin/convert "RESTORE.EXE RESTORE.COM"
Warning! W1014: stack segment not found
Warning! W1014: stack segment not found
cd /Users/ddanila/fun/msdos/out/ru-repro-43uqhx89/j4/src/CMD/GRAFTABL && /Users/ddanila/fun/msdos/out/ru-repro-43uqhx89/j4/bin/exe2bin "GRAFTABL.EXE GRAFTABL.COM"
cd /Users/ddanila/fun/msdos/out/ru-repro-43uqhx89/j4/src/CMD/KEYB && /Users/ddanila/fun/msdos/out/ru-repro-43uqhx89/j4/bin/exe2bin "KEYB.EXE KEYB.COM"
cd /Users/ddanila/fun/msdos/out/ru-repro-43uqhx89/j4/src/CMD/SHARE && /Users/ddanila/fun/msdos/out/ru-repro-43uqhx89/j4/bin/wlink "@SHARE.LNK"
cd /Users/ddanila/fun/msdos/out/ru-repro-43uqhx89/j4/src/CMD/EXE2BIN && /Users/ddanila/fun/msdos/out/ru-repro-43uqhx89/j4/bin/wlink "@EXE2BIN.LNK"
/Users/ddanila/fun/msdos/out/ru-repro-43uqhx89/j4/bin/fix-exepack /Users/ddanila/fun/msdos/out/ru-repro-43uqhx89/j4/src/CMD/EXE2BIN/EXE2BIN.EXE
cd /Users/ddanila/fun/msdos/out/ru-repro-43uqhx89/j4/src/CMD/GRAPHICS && /Users/ddanila/fun/msdos/out/ru-repro-43uqhx89/j4/bin/wlink "@GRAPHICS.LNK"
fix-exepack: /Users/ddanila/fun/msdos/out/ru-repro-43uqhx89/j4/src/CMD/EXE2BIN/EXE2BIN.EXE is not EXEPACK or already fixed
cd /Users/ddanila/fun/msdos/out/ru-repro-43uqhx89/j4/src/CMD/IFSFUNC && /Users/ddanila/fun/msdos/out/ru-repro-43uqhx89/j4/bin/wlink "@IFSFUNC.LNK"
Warning! W1014: stack segment not found
cd /Users/ddanila/fun/msdos/out/ru-repro-43uqhx89/j4/src/CMD/GRAPHICS && /Users/ddanila/fun/msdos/out/ru-repro-43uqhx89/j4/bin/exe2bin "GRAPHICS.EXE GRAPHICS.COM"
/Users/ddanila/fun/msdos/out/ru-repro-43uqhx89/j4/bin/fix-exepack /Users/ddanila/fun/msdos/out/ru-repro-43uqhx89/j4/src/CMD/IFSFUNC/IFSFUNC.EXE
cd /Users/ddanila/fun/msdos/out/ru-repro-43uqhx89/j4/src/CMD/MODE && /Users/ddanila/fun/msdos/out/ru-repro-43uqhx89/j4/bin/wlink "@MODE.LNK"
cd /Users/ddanila/fun/msdos/out/ru-repro-43uqhx89/j4/src/CMD/SETVER && /Users/ddanila/fun/msdos/out/ru-repro-43uqhx89/j4/bin/exe2bin "SETVERU.EXE SETVER.COM"
cd /Users/ddanila/fun/msdos/out/ru-repro-43uqhx89/j4/src/CMD/SETVER && /Users/ddanila/fun/msdos/out/ru-repro-43uqhx89/j4/bin/exe2bin "SETVERD.EXE SETVER.EXE"
fix-exepack: /Users/ddanila/fun/msdos/out/ru-repro-43uqhx89/j4/src/CMD/IFSFUNC/IFSFUNC.EXE is not EXEPACK or already fixed
cd /Users/ddanila/fun/msdos/out/ru-repro-43uqhx89/j4/src/CMD/DOSKEY && /Users/ddanila/fun/msdos/out/ru-repro-43uqhx89/j4/bin/exe2bin "DOSKEY.EXE DOSKEY.COM"
cd /Users/ddanila/fun/msdos/out/ru-repro-43uqhx89/j4/src/CMD/HELP && /Users/ddanila/fun/msdos/out/ru-repro-43uqhx89/j4/bin/exe2bin "FASTHELPU.EXE FASTHELP.COM"
cd /Users/ddanila/fun/msdos/out/ru-repro-43uqhx89/j4/src/CMD/MIRROR && /Users/ddanila/fun/msdos/out/ru-repro-43uqhx89/j4/bin/convert "MIRROR.EXE MIRROR.COM"
cd /Users/ddanila/fun/msdos/out/ru-repro-43uqhx89/j4/src/CMD/UNFORMAT && /Users/ddanila/fun/msdos/out/ru-repro-43uqhx89/j4/bin/convert "UNFORMAT.EXE UNFORMAT.COM"
Warning! W1014: stack segment not found
cd /Users/ddanila/fun/msdos/out/ru-repro-43uqhx89/j4/src/CMD/MODE && /Users/ddanila/fun/msdos/out/ru-repro-43uqhx89/j4/bin/exe2bin "MODE.EXE MODE.COM"
cd /Users/ddanila/fun/msdos/out/ru-repro-43uqhx89/j4/src/CMD/UNDELETE && /Users/ddanila/fun/msdos/out/ru-repro-43uqhx89/j4/bin/convert "UNDELETE.EXE UNDELETE.COM"
cd /Users/ddanila/fun/msdos/out/ru-repro-43uqhx89/j4/src/CMD/CHOICE && /Users/ddanila/fun/msdos/out/ru-repro-43uqhx89/j4/bin/convert "CHOICE.EXE CHOICE.COM"
cd /Users/ddanila/fun/msdos/out/ru-repro-43uqhx89/j4/src/CMD/LOADFIX && /Users/ddanila/fun/msdos/out/ru-repro-43uqhx89/j4/bin/convert "LOADFIX.EXE LOADFIX.COM"
cd /Users/ddanila/fun/msdos/out/ru-repro-43uqhx89/j4/src/CMD/MSCDEX && /Users/ddanila/fun/msdos/out/ru-repro-43uqhx89/j4/bin/exe2bin "MSCDEXD.EXE MSCDEX.EXE"
cd /Users/ddanila/fun/msdos/out/ru-repro-43uqhx89/j4/src/CMD/INTERSVR && /Users/ddanila/fun/msdos/out/ru-repro-43uqhx89/j4/bin/wlink "INTERSVR.OBJ,INTERSVR.EXE;"
cd /Users/ddanila/fun/msdos/out/ru-repro-43uqhx89/j4/src/DEV/DRIVER && /Users/ddanila/fun/msdos/out/ru-repro-43uqhx89/j4/bin/wlink "@DRIVER.LNK"
cd /Users/ddanila/fun/msdos/out/ru-repro-43uqhx89/j4/src/DEV/ANSI && /Users/ddanila/fun/msdos/out/ru-repro-43uqhx89/j4/bin/wlink "@ANSI.LNK"
cd /Users/ddanila/fun/msdos/out/ru-repro-43uqhx89/j4/src/DEV/VDISK && /Users/ddanila/fun/msdos/out/ru-repro-43uqhx89/j4/bin/wlink "@VDISK.LNK"
Warning! W1014: stack segment not found
Warning! W1023: no starting address found, using 0000:0000
Warning! W1014: stack segment not found
Warning! W1023: no starting address found, using 0000:0000
Warning! W1014: stack segment not found
Warning! W1023: no starting address found, using 0000:0000
cd /Users/ddanila/fun/msdos/out/ru-repro-43uqhx89/j4/src/DEV/COUNTRY && /Users/ddanila/fun/msdos/out/ru-repro-43uqhx89/j4/bin/mkcntry MKCNTRY.EXE COUNTRY.SYS
cd /Users/ddanila/fun/msdos/out/ru-repro-43uqhx89/j4/src/DEV/RAMDRIVE && /Users/ddanila/fun/msdos/out/ru-repro-43uqhx89/j4/bin/exe2bin "RAMDRIVE.EXE RAMDRIVE.SYS"
cd /Users/ddanila/fun/msdos/out/ru-repro-43uqhx89/j4/src/DEV/KEYBOARD && /Users/ddanila/fun/msdos/out/ru-repro-43uqhx89/j4/bin/exe2bin "KEYBOARD.EXE KEYBOARD.SYS"
cd /Users/ddanila/fun/msdos/out/ru-repro-43uqhx89/j4/src/DEV/PRINTER && /Users/ddanila/fun/msdos/out/ru-repro-43uqhx89/j4/bin/wlink "@PRINTER.LNK"
cd /Users/ddanila/fun/msdos/out/ru-repro-43uqhx89/j4/src/DEV/DISPLAY && /Users/ddanila/fun/msdos/out/ru-repro-43uqhx89/j4/bin/wlink "@DISPLAY.LNK"
cd /Users/ddanila/fun/msdos/out/ru-repro-43uqhx89/j4/src/DEV/XMA2EMS && /Users/ddanila/fun/msdos/out/ru-repro-43uqhx89/j4/bin/wlink "XMA2EMS;"
Warning! W1014: stack segment not found
Warning! W1023: no starting address found, using 0000:0000
cd /Users/ddanila/fun/msdos/out/ru-repro-43uqhx89/j4/src/DEV/XMAEM && /Users/ddanila/fun/msdos/out/ru-repro-43uqhx89/j4/bin/wlink "@XMAEM.LNK"
Warning! W1014: stack segment not found
Warning! W1014: stack segment not found
Warning! W1023: no starting address found, using 0000:0000
cd /Users/ddanila/fun/msdos/out/ru-repro-43uqhx89/j4/src/DEV/DISPLAY/EGA && /Users/ddanila/fun/msdos/out/ru-repro-43uqhx89/j4/bin/exe2bin "CPI-HEAD.EXE EGA.CPI"
cd /Users/ddanila/fun/msdos/out/ru-repro-43uqhx89/j4/src/DEV/DISPLAY/LCD && /Users/ddanila/fun/msdos/out/ru-repro-43uqhx89/j4/bin/exe2bin "FONT-R3.EXE LCD.CPI"
Warning! W1014: stack segment not found
Warning! W1023: no starting address found, using 0000:0000
cd /Users/ddanila/fun/msdos/out/ru-repro-43uqhx89/j4/src/DEV/PRINTER/5202 && /Users/ddanila/fun/msdos/out/ru-repro-43uqhx89/j4/bin/exe2bin "5202.EXE 5202.CPI"
cd /Users/ddanila/fun/msdos/out/ru-repro-43uqhx89/j4/src/SELECT && /Users/ddanila/fun/msdos/out/ru-repro-43uqhx89/j4/bin/wlink "SSTUB;"
cd /Users/ddanila/fun/msdos/out/ru-repro-43uqhx89/j4/src/SELECT && /Users/ddanila/fun/msdos/out/ru-repro-43uqhx89/j4/bin/wlink "@SEL-PAN.LNK"
cd /Users/ddanila/fun/msdos/out/ru-repro-43uqhx89/j4/src/MEMM/MEMM && /Users/ddanila/fun/msdos/out/ru-repro-43uqhx89/j4/bin/wlink "/NOI /PACKDATA:1 @EMM386.LNK"
Warning! W1014: stack segment not found
Warning! W1014: stack segment not found
Warning! W1023: no starting address found, using 0000:0000
cd /Users/ddanila/fun/msdos/out/ru-repro-43uqhx89/j4/src/BOOT && /Users/ddanila/fun/msdos/out/ru-repro-43uqhx89/j4/bin/exe2bin "MSBOOT.EXE MSBOOT.BIN"
cd /Users/ddanila/fun/msdos/out/ru-repro-43uqhx89/j4/src/BIOS && /Users/ddanila/fun/msdos/out/ru-repro-43uqhx89/j4/bin/exe2bin "MSLOAD.EXE MSLOAD.COM"
Warning! W1080: file rrtrap.obj is a 32-bit object file
Warning! W1080: file vmtrap.obj is a 32-bit object file
Warning! W1080: file rrtraphi.obj is a 32-bit object file
Warning! W1080: file initepg.obj is a 32-bit object file
Warning! W1080: file vminit.obj is a 32-bit object file
Warning! W1080: file em286ll.obj is a 32-bit object file
cd /Users/ddanila/fun/msdos/out/ru-repro-43uqhx89/j4/src/DOS && /Users/ddanila/fun/msdos/out/ru-repro-43uqhx89/j4/bin/exe2bin "MSDOS.EXE MSDOS.SYS"
cd /Users/ddanila/fun/msdos/out/ru-repro-43uqhx89/j4/src/CMD/COMMAND && /Users/ddanila/fun/msdos/out/ru-repro-43uqhx89/j4/bin/wlink "@COMMAND.LNK"
cd /Users/ddanila/fun/msdos/out/ru-repro-43uqhx89/j4/src/CMD/FORMAT && /Users/ddanila/fun/msdos/out/ru-repro-43uqhx89/j4/bin/convert "FORMAT.EXE"
cd /Users/ddanila/fun/msdos/out/ru-repro-43uqhx89/j4/src/CMD/CHKDSK && /Users/ddanila/fun/msdos/out/ru-repro-43uqhx89/j4/bin/convert "CHKDSK.EXE"
cd /Users/ddanila/fun/msdos/out/ru-repro-43uqhx89/j4/src/CMD/DEBUG && /Users/ddanila/fun/msdos/out/ru-repro-43uqhx89/j4/bin/convert "DEBUG.EXE"
Warning! W1014: stack segment not found
cd /Users/ddanila/fun/msdos/out/ru-repro-43uqhx89/j4/src/CMD/FDISK && /Users/ddanila/fun/msdos/out/ru-repro-43uqhx89/j4/bin/exe2bin "FDBOOT.EXE FDBOOT.BIN"
cd /Users/ddanila/fun/msdos/out/ru-repro-43uqhx89/j4/src/CMD/MORE && /Users/ddanila/fun/msdos/out/ru-repro-43uqhx89/j4/bin/exe2bin "MORE.EXE MORE.COM"
cd /Users/ddanila/fun/msdos/out/ru-repro-43uqhx89/j4/src/CMD/LABEL && /Users/ddanila/fun/msdos/out/ru-repro-43uqhx89/j4/bin/exe2bin "LABEL.EXE LABEL.COM"
cd /Users/ddanila/fun/msdos/out/ru-repro-43uqhx89/j4/src/CMD/TREE && /Users/ddanila/fun/msdos/out/ru-repro-43uqhx89/j4/bin/exe2bin "TREE.EXE TREE.COM"
cd /Users/ddanila/fun/msdos/out/ru-repro-43uqhx89/j4/src/CMD/COMP && /Users/ddanila/fun/msdos/out/ru-repro-43uqhx89/j4/bin/exe2bin "COMP.EXE COMP.COM"
cd /Users/ddanila/fun/msdos/out/ru-repro-43uqhx89/j4/src/CMD/EDLIN && /Users/ddanila/fun/msdos/out/ru-repro-43uqhx89/j4/bin/convert "EDLIN.EXE"
cd /Users/ddanila/fun/msdos/out/ru-repro-43uqhx89/j4/src/CMD/ASSIGN && /Users/ddanila/fun/msdos/out/ru-repro-43uqhx89/j4/bin/exe2bin "ASSIGN.EXE ASSIGN.COM"
cd /Users/ddanila/fun/msdos/out/ru-repro-43uqhx89/j4/src/CMD/DISKCOMP && /Users/ddanila/fun/msdos/out/ru-repro-43uqhx89/j4/bin/exe2bin "DISKCOMP.EXE DISKCOMP.COM"
cd /Users/ddanila/fun/msdos/out/ru-repro-43uqhx89/j4/src/CMD/DISKCOPY && /Users/ddanila/fun/msdos/out/ru-repro-43uqhx89/j4/bin/exe2bin "DISKCOPY.EXE DISKCOPY.COM"
cd /Users/ddanila/fun/msdos/out/ru-repro-43uqhx89/j4/src/CMD/RECOVER && /Users/ddanila/fun/msdos/out/ru-repro-43uqhx89/j4/bin/convert "RECOVER.EXE"
cd /Users/ddanila/fun/msdos/out/ru-repro-43uqhx89/j4/src/CMD/PRINT && /Users/ddanila/fun/msdos/out/ru-repro-43uqhx89/j4/bin/convert "PRINT.EXE"
cd /Users/ddanila/fun/msdos/out/ru-repro-43uqhx89/j4/src/DEV/DRIVER && /Users/ddanila/fun/msdos/out/ru-repro-43uqhx89/j4/bin/exe2bin "DRIVER.EXE DRIVER.SYS"
cd /Users/ddanila/fun/msdos/out/ru-repro-43uqhx89/j4/src/DEV/ANSI && /Users/ddanila/fun/msdos/out/ru-repro-43uqhx89/j4/bin/exe2bin "ANSI.EXE ANSI.SYS"
cd /Users/ddanila/fun/msdos/out/ru-repro-43uqhx89/j4/src/DEV/VDISK && /Users/ddanila/fun/msdos/out/ru-repro-43uqhx89/j4/bin/exe2bin "VDISK.EXE VDISK.SYS"
cd /Users/ddanila/fun/msdos/out/ru-repro-43uqhx89/j4/src/DEV/PRINTER && /Users/ddanila/fun/msdos/out/ru-repro-43uqhx89/j4/bin/exe2bin "PRINTER.EXE PRINTER.SYS" <ZERO.DAT
cd /Users/ddanila/fun/msdos/out/ru-repro-43uqhx89/j4/src/DEV/DISPLAY && /Users/ddanila/fun/msdos/out/ru-repro-43uqhx89/j4/bin/exe2bin "DISPLAY.EXE DISPLAY.SYS" <ZERO.DAT
cd /Users/ddanila/fun/msdos/out/ru-repro-43uqhx89/j4/src/DEV/XMA2EMS && /Users/ddanila/fun/msdos/out/ru-repro-43uqhx89/j4/bin/exe2bin "XMA2EMS.EXE XMA2EMS.SYS"
cd /Users/ddanila/fun/msdos/out/ru-repro-43uqhx89/j4/src/SELECT && /Users/ddanila/fun/msdos/out/ru-repro-43uqhx89/j4/bin/exe2bin "SSTUB.EXE SELECT.COM"
cd /Users/ddanila/fun/msdos/out/ru-repro-43uqhx89/j4/src/SELECT && /Users/ddanila/fun/msdos/out/ru-repro-43uqhx89/j4/bin/exe2bin "SEL-PAN.EXE SEL-PAN.DAT"
cd /Users/ddanila/fun/msdos/out/ru-repro-43uqhx89/j4/src/BOOT && /Users/ddanila/fun/msdos/out/ru-repro-43uqhx89/j4/bin/dbof "MSBOOT.BIN BOOT.INC 7c00 200"
python3 tools/gen_dos_copy_size.py /Users/ddanila/fun/msdos/out/ru-repro-43uqhx89/j4/src/DOS/MSDOS.SYS /Users/ddanila/fun/msdos/out/ru-repro-43uqhx89/j4/src/BIOS/DOSCOPY.INC
cd /Users/ddanila/fun/msdos/out/ru-repro-43uqhx89/j4/src/CMD/COMMAND && /Users/ddanila/fun/msdos/out/ru-repro-43uqhx89/j4/bin/exe2bin "COMMAND.EXE COMMAND.COM"
cd /Users/ddanila/fun/msdos/out/ru-repro-43uqhx89/j4/src/CMD/FDISK && /Users/ddanila/fun/msdos/out/ru-repro-43uqhx89/j4/bin/dbof "FDBOOT.BIN FDBOOT.INC 600 200"
cd /Users/ddanila/fun/msdos/out/ru-repro-43uqhx89/j4/src/SELECT && /Users/ddanila/fun/msdos/out/ru-repro-43uqhx89/j4/bin/compress
cd /Users/ddanila/fun/msdos/out/ru-repro-43uqhx89/j4/src/BIOS && /Users/ddanila/fun/msdos/out/ru-repro-43uqhx89/j4/bin/jwasm-masm "-Mx -t -I. -ID:\\TOOLS\\INC -I..\\INC" "SYSINIT1.ASM,SYSINIT1.OBJ;"
../INC/dosmac.INC(422) : Warning A4149: Too many arguments in macro call: AsmVar: ,$temp
 ../INC/dosmac.INC(422): Included by
  ../INC/smdossym.inc(10): Included by
   SYSINIT1.ASM(33): Main line code
SYSINIT1.ASM(2982) : Warning A4073: Size not specified, assuming: WORD
...SYSINIT1
... for DOS Version 6.22 ...
DOSSYM in Pass 2
BPB.INC...
... CLONE version build switch on ...
DEVSYM.INC...
IOCTL.INC...
BIOSTRUC.INC...
... CLONE version build switch on ...
cd /Users/ddanila/fun/msdos/out/ru-repro-43uqhx89/j4/src/BIOS && /Users/ddanila/fun/msdos/out/ru-repro-43uqhx89/j4/bin/wlink "@MSBIO.LNK"
Warning! W1014: stack segment not found
Warning! W1023: no starting address found, using 0000:0000
cd /Users/ddanila/fun/msdos/out/ru-repro-43uqhx89/j4/src/BIOS && /Users/ddanila/fun/msdos/out/ru-repro-43uqhx89/j4/bin/exe2bin "MSBIO.EXE MSBIO.BIN" <LOCSCR
cat /Users/ddanila/fun/msdos/out/ru-repro-43uqhx89/j4/src/BIOS/MSLOAD.COM /Users/ddanila/fun/msdos/out/ru-repro-43uqhx89/j4/src/BIOS/MSBIO.BIN > /Users/ddanila/fun/msdos/out/ru-repro-43uqhx89/j4/src/BIOS/IO.SYS
cp /Users/ddanila/fun/msdos/out/ru-repro-43uqhx89/j4/src/BOOT/BOOT.INC /Users/ddanila/fun/msdos/out/ru-repro-43uqhx89/j4/src/INC/boot.inc
cd /Users/ddanila/fun/msdos/out/ru-repro-43uqhx89/j4/src/CMD/FDISK && /Users/ddanila/fun/msdos/out/ru-repro-43uqhx89/j4/bin/jwasm-masm "-Mx -t -I. -ID:\\TOOLS\\INC -I..\\..\\INC" "BOOTREC.ASM,BOOTREC.OBJ;"
cd /Users/ddanila/fun/msdos/out/ru-repro-43uqhx89/j4/src/CMD/SYS && /Users/ddanila/fun/msdos/out/ru-repro-43uqhx89/j4/bin/jwasm-masm "-Mx -t -I. -ID:\\TOOLS\\INC -I..\\..\\INC" "SYS1.ASM,SYS1.OBJ;"
cd /Users/ddanila/fun/msdos/out/ru-repro-43uqhx89/j4/src/CMD/FDISK && /Users/ddanila/fun/msdos/out/ru-repro-43uqhx89/j4/bin/wlink "/DOSSEG /MAP /CPA:1000 /SEG:1024 MAIN.OBJ+MAINMENU.OBJ+D_MENUS.OBJ+C_MENUS.OBJ+FDISK.OBJ+REBOOT.OBJ+BOOTREC.OBJ+FDBOOT.OBJ+DISPLAY.OBJ+INPUT.OBJ+TDISPLAY.OBJ+VDISPLAY.OBJ+SPACE.OBJ+PARTINFO.OBJ+VIDEO.OBJ+MAKEPART.OBJ+INT13.OBJ+DISKOUT.OBJ+MESSAGES.OBJ+FDPARSE.OBJ+CONVERT.OBJ+GLOBAL.OBJ+_PARSE.OBJ+_MSGRET.OBJ+FDISKM.OBJ,FDISK.EXE,FDISK.MAP,..\\..\\MAPPER\\MAPPER.LIB+clibs.lib;"
# SELECT.LNK requires a local copy while FDISK owns the single build rule.
cp /Users/ddanila/fun/msdos/out/ru-repro-43uqhx89/j4/src/CMD/FDISK/BOOTREC.OBJ /Users/ddanila/fun/msdos/out/ru-repro-43uqhx89/j4/src/SELECT/BOOTREC.OBJ
../../INC/dosmac.INC(422) : Warning A4149: Too many arguments in macro call: AsmVar: ,$temp
 ../../INC/dosmac.INC(422): Included by
  ../../INC/DOSSYM.INC(11): Included by
   SYSHDR.INC(145): Included by
    SYS1.ASM(2): Main line code
cd /Users/ddanila/fun/msdos/out/ru-repro-43uqhx89/j4/src/SELECT && /Users/ddanila/fun/msdos/out/ru-repro-43uqhx89/j4/bin/wlink "/noe /nofarcalls @SELECT.LNK"
... for DOS Version 6.22 ...
DOSSYM in Pass 2
BPB.INC...
... CLONE version build switch on ...
IOCTL.INC...
BOOTFORM.INC...
COMPONENT=COMMON, MODULE=PATHMAC.INC ...
... CLONE version build switch on ...
... for DOS Version 6.22 ...
cd /Users/ddanila/fun/msdos/out/ru-repro-43uqhx89/j4/src/CMD/SYS && /Users/ddanila/fun/msdos/out/ru-repro-43uqhx89/j4/bin/wlink "@SYS.LNK"
Warning! W1027: file GLOBAL.obj(GLOBAL.obj): redefinition of _OneDiskStatusEntry ignored
Warning! W1027: file INT13.obj(INT13.obj): redefinition of _OneDiskStatusEntry ignored
Warning! W1020: size of group AGROUP exceeds 64k by 41904 bytes
/Users/ddanila/fun/msdos/out/ru-repro-43uqhx89/j4/bin/fix-exepack /Users/ddanila/fun/msdos/out/ru-repro-43uqhx89/j4/src/SELECT/SELECT.EXE
Warning! W1014: stack segment not found
cd /Users/ddanila/fun/msdos/out/ru-repro-43uqhx89/j4/src/CMD/SYS && /Users/ddanila/fun/msdos/out/ru-repro-43uqhx89/j4/bin/exe2bin "SYS.EXE SYS.COM"
fix-exepack: /Users/ddanila/fun/msdos/out/ru-repro-43uqhx89/j4/src/SELECT/SELECT.EXE is not EXEPACK or already fixed
